zpid,address,city,state,zipcode,price,homeType,livingArea,lotAreaValue,bedrooms,bathrooms,yearBuilt,houseAge,monthlyHoaFee,propertyCondition,architecturalStyle,garageSpaces,hasGarage,hasPrivatePool,basementYN,parking,lastSoldPrice,schools_count,schools_max_rating,daysOnZillow,latitude,longitude,furnished,storiesTotal,NearbyAvgPrice,NumSimilarHomesSold,NearbyPricePerSqFt
2075894711,5300 NW 87th Ave #1213,Miami,FL,33178,220000,CONDO,2070.0,,3,4.0,2008,17,3285.0,Updated/Remodeled,,0.0,False,,,N/A,185000.0,3,8,33,25.82071,-80.338165,False,3.0,156766.66666666666,9,177.38554281036866
345389931,8167 NW 41st St #E-410,Miami,FL,33166,529000,CONDO,1124.0,,2,3.0,2022,3,616.0,,,0.0,False,,,N/A,,3,8,12,25.812416,-80.329185,False,4.0,204940.0,5,182.33096085409255
66179113,7803 NW 111th Ct,Doral,FL,33178,1250000,SINGLE_FAMILY,3053.0,6866.0,4,4.0,2006,19,272.0,,,2.0,True,True,,N/A,850000.0,3,7,3,25.844439,-80.377396,False,,905171.4285714285,7,322.86378845966107
103446341,5300 NW 87th Avenue #812,Doral,FL,33178,178991,CONDO,2070.0,0.0,3,4.0,2007,18,3260.0,Resale,"French,Key West",0.0,False,True,,N/A,215000.0,3,8,243,25.826061,-80.33899,False,3.0,148333.33333333334,3,210.4018912529551
162033163,10305 NW 63rd Ter APT 209,Doral,FL,33178,620000,CONDO,1547.0,,3,3.0,2015,10,270.0,,,1.0,True,,,N/A,400000.0,3,7,2,25.83126,-80.36479,False,3.0,515760.0,5,374.82760373303614
449949200,(Undisclosed Address),Miami,FL,33178,720000,TOWNHOUSE,2342.0,,4,4.0,2006,19,299.0,As Is,,1.0,True,,,N/A,,3,7,1,,,False,2.0,795325.0,4,293.38839321408443
103453577,5300 NW 87th Ave UNIT 402,Doral,FL,33178,135000,SINGLE_FAMILY,705.0,,1,1.0,2007,18,1092.0,As Is,,0.0,False,,,N/A,116000.0,3,8,190,25.82035,-80.33788,False,2.0,188200.0,1,175.88785046728972
103431032,5300 NW 87th Ave #915,Doral,FL,33178,110000,CONDO,705.0,,1,1.0,2008,17,1055.0,,,2.0,True,,,N/A,95000.0,3,8,249,25.82071,-80.338165,False,2.0,162612.5,8,180.05518956237398
62939010,4866 NW 114th Ct,Doral,FL,33178,590000,TOWNHOUSE,1533.0,,3,3.0,2000,25,275.0,,,1.0,True,,,N/A,330000.0,3,7,5,25.817762,-80.38237,False,2.0,454875.0,6,280.72055418509126
44144164,9865 NW 30th St,Doral,FL,33172,950000,SINGLE_FAMILY,2580.0,5787.0,4,3.0,1995,30,250.0,,,2.0,True,True,,N/A,548000.0,3,8,11,25.802538,-80.35608,False,,781725.0,8,378.9208995692028
44140642,5100 NW 116th Ct,Doral,FL,33178,599000,TOWNHOUSE,1743.0,,3,3.0,1999,26,300.0,,,0.0,False,,,N/A,152500.0,3,7,26,25.819754,-80.38549,False,2.0,543842.8571428572,7,380.25452531312595
44143743,3480 Torremolinos Ave #A-33,Doral,FL,33178,595000,TOWNHOUSE,1524.0,,3,2.0,1986,39,850.0,,,1.0,True,,,N/A,225000.0,3,8,3,25.806284,-80.36219,False,1.0,555100.0,2,364.23884514435696
72567633,5201 Geneva Way APT 110,Doral,FL,33166,325000,CONDO,1040.0,,2,2.0,1972,53,538.0,,,1.0,True,,,N/A,195000.0,3,8,394,25.818567,-80.32812,False,3.0,220928.57142857142,7,249.5204178537512
448486243,10279 NW 89th Ter #10279,Miami,FL,33178,675000,TOWNHOUSE,1793.0,,4,3.0,2015,10,230.0,,,1.0,True,True,,N/A,,3,7,27,25.854921,-80.3643,False,2.0,609983.3333333334,6,351.5822650790839
2074004411,5300 NW 87th Ave #1313,Miami,FL,33178,239000,CONDO,2070.0,,3,4.0,2008,17,3298.0,,,2.0,True,,,N/A,,3,8,297,25.82071,-80.338165,False,2.0,156766.66666666666,9,177.38554281036866
338742410,6425 NW 103rd Pl #102,Doral,FL,33178,525000,TOWNHOUSE,1315.0,,3,3.0,2021,4,657.0,,,0.0,False,,,N/A,,3,7,161,25.832256,-80.36501,False,3.0,580200.0,2,404.64527669939866
2071281648,5300 NW 87th Ave #1103,Miami,FL,33178,135000,CONDO,705.0,,1,1.0,2008,17,1056.0,,,0.0,False,,,N/A,,3,8,4,25.82071,-80.338165,False,2.0,156766.66666666666,9,177.38554281036866
118914372,1005 NW 100th Ave,Miami,FL,33172,1195000,SINGLE_FAMILY,2391.0,5818.0,4,3.0,2012,13,340.0,New Construction,,2.0,True,True,,N/A,839000.0,3,8,15,25.786743,-80.35888,False,,,0,
123870566,8650 NW 97th Ave UNIT 206,Doral,FL,33178,459999,CONDO,1573.0,,3,3.0,2013,12,544.0,,,0.0,False,,,N/A,300000.0,3,7,4,25.85213,-80.3556,False,3.0,441920.0,5,355.07442979911167
308909518,4760 NW 83rd Pkwy,Doral,FL,33166,670000,TOWNHOUSE,1604.0,,3,3.0,2021,4,192.0,New Construction,,1.0,True,,,N/A,487500.0,3,8,68,25.815828,-80.33288,False,2.0,725912.5,8,403.57295848369745
2052921280,5020 NW 116th Ct #5020,Miami,FL,33178,623000,TOWNHOUSE,1743.0,,3,3.0,2000,25,300.0,Updated/Remodeled,,1.0,True,,,N/A,,3,7,41,25.819178,-80.38547,False,2.0,572000.0,5,344.9325529078857
308905824,4700 NW 83rd Psge,Doral,FL,33178,674900,SINGLE_FAMILY,1424.0,1371.0,3,3.0,2019,6,397.0,,,2.0,True,,,N/A,620000.0,3,8,41,25.814192,-80.33277,False,,,0,
247703332,10419 NW 81st Ter,Doral,FL,33178,815000,TOWNHOUSE,1672.0,,3,3.0,2018,7,335.0,,,2.0,True,,,N/A,400900.0,3,7,4,25.847748,-80.36703,False,2.0,684140.0,5,383.2729337598884
338742637,8301 NW 41st St #B-205,Doral,FL,33166,380000,CONDO,738.0,,1,1.0,2021,4,202.0,,,0.0,False,,,N/A,,3,8,81,25.81234,-80.33124,False,4.0,473428.5714285714,7,368.6045990346478
121993954,11253 NW 88th Ter,Doral,FL,33178,689000,TOWNHOUSE,1935.0,,4,3.0,2014,11,225.0,,,1.0,True,,,N/A,620000.0,3,7,3,25.854134,-80.380226,False,2.0,600414.2857142857,7,337.11803868821204
337202192,4636 NW 84th Ave #47,Doral,FL,33166,475000,CONDO,1129.0,,2,2.0,2019,6,652.0,,,0.0,False,,,N/A,,3,8,194,25.813442,-80.333824,False,4.0,397075.0,8,351.7050487156776
79852173,11102 NW 83rd St APT 216,Doral,FL,33178,385000,CONDO,1385.0,,3,3.0,2006,19,661.0,,,0.0,False,,,N/A,2900.0,3,7,34,25.84824,-80.37781,False,3.0,385075.0,8,278.5602634744878
62925752,4851 NW 112th Ct,Doral,FL,33178,899990,SINGLE_FAMILY,1974.0,5000.0,4,2.0,2000,25,202.0,,,2.0,True,True,,N/A,670000.0,3,7,61,25.817392,-80.37796,False,,848685.7142857143,7,399.40727616210086
64589803,4530 NW 79th Ave APT 2C,Doral,FL,33166,290000,CONDO,1060.0,,2,2.0,1970,55,456.0,,,0.0,False,,,N/A,153000.0,3,8,180,25.81562,-80.32686,False,2.0,272833.3333333333,6,270.27576197387515
122016233,10543 NW 70th Ln,Doral,FL,33178,990000,SINGLE_FAMILY,2890.0,4030.0,4,4.0,2013,12,630.0,,,2.0,True,True,,N/A,79000.0,3,7,17,25.837803,-80.36861,False,,973133.3333333334,6,347.0838686596128
64855853,4530 NW 79th Ave APT 2A,Doral,FL,33166,299000,CONDO,1060.0,,2,2.0,1970,55,529.0,,,0.0,False,,,N/A,223000.0,3,8,103,25.81562,-80.32686,False,2.0,271333.3333333333,6,268.86066763425254
331697144,4745 NW 84th Ct #15,Doral,FL,33166,600000,TOWNHOUSE,1431.0,,3,3.0,2019,6,795.0,,,2.0,True,,,N/A,,3,8,70,25.815754,-80.33488,False,4.0,,0,
62940156,9725 NW 52nd St APT 515,Doral,FL,33178,480000,CONDO,1460.0,,3,2.0,1995,30,616.0,,,0.0,False,,,N/A,290000.0,3,8,71,25.821741,-80.35425,False,5.0,413924.375,8,341.65091719435134
2055098481,10862 NW 78th Ter UNIT 10862,Miami,FL,33178,575000,TOWNHOUSE,1531.0,,3,3.0,2006,19,332.0,,,1.0,True,,,N/A,,3,7,129,25.845182,-80.37359,False,2.0,601083.3333333334,6,348.8998553332992
44141270,9946 NW 49th Ter,Doral,FL,33178,737000,SINGLE_FAMILY,2532.0,5503.0,3,2.0,1986,39,393.0,,,0.0,False,,,N/A,185000.0,3,8,26,25.817854,-80.35868,False,,713458.0,5,346.4423253896934
62937810,10770 NW 66th St APT 203,Doral,FL,33178,529000,CONDO,1710.0,,3,2.0,1999,26,650.0,,,1.0,True,,,N/A,295000.0,3,7,3,25.832756,-80.371475,False,5.0,562000.0,8,286.8771496241376
54695533,5660 NW 115th Ct APT 209,Doral,FL,33178,485000,TOWNHOUSE,1370.0,,3,3.0,1999,26,664.0,,,0.0,False,,,N/A,267000.0,3,7,56,25.824955,-80.38485,False,2.0,490300.0,1,302.65432098765433
70793861,8323 Lake Dr APT 406,Doral,FL,33166,309000,CONDO,1197.0,,2,2.0,1989,36,569.0,,,1.0,True,,,N/A,232900.0,3,8,256,25.818047,-80.33215,False,5.0,217683.33333333334,6,268.7448559670782
156494101,10235 NW 46th St,Doral,FL,33178,670000,TOWNHOUSE,1898.0,,3,3.0,1991,34,511.0,"As Is,Substantially Remodeled",,1.0,True,,,N/A,570000.0,3,8,3,25.81554,-80.36155,False,2.0,596300.0,4,363.16666500984155
83158271,8933 NW 107th Ct UNIT 202,Doral,FL,33178,438990,CONDO,1284.0,,3,3.0,2007,18,498.0,,,0.0,False,,,N/A,365000.0,3,7,83,25.854942,-80.37158,False,3.0,298700.0,4,249.95770542825215
247700963,7825 NW 107th Ave APT 604,Doral,FL,33178,660000,CONDO,1684.0,,3,3.0,2017,8,650.0,,,2.0,True,,,N/A,571500.0,3,7,51,25.844986,-80.37011,False,8.0,432137.5,8,357.0554481256926
62939412,5600 NW 114th Pl APT 103,Doral,FL,33178,395000,CONDO,1260.0,,3,2.0,2000,25,640.0,,,1.0,True,,,N/A,176000.0,3,7,51,25.824556,-80.3822,False,3.0,427600.0,3,319.6419881821342
79855349,4350 NW 107th Ave APT 208,Doral,FL,33178,419000,CONDO,1177.0,,3,2.0,1998,27,628.0,,,1.0,True,True,,N/A,330000.0,3,7,55,25.81381,-80.37191,False,3.0,326500.0,3,402.4709791386272
62939235,5524 NW 112th Pl,Doral,FL,33178,740000,SINGLE_FAMILY,2276.0,2080.0,4,3.0,2001,24,280.0,,,2.0,True,,,N/A,447000.0,3,7,30,25.823465,-80.37918,False,,519400.0,1,225.82608695652175
44144074,9962 Costa Del Sol Blvd UNIT D-88,Doral,FL,33178,564999,TOWNHOUSE,1712.0,,3,3.0,1990,35,866.0,,,1.0,True,,,N/A,,3,8,26,25.806433,-80.358475,False,2.0,554500.0,4,333.94737931415114
343001617,10950 NW 82nd St UNIT 319,Doral,FL,33178,390000,CONDO,1183.0,,2,2.0,2022,3,1000.0,New Construction,,2.0,True,,,N/A,,3,7,411,25.847492,-80.375114,False,0.0,363160.0,8,307.1663973188706
99393308,5300 NW 87th Avenue #511,Doral,FL,33178,150000,CONDO,705.0,0.0,1,1.0,2007,18,1100.0,New Construction,,0.0,False,,,N/A,115000.0,3,8,200,25.826067,-80.339005,False,2.0,157997.0,3,168.3029328125535
62925565,6540 NW 114th Ave APT 1402,Doral,FL,33178,389000,CONDO,1115.0,,2,2.0,2002,23,408.0,,,0.0,False,,,N/A,230000.0,3,7,63,25.833189,-80.38515,False,3.0,381383.3333333333,6,296.83256045006584
2055463415,5300 NW 87th Ave #809,Miami,FL,33178,189500,CONDO,1070.0,,1,2.0,2007,18,,,,0.0,False,,,N/A,,3,8,234,25.82071,-80.338165,False,2.0,156766.66666666666,9,177.38554281036866
44140752,11018 NW 47th Ter,Doral,FL,33178,930000,SINGLE_FAMILY,2498.0,5000.0,4,3.0,2001,24,265.0,,,,False,,,N/A,370000.0,3,7,97,25.81596,-80.37575,False,,878985.5,6,361.083442381145
308905649,8262 NW 46th St,Doral,FL,33166,1184900,SINGLE_FAMILY,2191.0,2709.0,4,4.0,2019,6,235.0,New Construction,,2.0,True,,,N/A,711200.0,3,8,24,25.814384,-80.330666,False,,1013812.5,8,464.0236017391776
2071537438,5300 NW 87th Ave UNIT 908,Miami,FL,33178,209900,SINGLE_FAMILY,1070.0,,1,2.0,2008,17,1600.0,As Is,,0.0,False,,,N/A,210000.0,3,8,517,25.82035,-80.33788,True,2.0,188200.0,1,175.88785046728972
70771840,8290 Lake Dr APT 516,Doral,FL,33166,359000,CONDO,1036.0,,2,2.0,1986,39,493.0,,,2.0,True,,,N/A,355000.0,3,8,14,25.817423,-80.3316,False,5.0,146928.57142857142,7,206.48578731073698
63622635,11265 NW 78th St,Doral,FL,33178,1299000,SINGLE_FAMILY,3138.0,5547.0,5,4.0,2005,20,350.0,,,2.0,True,,,N/A,525900.0,3,7,52,25.844524,-80.37998,False,,947050.0,8,351.88606553770467
247699900,10467 NW 82nd St UNIT 6,Doral,FL,33178,510000,CONDO,1517.0,,3,3.0,2016,9,599.0,,,0.0,False,,,N/A,385000.0,3,7,95,25.849823,-80.36892,False,3.0,498150.0,4,364.41137742931164
118914024,11618 NW 87th Ln,Doral,FL,33178,658971,TOWNHOUSE,1616.0,,3,3.0,2012,13,350.0,,Old Spanish,1.0,True,,,N/A,343000.0,3,7,19,25.852804,-80.38548,False,2.0,623600.0,5,352.71949880700106
70793183,9762 NW 49th Ter #378,Doral,FL,33178,390000,CONDO,1128.0,,2,2.0,1990,35,617.0,,,0.0,False,,,N/A,260000.0,3,8,4,25.818361,-80.35462,False,2.0,353771.4285714286,7,336.21940361319986
2071313976,5300 NW 87th Ave #501,Miami,FL,33178,250000,APARTMENT,1070.0,,1,2.0,2008,17,1700.0,,,,False,,,N/A,222130.0,3,8,33,25.818644,-80.35417,False,,,0,
63834157,7832 NW 113th Pl,Doral,FL,33178,869000,SINGLE_FAMILY,2144.0,5607.0,4,3.0,2004,21,350.0,,Mediterranean,2.0,True,,,N/A,460000.0,3,7,89,25.844952,-80.381676,False,,890657.1428571428,7,341.3423544165625
62938201,6670 NW 114th Ave APT 635,Doral,FL,33178,390000,CONDO,1464.0,,3,2.0,2002,23,408.0,,,2.0,True,,,N/A,225000.0,3,7,82,25.833643,-80.385666,False,3.0,374900.0,7,304.9481228023404
443778312,11401 89th St #213,Miami,FL,33178,398000,CONDO,1256.0,,3,3.0,2010,15,578.0,,,0.0,False,,,N/A,,3,7,129,25.854498,-80.38315,False,2.0,331567.85714285716,7,271.60203690177786
62937570,6216 NW 113th Ct,Doral,FL,33178,1100000,SINGLE_FAMILY,1959.0,7293.0,3,2.0,1997,28,480.0,,,2.0,True,,,N/A,545000.0,3,7,26,25.830248,-80.38142,False,,1148842.857142857,7,395.2793634294074
62938970,4736 NW 114th Ave UNIT 205,Doral,FL,33178,429900,SINGLE_FAMILY,1120.0,,3,2.0,1999,26,361.0,,,0.0,False,,,N/A,389000.0,3,7,161,25.816557,-80.384705,False,2.0,422200.0,1,376.9642857142857
343000772,4353 NW 80 Court,Doral,FL,33166,1350000,SINGLE_FAMILY,3077.0,2806.0,4,4.0,2022,3,389.0,Resale,Contemporary,2.0,True,True,,N/A,1050500.0,3,8,19,25.813574,-80.32789,False,2.0,806233.3333333334,3,308.9691318123517
123868240,8272 NW 33rd Ter,Doral,FL,33122,1972000,SINGLE_FAMILY,4129.0,4730.0,5,6.0,2015,10,585.0,New Construction,,2.0,True,,,N/A,5800.0,3,8,2,25.804699,-80.33112,False,,1421733.3333333333,6,352.5163312509035
54695288,10770 NW 66th St UNIT 110,Doral,FL,33178,546900,CONDO,1710.0,,3,2.0,1999,26,650.0,Substantially Remodeled,,0.0,False,,,N/A,275000.0,3,7,19,25.832607,-80.37176,False,5.0,464442.85714285716,7,266.41256988625406
44143012,4651 NW 94th Ct,Doral,FL,33178,850000,SINGLE_FAMILY,1595.0,4834.0,3,2.0,1998,27,340.0,,,2.0,True,,,N/A,205000.0,3,8,49,25.816042,-80.34977,False,,809057.875,8,386.9875511138145
44141358,10016 NW 51st Ter,Doral,FL,33178,650000,SINGLE_FAMILY,1318.0,3665.0,3,2.0,1987,38,305.0,,,,False,,,N/A,255000.0,3,8,79,25.819784,-80.35803,False,,561642.5,8,402.5956924518776
443598356,11510 NW 50th Ter #1,Miami,FL,33178,623000,TOWNHOUSE,1571.0,,3,3.0,1998,27,300.0,,,1.0,True,,,N/A,,3,7,112,25.8191,-80.38387,False,2.0,511237.14285714284,7,354.220634117754
308909525,4745 NW 83rd Pkwy,Doral,FL,33166,709900,SINGLE_FAMILY,1652.0,1295.0,4,3.0,2021,4,192.0,,,2.0,True,,,N/A,481700.0,3,8,27,25.815823,-80.332634,False,,,0,
123869084,8352 NW 52nd Ter,Doral,FL,33166,950000,TOWNHOUSE,2696.0,,5,4.0,2015,10,430.0,,,2.0,True,,,N/A,630000.0,3,8,37,25.818419,-80.3338,False,3.0,846780.0,5,370.7352911713536
70587947,8290 Lake Dr APT 223,Doral,FL,33166,239900,CONDO,710.0,,1,1.0,1986,39,420.0,,,0.0,False,,,N/A,56000.0,3,8,58,25.817423,-80.3316,False,5.0,163942.85714285713,7,207.7197548223705
308905581,10455 NW 82nd St UNIT 33,Doral,FL,33178,485000,CONDO,1345.0,,3,2.0,2018,7,731.0,,,0.0,False,,,N/A,313000.0,3,7,7,25.84846,-80.368866,False,3.0,503798.1666666667,6,359.09658673766853
44143006,4741 NW 94th Ct,Doral,FL,33178,1145000,SINGLE_FAMILY,2310.0,7480.0,4,3.0,1997,28,340.0,,,2.0,True,,,N/A,375000.0,3,8,23,25.816906,-80.3498,False,,1113078.5,6,405.8437101156538
55103755,11381 NW 73rd Ter,Doral,FL,33178,755000,SINGLE_FAMILY,2105.0,2748.0,4,3.0,2001,24,480.0,,Mediterranean,2.0,True,,,N/A,281500.0,3,7,56,25.840302,-80.382095,False,,770966.6666666666,3,336.3500099777321
247698688,7809 NW 104th Ave APT 32,Doral,FL,33178,475000,CONDO,1410.0,,3,2.0,2016,9,799.0,,,1.0,True,,,N/A,360000.0,3,7,168,25.844696,-80.365395,False,3.0,470971.4285714286,7,368.0383007204431
122017642,11245 NW 88th Ter,Doral,FL,33178,675000,TOWNHOUSE,1888.0,,4,3.0,2014,11,225.0,,,1.0,True,,,N/A,550000.0,3,7,19,25.85413,-80.38002,False,2.0,602414.2857142857,7,336.9110622568564
308906775,4980 NW 83rd Ave,Doral,FL,33166,755000,TOWNHOUSE,1732.0,,4,3.0,2019,6,192.0,,,2.0,True,,,N/A,468500.0,3,8,3,25.816925,-80.33282,False,2.0,700450.0,6,378.17271180816005
247701530,7751 NW 107th Ave APT 522,Doral,FL,33178,377000,CONDO,989.0,,1,2.0,2016,9,799.0,,,1.0,True,,,N/A,283000.0,3,7,13,25.843891,-80.369606,False,8.0,370264.28571428574,7,270.2695625484482
70793569,8225 Lake Dr APT 502,Doral,FL,33166,316000,CONDO,1197.0,,2,2.0,1989,36,569.0,,,0.0,False,,,N/A,92500.0,3,8,58,25.818142,-80.3303,False,5.0,132275.0,8,134.863315696649
44143250,9980 NW 28th Ter,Doral,FL,33172,1195000,SINGLE_FAMILY,2351.0,9760.0,3,3.0,1993,32,,,,2.0,True,,,N/A,365000.0,3,8,42,25.800098,-80.35872,False,,946925.0,8,503.76706481682356
44142352,9755 NW 52nd St APT 401,Doral,FL,33178,505000,CONDO,1460.0,,3,2.0,1994,31,1075.0,,,0.0,False,,,N/A,172000.0,3,8,182,25.823015,-80.35558,False,5.0,265400.0,8,233.41369165303166
62940431,9714 Costa Del Sol Blvd #9714,Doral,FL,33178,649900,TOWNHOUSE,2000.0,,4,3.0,1973,52,880.0,,,0.0,False,,,N/A,335000.0,3,8,102,25.805508,-80.35611,False,1.0,583950.0,2,308.92010221824006
70762919,7807 NW 114th Pl,Doral,FL,33178,635000,TOWNHOUSE,1511.0,,3,3.0,2005,20,398.0,,,1.0,True,,,N/A,325000.0,3,7,25,25.84437,-80.3832,False,2.0,583660.0,5,355.70958279149056
79859513,7340 NW 114th Ave APT 107,Doral,FL,33178,420000,CONDO,1109.0,,3,2.0,2003,22,432.0,,,2.0,True,,,N/A,249000.0,3,7,39,25.839945,-80.38268,False,2.0,377600.0,2,401.626747865138
338742872,8301 NW 41st St #B-204,Doral,FL,33166,488900,CONDO,1124.0,,2,3.0,2021,4,607.0,,,0.0,False,,,N/A,,3,8,9,25.81234,-80.33124,False,4.0,457871.4285714286,7,380.0247042118053
44140807,11512 NW 48th Ter,Doral,FL,33178,610000,TOWNHOUSE,1533.0,,3,3.0,2000,25,,,,1.0,True,,,N/A,132300.0,3,7,32,25.817179,-80.38367,False,2.0,573057.1428571428,7,345.25781118420673
123864455,8760 NW 97th Ave APT 212,Doral,FL,33178,409000,CONDO,1205.0,1205.0,2,3.0,2014,11,544.0,,,,False,,,N/A,270500.0,3,8,10,25.818644,-80.35417,True,,364100.0,1,368.14964610717897
70792229,10775 NW 84th St #531,Doral,FL,33178,575000,TOWNHOUSE,1507.0,,4,3.0,2005,20,321.0,,,2.0,True,,,N/A,295000.0,3,7,196,25.850252,-80.372215,False,2.0,,0,
44142918,9631 NW 45th St,Doral,FL,33178,949000,SINGLE_FAMILY,2996.0,5735.0,4,3.0,2001,24,330.0,,,2.0,True,True,,N/A,275000.0,3,8,13,25.814636,-80.35258,False,,874775.4285714285,7,318.7330510880749
448592422,4575 NW 83rd Pkwy #4575,Miami,FL,33166,670000,TOWNHOUSE,1424.0,,3,3.0,2022,3,406.0,,,2.0,True,,,N/A,,3,8,26,25.814096,-80.33159,False,2.0,709042.8571428572,7,398.34944590274705
122015088,8900 NW 97th Ave APT 213,Doral,FL,33178,429900,CONDO,1335.0,,3,3.0,2013,12,477.0,,,0.0,False,,,N/A,260000.0,3,7,38,25.854317,-80.35503,False,3.0,418300.0,5,319.7497940851943
247701009,7250 NW 103rd Path,Doral,FL,33178,700000,TOWNHOUSE,1743.0,,3,3.0,2017,8,456.0,,,1.0,True,,,N/A,420000.0,3,7,54,25.839518,-80.366035,False,2.0,620342.8571428572,7,335.2369019366146
448439583,7719 NW 116th Path #7719,Miami,FL,33178,629900,TOWNHOUSE,1511.0,,3,3.0,2004,21,430.0,,,1.0,True,,,N/A,,3,7,29,25.84368,-80.38611,False,2.0,553866.6666666666,3,329.3929367804926
331699349,4640 SW 84th Ave APT 41,Doral,FL,33166,530000,CONDO,1129.0,,3,2.0,2020,5,587.0,,,2.0,True,,,N/A,450000.0,3,8,17,25.814026,-80.33436,False,4.0,478800.0,6,363.4670575506234
247699642,8110 NW 104th Ct,Doral,FL,33178,829000,SINGLE_FAMILY,1553.0,2125.0,3,3.0,2019,6,377.0,,,2.0,True,,,N/A,392000.0,3,7,21,25.847155,-80.36719,False,,731500.0,2,410.9595734055146
162031937,10250 NW 75th Ter,Doral,FL,33178,2330000,SINGLE_FAMILY,4628.0,5625.0,5,6.0,2019,6,998.0,,,3.0,True,True,,N/A,1530000.0,3,7,5,25.842247,-80.36406,False,,2083083.3333333333,6,442.89031681121133
44139613,7230 NW 109th Ct,Doral,FL,33178,1575000,SINGLE_FAMILY,3052.0,5500.0,5,3.0,1999,26,569.0,Updated/Remodeled,,2.0,True,True,,N/A,400600.0,3,7,272,25.839043,-80.37358,False,,1278700.0,4,476.24889527468196
44143849,10059 Costa Del Sol Boulevard #F-62a,Doral,FL,33178,615000,TOWNHOUSE,1712.0,0.0,3,3.0,1988,37,865.0,Resale,,1.0,True,,,N/A,343000.0,3,8,45,25.808266,-80.35822,False,2.0,520725.0,4,332.7453455743756
60796335,10761 NW 52nd St,Doral,FL,33178,660000,SINGLE_FAMILY,1886.0,3327.0,4,2.0,2002,23,280.0,,,4.0,True,,,N/A,181300.0,3,7,32,25.822,-80.37142,False,,694085.7142857143,7,360.75657316360656
156486753,10561 NW 67th Ter,Doral,FL,33178,3500000,SINGLE_FAMILY,3737.0,5100.0,5,6.0,2017,8,867.0,,,3.0,True,True,,N/A,2325000.0,3,7,27,25.834862,-80.36851,False,,1664600.0,6,479.87084601007194
448119944,5453 NW 94th Doral Pl,Miami,FL,33178,2890000,SINGLE_FAMILY,2329.0,9116.0,5,6.0,1984,41,679.0,,,2.0,True,True,,N/A,,3,8,37,25.821917,-80.35227,False,,1991462.5,8,680.4854005386796
70792851,8763 NW 112th Pl,Doral,FL,33178,610000,TOWNHOUSE,1650.0,,3,3.0,2011,14,350.0,,Coach Home,1.0,True,,,N/A,480000.0,3,7,67,25.85298,-80.37963,False,2.0,485266.6666666667,6,285.87988671633167
308906864,8191 NW 47th Ter,Doral,FL,33166,2450000,SINGLE_FAMILY,4231.0,9597.0,5,5.0,2019,6,330.0,,,2.0,True,True,,N/A,1499500.0,3,8,213,25.816208,-80.330574,False,,2226916.6666666665,6,482.58643722738833
62940010,10643 NW 54th St,Doral,FL,33178,1160000,SINGLE_FAMILY,2885.0,6504.0,4,3.0,1995,30,289.0,,Mediterranean,2.0,True,,,N/A,730000.0,3,8,24,25.82475,-80.36791,False,,1034575.0,8,378.7279342189379
44144378,9959 NW 29th Street,Doral,FL,33172,894990,SINGLE_FAMILY,1934.0,4080.0,3,3.0,1995,30,250.0,Resale,,2.0,True,,,N/A,340000.0,3,8,117,25.801266,-80.35854,False,2.0,628980.3333333334,6,370.85806572277033
308905796,4915 NW 83rd Path,Doral,FL,33166,699000,TOWNHOUSE,1610.0,,3,3.0,2018,7,393.0,,,0.0,False,,,N/A,,3,8,195,25.81642,-80.33366,False,0.0,705216.6666666666,6,421.6125107684772
62938235,6500 NW 114th Ave APT 1032,Doral,FL,33178,430000,CONDO,1308.0,,2,2.0,2002,23,418.0,,,0.0,False,,,N/A,315000.0,3,7,84,25.833254,-80.38396,False,3.0,385325.0,4,310.91101603158677
162031610,10273 NW 74th Ter,Doral,FL,33178,2249950,SINGLE_FAMILY,4628.0,5651.0,5,6.0,2016,9,950.0,,,0.0,False,,,N/A,1400000.0,3,7,391,25.841356,-80.36443,False,,1643680.0,5,377.82706463097145
70792958,4756 NW 97th Ct #79,Doral,FL,33178,379000,CONDO,1128.0,,2,2.0,1990,35,457.0,,,1.0,True,,,N/A,300000.0,3,8,5,25.817373,-80.35436,False,2.0,347500.0,5,326.585879735654
113378236,11403 NW 89th St APT 203,Doral,FL,33178,425000,CONDO,1256.0,,3,3.0,2010,15,578.0,,,0.0,False,,,N/A,410000.0,3,7,154,25.85477,-80.38308,False,3.0,355242.85714285716,7,286.70515977091475
44141978,10244 NW 51st Ter,Doral,FL,33178,599000,TOWNHOUSE,1898.0,,3,3.0,1993,32,190.0,,,1.0,True,,,N/A,328000.0,3,8,136,25.81938,-80.36059,False,2.0,649928.5714285715,7,342.4281198253802
2054111959,4482 NW 80th Ave,Doral,FL,33166,1180000,SINGLE_FAMILY,2257.0,2306.0,4,5.0,2022,3,350.0,,,3.0,True,,,N/A,950700.0,3,8,42,25.814463,-80.32766,False,,697900.0,3,313.036386026708
44144327,9793 NW 29th Ter,Doral,FL,33172,1100000,SINGLE_FAMILY,2452.0,5476.0,4,3.0,1995,30,250.0,,,2.0,True,True,,N/A,212000.0,3,8,90,25.801949,-80.355064,False,,830512.5,8,368.69788882240243
62937888,11479 NW 60th Ter APT 366,Doral,FL,33178,435000,TOWNHOUSE,980.0,,2,3.0,2000,25,439.0,,,1.0,True,,,N/A,398000.0,3,7,69,25.82966,-80.38429,False,1.0,324019.8,5,297.627052154195
62925848,9805 NW 52nd St APT 216,Doral,FL,33178,405000,CONDO,1230.0,,3,2.0,1994,31,587.0,,,1.0,True,True,,N/A,230000.0,3,8,177,25.821972,-80.35582,False,5.0,386450.0,6,314.6611710510365
62937629,6761 NW 112th Ave,Doral,FL,33178,1599000,SINGLE_FAMILY,3144.0,7558.0,5,3.0,1998,27,596.0,,,2.0,True,True,,N/A,1100000.0,3,7,131,25.834167,-80.37611,False,,1327325.0,8,459.1246866069464
308909437,4700 NW 84th Ave UNIT 44,Doral,FL,33166,535000,CONDO,1129.0,,3,2.0,2018,7,794.0,New Construction,,1.0,True,,,N/A,466000.0,3,8,24,25.814962,-80.334175,False,4.0,435828.5714285714,7,373.26117017572136
70793944,8290 Lake Dr APT 427,Doral,FL,33166,299000,CONDO,710.0,,1,1.0,1986,39,340.0,,,0.0,False,,,N/A,186900.0,3,8,231,25.817436,-80.32999,False,4.0,270000.0,2,313.801729294687
70765386,4110 NW 79th Ave APT 2A,Doral,FL,33166,310000,CONDO,1060.0,,2,2.0,1970,55,455.0,,,2.0,True,,,N/A,219000.0,3,8,315,25.812212,-80.32563,False,2.0,266342.85714285716,7,271.3442532310457
44141666,5717 NW 102nd Pl,Doral,FL,33178,755000,SINGLE_FAMILY,1409.0,3512.0,3,2.0,1990,35,150.0,,,2.0,True,,,N/A,225000.0,3,8,24,25.82543,-80.36281,False,,602531.7142857143,7,381.64896825709127
156486778,6821 NW 104th Ct,Doral,FL,33178,2900000,SINGLE_FAMILY,4915.0,6521.0,5,6.0,2018,7,,New Construction,Other,2.0,True,True,,N/A,2040000.0,3,7,90,25.83557,-80.36649,False,,3157300.0,5,593.0292608903133
70792804,11304 NW 87th St,Doral,FL,33178,615000,SINGLE_FAMILY,1595.0,1495.0,3,2.5,2010,15,400.0,,,,False,,,N/A,319000.0,3,7,3,25.852215,-80.38092,False,,606350.0,2,332.1313131313131
441597050,8315 NW 49th St #8315,Miami,FL,33166,770000,TOWNHOUSE,1866.0,,3,4.0,2019,6,219.0,New Construction,,2.0,True,,,N/A,,3,8,110,25.816591,-80.33315,False,3.0,660100.0,2,436.3750959592435
64689467,4310 NW 79th Ave APT 2B,Doral,FL,33166,369000,CONDO,1060.0,,2,2.0,1970,55,455.0,Updated/Remodeled,,1.0,True,,,N/A,270000.0,3,8,194,25.814095,-80.32614,False,2.0,251966.66666666666,3,291.3473633284954
308909380,8437 NW 47th St,Doral,FL,33166,765000,TOWNHOUSE,1830.0,,3,3.0,2019,6,557.0,,,2.0,True,,,N/A,680000.0,3,8,46,25.816277,-80.33515,False,2.0,968971.4285714285,7,371.84586204934357
44143655,9943 Costa Del Sol Blvd #B-108A,Doral,FL,33178,535000,TOWNHOUSE,1423.0,,2,3.0,1984,41,915.0,,,1.0,True,,,N/A,,3,8,51,25.807652,-80.357124,False,2.0,,0,
62939712,4362 NW 112th Ct,Doral,FL,33178,975000,SINGLE_FAMILY,2632.0,3619.0,4,3.0,2011,14,223.0,,,,False,,,N/A,535000.0,3,7,6,25.814072,-80.37826,False,,771644.1428571428,7,293.5436423116898
308909711,4552 NW 83rd Path,Doral,FL,33166,745000,TOWNHOUSE,1652.0,,4,3.0,2022,3,192.0,,,2.0,True,,,N/A,579800.0,3,8,94,25.813639,-80.33226,False,2.0,634480.0,5,413.7526694116826
343001613,10950 NW 82nd St UNIT 204,Doral,FL,33178,397000,CONDO,1206.0,,2,2.0,2022,3,982.0,,,2.0,True,,,N/A,,3,7,7,25.847492,-80.375114,False,4.0,362285.0,8,307.22676398371493
70771707,4654 NW 97th Pl #245,Doral,FL,33178,399000,CONDO,1349.0,,2,2.0,1990,35,546.0,,,0.0,False,,,N/A,256000.0,3,8,12,25.816303,-80.35553,False,3.0,368075.0,4,353.70070705038694
162032765,9980 NW 74th Ter,Doral,FL,33178,1750000,SINGLE_FAMILY,3624.0,5048.0,5,5.0,2017,8,634.0,,,2.0,True,True,,N/A,1350000.0,3,7,171,25.841072,-80.359985,False,,1481200.0,3,406.42464868357297
449628174,4641 NW 83rd Pkwy #4641,Miami,FL,33166,875000,TOWNHOUSE,2026.0,,3,4.0,2021,4,438.0,,,2.0,True,,,N/A,,3,8,5,25.814917,-80.332085,False,2.0,517466.6666666667,6,287.06862626964516
62925782,5570 NW 107th Ave APT 902,Doral,FL,33178,580000,TOWNHOUSE,1580.0,,4,3.0,2002,23,298.0,,,0.0,False,,,N/A,333200.0,3,7,10,25.82359,-80.373344,False,0.0,518333.3333333333,3,323.46481039735767
62940096,9805 NW 52nd St APT 211,Doral,FL,33178,370000,CONDO,1130.0,,2,2.0,1994,31,472.0,,,0.0,False,True,,N/A,98000.0,3,8,189,25.821972,-80.35582,False,5.0,392283.3333333333,6,314.9669484450936
247702406,10473 NW 82nd St #3,Doral,FL,33178,495000,CONDO,1398.0,,2,3.0,2016,9,600.0,,,0.0,False,,,N/A,420000.0,3,7,41,25.84804,-80.36856,False,2.0,480000.0,6,331.1534393398147
337201870,4636 NW 84th Ave #13,Doral,FL,33166,510000,CONDO,1129.0,,2,2.0,2019,6,586.0,,,0.0,False,,,N/A,,3,8,32,25.813457,-80.33377,False,4.0,392700.0,8,347.82993799822856
162032322,7457 NW 101st Ave,Doral,FL,33178,1720000,SINGLE_FAMILY,3624.0,5100.0,5,5.0,2017,8,649.0,,Other,2.0,True,True,,N/A,1195000.0,3,7,91,25.841583,-80.36132,False,,1598828.5714285714,7,410.66194295716275
123870808,8256 NW 34th Dr,Doral,FL,33122,2490000,SINGLE_FAMILY,3638.0,8600.0,5,6.0,2015,10,1020.0,,,3.0,True,True,,N/A,1900000.0,3,8,193,25.806067,-80.33068,False,,1898660.0,5,515.9496172149532
2071305782,5300 NW 87th Ave #701,Miami,FL,33178,200000,CONDO,1070.0,,1,2.0,2007,18,1600.0,,,0.0,False,,,N/A,210000.0,3,8,84,25.82071,-80.338165,False,2.0,156766.66666666666,9,177.38554281036866
308909791,4233 NW 83rd Path,Doral,FL,33166,830000,TOWNHOUSE,1866.0,,3,4.0,2023,2,420.0,New Construction,,2.0,True,,,N/A,714300.0,3,8,175,25.81278,-80.3314,False,3.0,731500.0,6,419.9771365910049
62925506,7044 NW 113th Pl,Doral,FL,33178,1849000,SINGLE_FAMILY,3541.0,7260.0,5,4.0,2001,24,480.0,Updated/Remodeled,,3.0,True,True,,N/A,1050000.0,3,7,84,25.837645,-80.38235,False,,1419400.0,8,411.7303195345041
62937540,6478 NW 113th Pl,Doral,FL,33178,1599000,SINGLE_FAMILY,3508.0,7342.0,5,4.0,1997,28,569.0,,,2.0,True,True,,N/A,589000.0,3,7,258,25.831938,-80.382866,False,,1131216.6666666667,6,356.5372735975275
70793686,8373 Lake Dr APT 203,Doral,FL,33166,320000,CONDO,1197.0,,2,2.0,1989,36,589.0,,,0.0,False,,,N/A,230000.0,3,8,63,25.81856,-80.332,False,5.0,263016.6666666667,6,301.4550264550265
2055097109,4419 NW 80th Ct,Doral,FL,33166,1049000,SINGLE_FAMILY,2158.0,2807.0,3,3.0,2022,3,380.0,,,2.0,True,,,N/A,870000.0,3,8,9,25.814077,-80.32792,False,,719350.0,2,290.38507667252475
162031632,7525 NW 101st Pl,Doral,FL,33178,1650000,SINGLE_FAMILY,3690.0,5820.0,5,5.0,2016,9,630.0,,,2.0,True,True,,N/A,965000.0,3,7,59,25.842352,-80.36199,False,,1005299.6666666666,6,275.53008326677013
162031604,10220 NW 74th Ter,Doral,FL,33178,2380000,SINGLE_FAMILY,4874.0,6751.0,6,7.0,2016,9,950.0,,,2.0,True,True,,N/A,1545000.0,3,7,69,25.841074,-80.36301,False,,1960504.2857142857,7,432.85343869941465
247700861,6746 NW 103rd Ave,Doral,FL,33178,1200000,SINGLE_FAMILY,3150.0,3816.0,5,5.0,2018,7,643.0,,,2.0,True,,,N/A,660000.0,3,7,94,25.834753,-80.36444,False,,1064460.0,5,378.94116182227805
121348580,9910 NW 86th Ter,Doral,FL,33178,1300000,SINGLE_FAMILY,3820.0,5000.0,5,5.0,2014,11,,,,2.0,True,True,,N/A,725000.0,3,7,27,25.851986,-80.358444,False,,868527.0,5,271.41725482645745
343001924,10950 NW 82nd St UNIT 209,Doral,FL,33178,527000,CONDO,1525.0,,3,2.0,2021,4,972.0,Substantially Remodeled,,0.0,False,,,N/A,,3,7,125,25.847754,-80.37543,False,4.0,437087.5,8,423.50087872043343
62939899,4630 NW 102nd Ave APT 103-15,Doral,FL,33178,340000,CONDO,827.0,,2,2.0,1989,36,816.0,,,2.0,True,,,N/A,290000.0,3,8,21,25.816263,-80.36258,False,2.0,,0,
448082253,10181 NW 32nd Ter #10181,Miami,FL,33172,650000,TOWNHOUSE,2030.0,,4,3.0,1998,27,237.0,,,1.0,True,,,N/A,,3,8,40,25.804129,-80.36116,False,2.0,459071.4285714286,7,275.9878835593885
156486752,10573 NW 67th Ter,Doral,FL,33178,2100000,SINGLE_FAMILY,3911.0,5100.0,5,6.0,2017,8,968.0,,,2.0,True,,,N/A,17805.0,3,7,154,25.834858,-80.368675,False,,1897933.3333333333,6,546.4763580335597
62938208,6670 NW 114th Ave APT 638,Doral,FL,33178,420000,CONDO,1464.0,,3,2.0,2002,23,480.0,,,2.0,True,,,N/A,139000.0,3,7,60,25.833643,-80.385666,False,3.0,370614.28571428574,7,302.02072233395626
247651149,5300 Paseo Dr #1205,Doral,FL,33166,385000,CONDO,698.0,,1,1.0,2016,9,846.0,,,1.0,True,,,N/A,320000.0,3,8,143,25.820751,-80.3363,False,19.0,394537.5,8,400.35920352708644
62937437,10996 NW 58th Ter,Doral,FL,33178,1490000,SINGLE_FAMILY,2401.0,5500.0,4,3.0,1997,28,569.0,,,5.0,True,,,N/A,816480.0,3,7,181,25.826628,-80.37584,False,,986357.1428571428,7,407.0380548816408
124752146,8774 NW 103rd Ave,Doral,FL,33178,1200000,SINGLE_FAMILY,2650.0,5367.0,5,5.0,2016,9,470.0,,,2.0,True,,,N/A,608900.0,3,7,40,25.852968,-80.364624,False,,975533.3333333334,6,377.2368541426656
2061502037,9473 NW 49th Doral Ln,Miami,FL,33178,2450000,SINGLE_FAMILY,3294.0,0.30105601469238,4,5.0,1980,45,445.0,,,2.0,True,True,,N/A,,3,8,48,25.818249,-80.35171,False,,1566616.6666666667,6,492.29950677294147
337202907,10295 NW 64th Ter #301,Doral,FL,33178,450000,CONDO,1102.0,,3,2.0,2020,5,602.0,,,0.0,False,,,N/A,,3,7,153,25.83203,-80.36452,False,3.0,430000.0,1,390.1996370235935
54695297,10770 NW 66th St APT 212,Doral,FL,33178,535000,CONDO,1710.0,,3,2.0,1999,26,1219.0,,,1.0,True,,,N/A,280000.0,3,7,175,25.832756,-80.371475,False,5.0,561250.0,8,286.4385531329095
70771644,10921 NW 88th Ter UNIT 1303,Doral,FL,33178,695000,TOWNHOUSE,2206.0,,3,3.0,2006,19,575.0,Updated/Remodeled,,1.0,True,,,N/A,309000.0,3,7,7,25.854124,-80.375565,False,2.0,,0,
308909449,8109 NW 48th Ter,Doral,FL,33166,1890000,SINGLE_FAMILY,3684.0,4706.0,4,4.0,2022,3,378.0,,,2.0,True,True,,N/A,1130600.0,3,8,101,25.816957,-80.32883,False,,1533642.857142857,7,399.10832203115643
62938585,10700 NW 66th St APT 312,Doral,FL,33178,485000,CONDO,1710.0,,3,2.0,2002,23,928.0,,,1.0,True,True,,N/A,439000.0,3,7,69,25.829136,-80.37226,False,4.0,479857.14285714284,7,270.14073645652593
44142939,9491 NW 45th St,Doral,FL,33178,1075000,SINGLE_FAMILY,2996.0,5877.0,4,4.0,2001,24,340.0,,,2.0,True,,,N/A,489000.0,3,8,49,25.814665,-80.35132,False,,873385.7142857143,7,377.71429564873415
337202112,4311 NW 82nd Ave,Doral,FL,33166,1099000,SINGLE_FAMILY,2176.0,3054.0,3,4.0,2022,3,379.0,,,2.0,True,,,N/A,710000.0,3,8,94,25.813452,-80.32922,False,,916800.0,6,410.79793272578735
162033244,10620 NW 88th St APT 204,Doral,FL,33178,490000,CONDO,1500.0,,3,3.0,2015,10,389.0,,,0.0,False,,,N/A,314300.0,3,7,20,25.852903,-80.368484,False,2.0,273941.6666666667,6,238.3918763547468
60761440,5450 NW 107th Ave APT 705,Doral,FL,33178,480000,TOWNHOUSE,1328.0,,2,3.0,2001,24,298.0,,,0.0,False,,,N/A,125000.0,3,7,22,25.822636,-80.372665,False,2.0,519600.0,2,342.2793480145656
70792647,8388 NW 114th Path,Doral,FL,33178,747000,SINGLE_FAMILY,2118.0,2100.0,4,3.0,2007,18,326.0,,,2.0,True,,,N/A,428600.0,3,7,9,25.849993,-80.383705,False,,696340.0,5,327.2438480720017
44139354,11271 NW 61st St,Doral,FL,33178,1350000,SINGLE_FAMILY,3207.0,7398.0,5,4.0,1997,28,565.0,,,2.0,True,,,N/A,740000.0,3,7,37,25.82963,-80.37991,False,,1132800.0,6,453.2070941428403
123870037,3453 NW 84th Ct,Doral,FL,33122,1792000,SINGLE_FAMILY,4247.0,6029.0,5,6.0,2015,10,528.0,,,4.0,True,,,N/A,1200000.0,3,8,42,25.80606,-80.33296,False,,1725271.4285714286,7,445.55188593478977
123868341,8271 NW 34th Dr,Doral,FL,33122,1925000,SINGLE_FAMILY,4287.0,4515.0,5,6.0,2016,9,585.0,,,1.0,True,True,,N/A,1400000.0,3,8,94,25.806425,-80.33101,False,,1580733.3333333333,3,394.47353754860563
113379196,11403 NW 89th St #219,Doral,FL,33178,419000,CONDO,1256.0,,3,3.0,2010,15,610.0,New Construction,,1.0,True,,,N/A,274000.0,3,7,73,25.85477,-80.38308,False,3.0,356100.0,7,287.3875983514425
308909879,8013 NW 42 Street,Doral,FL,33166,1150000,SINGLE_FAMILY,2400.0,0.0,4,4.0,2023,2,389.0,Resale,Contemporary,1.0,True,,,N/A,921200.0,3,8,81,25.812649,-80.3277,False,2.0,970000.0,2,426.5866811210485
79854833,10902 NW 83rd St APT 112,Doral,FL,33178,425000,CONDO,1312.0,,3,2.0,2006,19,539.0,,,0.0,False,,,N/A,275000.0,3,7,86,25.8482,-80.3752,False,3.0,312320.0,5,236.99347666553908
156486718,10445 NW 68th Ter,Doral,FL,33178,2250000,SINGLE_FAMILY,3537.0,5000.0,5,5.0,2016,9,965.0,,,2.0,True,True,,N/A,1200000.0,3,7,16,25.835993,-80.36702,False,,1878600.0,3,525.7748544895738
247701217,7751 NW 107th Ave APT 205,Doral,FL,33178,695000,CONDO,1684.0,,3,3.0,2016,9,698.0,,,2.0,True,,,N/A,630000.0,3,7,207,25.843985,-80.36997,False,8.0,482125.0,8,373.0748489209185
365795736,8265 NW 41st St #C-403,Miami,FL,33166,498500,CONDO,1124.0,,2,3.0,2021,4,750.0,"Updated/Remodeled,New Construction",,0.0,False,,,N/A,,3,8,161,25.811884,-80.33008,False,4.0,502500.0,8,459.27606306140103
62925854,9725 NW 52nd St APT 522,Doral,FL,33178,580000,CONDO,1510.0,,3,2.0,1995,30,600.0,,,1.0,True,,,N/A,250000.0,3,8,824,25.821741,-80.35425,False,5.0,390199.28571428574,7,335.5859110414157
70793348,8180 Geneva Ct APT 126,Doral,FL,33166,299900,CONDO,992.0,,2,2.0,1984,41,488.0,,,0.0,False,,,N/A,165001.0,3,8,3,25.81757,-80.32901,False,4.0,162462.5,4,163.7726814516129
337201329,6410 NW 102nd Path APT 104,Doral,FL,33178,540000,CONDO,1315.0,,3,3.0,2020,5,445.0,,,2.0,True,,,N/A,,3,7,46,25.831635,-80.364075,False,3.0,501050.0,2,381.0266159695817
247698464,7661 NW 107th Ave APT 711,Doral,FL,33178,449990,CONDO,1076.0,,2,2.0,2017,8,,,,2.0,True,,,N/A,305000.0,3,7,31,25.843155,-80.37012,True,8.0,456875.0,8,385.78263638247734
55191312,11388 NW 68th St,Doral,FL,33178,1850000,SINGLE_FAMILY,3675.0,0.31496786042241,5,4.0,2001,24,569.0,,,2.0,True,True,,N/A,1400000.0,3,7,165,25.834427,-80.38322,False,,1393920.75,8,404.7906996952099
247701059,7661 NW 103rd Ct,Doral,FL,33178,1360000,SINGLE_FAMILY,2785.0,5000.0,4,4.0,2017,8,450.0,,,2.0,True,,,N/A,1350000.0,3,7,44,25.843552,-80.36469,False,,1091371.4285714286,7,398.1836167069158
68015652,8174 NW 114th Pl,Doral,FL,33178,849000,SINGLE_FAMILY,2016.0,2080.0,4,3.0,2006,19,299.0,,,4.0,True,True,,N/A,218500.0,3,7,60,25.847643,-80.38309,False,,704633.3333333334,3,297.7139697631554
156484251,11202 NW 83rd St APT 110,Doral,FL,33178,423000,CONDO,1312.0,,3,2.0,2008,17,132.0,,Old Spanish,2.0,True,,,N/A,394700.0,3,7,14,25.848166,-80.37919,False,2.0,382087.5,8,280.2082563796039
44141581,5733 NW 100th Ct,Doral,FL,33178,800000,SINGLE_FAMILY,1409.0,3133.0,3,2.0,1989,36,270.0,"Updated/Remodeled,Completely Renovated",,0.0,False,,,N/A,240000.0,3,8,16,25.825567,-80.3605,False,,641325.0,8,434.47773314831693
66175029,11200 NW 74th Ter,Doral,FL,33178,775000,TOWNHOUSE,2306.0,,4,3.0,2004,21,325.0,Updated/Remodeled,,2.0,True,,,N/A,320900.0,3,7,49,25.840908,-80.37868,False,2.0,668320.0,5,333.54928072428925
79854664,10902 NW 83rd St APT 207,Doral,FL,33178,399900,CONDO,1385.0,,3,3.0,2006,19,412.0,,,2.0,True,,,N/A,330000.0,3,7,522,25.848206,-80.37521,False,3.0,317340.0,5,244.03276961262017
123867001,3445 NW 84th Ct,Doral,FL,33122,1720000,SINGLE_FAMILY,3448.0,4300.0,4,5.0,2015,10,636.0,,,2.0,True,True,,N/A,1108000.0,3,8,18,25.805943,-80.33303,False,,1774314.2857142857,7,444.0590063399923
247702996,7825 NW 107th Ave APT 212,Doral,FL,33178,469000,CONDO,1130.0,,2,2.0,2016,9,850.0,New Construction,,2.0,True,,,N/A,2050.0,3,7,84,25.844986,-80.37011,False,8.0,432137.5,8,357.0554481256926
62937667,10921 NW 69th St,Doral,FL,33178,900000,SINGLE_FAMILY,2303.0,2720.0,4,3.0,1999,26,480.0,,,0.0,False,,,N/A,280000.0,3,7,20,25.835686,-80.374435,True,,756133.3333333334,3,338.2353058527836
448800536,9340 NW 48th Doral Ter,Miami,FL,33178,850000,TOWNHOUSE,2140.0,,2,3.0,1983,42,1373.0,,,1.0,True,,,N/A,,3,8,21,25.817106,-80.34896,False,2.0,929200.0,6,419.7111974908469
337202849,8143 NW 45th St,Doral,FL,33166,1279900,SINGLE_FAMILY,2285.0,5125.0,3,3.0,2021,4,340.0,,,2.0,True,,,N/A,1060000.0,3,8,63,25.814861,-80.32925,False,,1249675.0,4,408.00887523290805
124441183,8749 NW 102nd Ct,Doral,FL,33178,895000,SINGLE_FAMILY,,,4,4.0,2015,10,515.0,,,2.0,True,,,N/A,575700.0,3,7,4,25.85274,-80.36298,False,,866700.0,8,341.45905584424213
2056813277,4680 NW 83rd Path #4680,Miami,FL,33166,794900,TOWNHOUSE,1866.0,,3,4.0,2020,5,420.0,,,2.0,True,,,N/A,,3,8,68,25.815113,-80.333176,False,3.0,689462.5714285715,7,411.59938097818593
331699445,4725 NW 85th Ave #13,Doral,FL,33166,629000,CONDO,1509.0,,3,3.0,2019,6,743.0,,,2.0,True,,,N/A,,3,8,307,25.815142,-80.3358,False,4.0,615000.0,2,418.57172826076385
2062170557,4542 NW 83rd Psge #4542,Miami,FL,33166,815000,TOWNHOUSE,1866.0,,3,4.0,2022,3,425.0,New Construction,,2.0,True,,,N/A,,3,8,83,25.814192,-80.33277,False,3.0,746542.8571428572,7,412.22043294838016
44139849,10773 NW 69th Ter,Doral,FL,33178,1290000,SINGLE_FAMILY,3026.0,5500.0,5,3.0,2000,25,468.0,,,3.0,True,,,N/A,930000.0,3,7,38,25.83669,-80.3717,False,,1131216.6666666667,6,77664.90371882725
162031658,9830 NW 74th Ter,Doral,FL,33178,1549999,SINGLE_FAMILY,3030.0,4500.0,4,4.0,2016,9,765.0,,,2.0,True,,,N/A,1150000.0,3,7,30,25.841055,-80.3567,False,,1308287.5,8,401.1011664138207
308909454,8079 NW 48th Ter,Doral,FL,33166,2249000,SINGLE_FAMILY,4805.0,4713.0,6,6.0,2020,5,300.0,As Is,,2.0,True,,,N/A,2250000.0,3,8,10,25.816925,-80.32809,False,,1565750.0,8,369.07649246864446
67716608,11169 NW 80th Ln,Doral,FL,33178,880000,SINGLE_FAMILY,2144.0,5487.0,4,3.0,2006,19,272.0,,,2.0,True,,,N/A,395000.0,3,7,68,25.84684,-80.3781,False,,1008816.625,8,321.54176237508483
63834172,11259 NW 79th Ln,Doral,FL,33178,849000,SINGLE_FAMILY,2058.0,5500.0,3,2.0,2004,21,343.0,,,2.0,True,,,N/A,710000.0,3,7,33,25.845936,-80.37964,False,,851462.5,8,382.73681947842726
70792663,8450 NW 113th Psge,Doral,FL,33178,750000,SINGLE_FAMILY,2118.0,2120.0,4,3.0,2007,18,300.0,,Old Spanish,2.0,True,,,N/A,158000.0,3,7,102,25.850872,-80.382866,False,,661440.0,5,307.25837099981993
62925596,11662 NW 69th Ter,Doral,FL,33178,829000,SINGLE_FAMILY,2105.0,2813.0,4,3.0,2002,23,325.0,,,2.0,True,,,N/A,322000.0,3,7,216,25.836586,-80.38596,False,,716150.0,6,324.0748395998144
121673102,8930 NW 97th Ave APT 202,Doral,FL,33178,425000,CONDO,1364.0,,3,3.0,2013,12,544.0,,,2.0,True,,,N/A,300000.0,3,7,83,25.854471,-80.355606,False,2.0,428240.0,5,337.30896359487434
72577572,4804 NW 79th Ave APT 201,Doral,FL,33166,255000,CONDO,810.0,,1,1.0,1972,53,384.0,,,0.0,False,,,N/A,148000.0,3,8,201,25.81768,-80.32624,False,3.0,264500.0,7,279.25856110587495
44143363,3926 Estepona Ave #7D2,Doral,FL,33178,524999,TOWNHOUSE,1600.0,,2,3.0,1975,50,835.0,,Old Spanish,1.0,True,,,N/A,251000.0,3,8,7,25.810558,-80.36411,False,2.0,475500.0,6,300.4070898161245
79856245,7220 NW 114th Ave #20716,Doral,FL,33178,365000,CONDO,870.0,,2,2.0,2003,22,342.0,Updated/Remodeled,Old Spanish,0.0,True,,,N/A,112000.0,3,7,106,25.838348,-80.38503,False,3.0,349785.71428571426,7,373.07672489818566
247702668,7865 NW 104th Ave APT 33,Doral,FL,33178,449000,CONDO,1048.0,,2,2.0,2016,9,519.0,,,0.0,False,,,N/A,392000.0,3,7,118,25.845127,-80.366066,False,3.0,474925.0,4,396.4322470493052
331699928,10413 NW 82nd St UNIT 9,Doral,FL,33178,549000,CONDO,1425.0,,3,3.0,2019,6,711.0,,Coach Home,2.0,True,True,,N/A,508000.0,3,7,13,25.848707,-80.366615,False,2.0,511275.0,8,361.0029496792389
2071301508,7506 NW 113th Path #7506,Miami,FL,33178,735000,TOWNHOUSE,2306.0,,4,3.0,2004,21,325.0,,Coach Home,2.0,True,,,N/A,,3,7,55,25.841629,-80.382034,False,2.0,691166.6666666666,3,312.4836176874683
70771619,8245 NW 108th Ave #315,Doral,FL,33178,430000,TOWNHOUSE,1282.0,,2,3.0,2006,19,442.0,,,1.0,True,,,N/A,185000.0,3,7,28,25.84874,-80.37205,False,2.0,503200.0,4,341.4843929423747
352159143,6475 NW 104th Ct #6475,Miami,FL,33178,775000,TOWNHOUSE,1908.0,,3,3.0,2016,9,270.0,New Construction,,2.0,True,,,N/A,,3,7,64,25.83282,-80.366425,False,2.0,740000.0,4,342.0482171514526
338743679,6450 NW 102nd Path #303,Doral,FL,33178,499100,CONDO,1102.0,,3,2.0,2021,4,333.0,New Construction,,1.0,True,,,N/A,,3,7,409,25.832342,-80.3641,False,3.0,497550.0,4,377.86360394148744
113266001,11403 NW 89th St APT 209,Doral,FL,33178,435000,CONDO,1256.0,,3,3.0,2010,15,643.0,,,1.0,True,,,N/A,352000.0,3,7,6,25.85477,-80.38308,False,2.0,353814.28571428574,7,285.56776213670184
331700657,4740 NW 84th Ct #17,Doral,FL,33166,585000,CONDO,1312.0,,2,3.0,2019,6,681.0,New Construction,,0.0,False,,,N/A,,3,8,360,25.81532,-80.33522,False,4.0,545342.8571428572,7,444.7336092728591
62940090,9805 NW 52nd St APT 306,Doral,FL,33178,369000,CONDO,1130.0,,2,2.0,1994,31,670.0,,,1.0,True,,,N/A,212000.0,3,8,12,25.821972,-80.35582,False,5.0,392450.0,6,315.1144410704623
44144198,3198 NW 98th Ct,Doral,FL,33172,1290000,SINGLE_FAMILY,2580.0,6809.0,4,3.0,1994,31,250.0,,,2.0,True,True,,N/A,494000.0,3,8,24,25.803795,-80.355804,False,,606449.0,7,269.1539016314964
162034092,9710 NW 74th Ter,Doral,FL,33178,1650000,SINGLE_FAMILY,3292.0,4050.0,5,4.0,2015,10,760.0,,,5.0,True,True,,N/A,1200000.0,3,7,131,25.841053,-80.35476,False,,1237860.0,5,422.12071510405093
337203697,4636 NW 84th Ave #43,Doral,FL,33166,479900,CONDO,1129.0,,2,2.0,2019,6,819.0,,,,False,,,N/A,415000.0,3,8,5,25.813478,-80.333694,False,,396462.5,8,351.1625332152347
247650297,5252 NW 85th Ave APT 1202,Doral,FL,33166,698500,CONDO,1328.0,,3,2.0,2016,9,1313.0,,,2.0,True,,,N/A,535900.0,3,8,153,25.819138,-80.33642,False,20.0,551670.0,7,502.0543394383698
308909833,8206 NW 43rd St,Doral,FL,33166,845000,TOWNHOUSE,1604.0,,3,3.0,2023,2,197.0,New Construction,,1.0,True,,,N/A,698000.0,3,8,108,25.813028,-80.329636,False,2.0,721100.0,5,393.33607690785846
60796174,10710 NW 66th St APT 111,Doral,FL,33178,545000,CONDO,1710.0,,3,2.0,2001,24,910.0,,,0.0,False,,,N/A,280000.0,3,7,81,25.829615,-80.371025,False,5.0,438087.5,8,256.1591318038686
156486717,10431 NW 68th Ter,Doral,FL,33178,2450000,SINGLE_FAMILY,3537.0,5366.0,5,5.0,2015,10,980.0,,,2.0,True,True,,N/A,1030000.0,3,7,22,25.835997,-80.36688,False,,2225800.0,6,496.4458485474459
44139299,11322 NW 59th Ter,Doral,FL,33178,899999,SINGLE_FAMILY,1503.0,4015.0,3,2.0,1997,28,480.0,,,2.0,True,,,N/A,570000.0,3,7,27,25.827932,-80.38102,False,,801962.5,8,389.8486516968719
448007098,10362 NW 64th Ter #10362,Miami,FL,33178,878000,CONDO,1862.0,,4,4.0,2017,8,350.0,New Construction,,1.0,True,,,N/A,,3,7,42,25.831682,-80.36605,False,3.0,,0,
121345589,9805 NW 86th Ter,Doral,FL,33178,1250000,SINGLE_FAMILY,4159.0,5366.0,5,5.0,2013,12,420.0,,,2.0,True,,,N/A,,3,7,32,25.852377,-80.35677,False,,1012075.0,4,310.8254790702088
447523024,10441 NW 66th St #10441,Miami,FL,33178,719000,TOWNHOUSE,1812.0,,4,3.0,2018,7,450.0,,,1.0,True,,,N/A,,3,7,82,25.83365,-80.366905,False,2.0,735120.0,5,352.5364972373983
2056940577,11663 NW 87th Ln #11663,Miami,FL,33178,649000,TOWNHOUSE,1912.0,,4,3.0,2012,13,300.0,,,2.0,True,,,N/A,,3,7,45,25.853209,-80.38599,False,2.0,594128.5714285715,7,352.6299850158689
119405870,11503 NW 89th St APT 112,Doral,FL,33178,430000,CONDO,1207.0,,3,2.0,2011,14,610.0,,,1.0,True,,,N/A,255000.0,3,7,6,25.854658,-80.383194,False,3.0,354528.5714285714,7,284.15096234959407
338744055,8301 NW 41st St #B-102,Doral,FL,33166,647000,CONDO,1506.0,,4,3.0,2021,4,805.0,,,1.0,True,,,N/A,565000.0,3,8,67,25.81234,-80.33124,False,4.0,435285.71428571426,7,380.78892406514905
448728098,3917 N Adra Ave #E-46A,Miami,FL,33178,649000,TOWNHOUSE,1712.0,,4,3.0,1989,36,980.0,,,0.0,True,,,N/A,,3,8,21,25.80987,-80.36072,False,2.0,599025.0,4,349.8977803738318
44140368,4833 NW 108th Path,Doral,FL,33178,699000,TOWNHOUSE,1888.0,,4,3.0,2000,25,248.0,,,1.0,True,,,N/A,177000.0,3,7,11,25.817137,-80.37291,False,2.0,565342.8571428572,7,363.8295725212004
308906196,8213 NW 44th Ter,Doral,FL,33166,1249000,SINGLE_FAMILY,2182.0,2709.0,3,4.0,2019,6,388.0,,,2.0,True,,,N/A,708100.0,3,8,82,25.814272,-80.32993,False,,997850.0,8,454.0543820686049
65793883,8527 NW 111th Ct,Doral,FL,33178,989000,SINGLE_FAMILY,1985.0,5668.0,3,3.0,2005,20,225.0,,,2.0,True,,,N/A,420000.0,3,7,35,25.851065,-80.377914,False,,824400.0,6,371.74087562311746
247653017,5252 NW 85th Ave APT 1402,Doral,FL,33166,770000,CONDO,1328.0,,3,2.0,2016,9,1313.0,,,1.0,True,,,N/A,655000.0,3,8,4,25.819138,-80.33642,False,20.0,570023.75,8,505.04491146640487
122017158,10075 NW 86th Ter,Doral,FL,33178,1250000,SINGLE_FAMILY,3084.0,5540.0,5,5.0,2014,11,450.0,,,2.0,True,,,N/A,599000.0,3,7,114,25.852364,-80.36187,False,,851500.0,7,334.29114446907863
337201205,8151 NW 104th Ave #31,Doral,FL,33178,470000,CONDO,1236.0,,3,2.0,2020,5,450.0,,,1.0,True,,,N/A,,3,7,186,25.847706,-80.3663,False,3.0,449166.6666666667,6,396.4649765230843
66179153,7869 NW 110th Ave,Doral,FL,33178,655000,TOWNHOUSE,1894.0,,4,3.0,2006,19,,,,1.0,True,,,N/A,225000.0,3,7,20,25.84503,-80.37622,True,2.0,602000.0,2,335.89379577249736
122017363,7010 NW 106th Ave,Doral,FL,33178,1075000,SINGLE_FAMILY,2878.0,4478.0,4,4.0,2013,12,630.0,,,2.0,True,,,N/A,,3,7,43,25.837225,-80.369484,False,,1020383.3333333334,6,331.0418443375194
70792836,11252 NW 86th Ln,Doral,FL,33178,620000,TOWNHOUSE,1894.0,,4,3.0,2008,17,350.0,,Coach Home,1.0,True,,,N/A,319000.0,3,7,122,25.852016,-80.38011,False,2.0,565760.0,5,332.53718616676196
308909773,8211 NW 43rd Ter,Doral,FL,33166,1150000,SINGLE_FAMILY,2068.0,2469.0,3,3.0,2022,3,550.0,,,2.0,True,,,N/A,632400.0,3,8,41,25.813643,-80.329575,False,,900457.1428571428,7,408.00168961357195
2071309194,5300 NW 87th Ave #302,Miami,FL,33178,125000,CONDO,705.0,,1,1.0,2007,18,1058.0,,,1.0,True,,,N/A,,3,8,18,25.82071,-80.338165,False,2.0,156766.66666666666,9,177.38554281036866
62938783,5403 NW 111th Ct,Doral,FL,33178,1254900,SINGLE_FAMILY,2620.0,5000.0,4,3.0,2000,25,313.0,,,2.0,True,,,N/A,520000.0,3,7,28,25.822798,-80.37714,False,2.0,852937.5,8,45701.973487965515
119406664,11503 NW 89th St APT 224,Doral,FL,33178,396900,CONDO,1256.0,,3,3.0,2011,14,578.0,,,0.0,False,,,N/A,2850.0,3,7,12,25.854658,-80.383194,False,3.0,359257.14285714284,7,289.9012471230531
62939870,10225 NW 57th Ter,Doral,FL,33178,799000,SINGLE_FAMILY,1714.0,3997.0,3,2.0,1990,35,378.0,,,2.0,True,,,N/A,625000.0,3,8,6,25.825914,-80.362465,False,,644299.0,8,366.87957883595027
2054515795,4278 NW 82nd Ave #4278,Miami,FL,33166,858000,TOWNHOUSE,1431.0,,3,3.0,2023,2,192.0,New Construction,,2.0,True,,,N/A,,3,8,279,25.812819,-80.329575,False,2.0,598160.0,5,336.8728088574411
2072864462,10228 NW 88th Ter #10228,Miami,FL,33178,700000,TOWNHOUSE,1757.0,,4,3.0,2015,10,439.0,,,1.0,True,,,N/A,420000.0,3,7,14,25.85373,-80.3636,False,2.0,561950.0,6,326.8622751315041
156488813,6440 NW 114th Ave UNIT 424,Doral,FL,33178,415000,CONDO,0.0,,3,2.0,2001,24,408.0,,,0.0,False,,,N/A,311750.0,3,7,160,25.832619,-80.385735,False,3.0,394585.71428571426,7,321.16306900548653
72564532,5102 NW 79th Ave APT 304,Doral,FL,33166,305000,CONDO,1061.0,,2,2.0,1972,53,549.0,,,1.0,True,,,N/A,255000.0,3,8,27,25.819965,-80.32633,False,3.0,258857.14285714287,7,309.92655768775165
331700948,4640 SW 84th Ave #22,Doral,FL,33166,615000,CONDO,1431.0,,3,3.0,2020,5,586.0,,,0.0,False,,,N/A,,3,8,89,25.81411,-80.33439,False,1.0,464633.3333333333,6,370.0791562211475
352625198,4747 NW 85th Ave #4747,Doral,FL,33166,965000,TOWNHOUSE,2789.0,,3,5.0,2019,6,650.0,New Construction,,2.0,True,,,N/A,,3,8,297,25.815914,-80.33572,False,4.0,891175.0,4,310.2998754445772
70793187,4861 NW 97th Ct #383,Doral,FL,33178,320000,CONDO,899.0,,1,2.0,1990,35,492.0,,,0.0,False,,,N/A,140000.0,3,8,4,25.817894,-80.35383,False,2.0,336376.0,5,304.1681048887576
308909616,8321 Central Park Blvd,Doral,FL,33166,1050000,TOWNHOUSE,2070.0,,3,4.0,2021,4,214.0,New Construction,,2.0,True,True,,N/A,627000.0,3,8,28,25.815037,-80.33191,False,3.0,635833.3333333334,6,341.1334462850925
44139775,10750 NW 66th St APT 410,Doral,FL,33178,629000,CONDO,1700.0,,3,2.0,1998,27,1129.0,,,2.0,True,,,N/A,470000.0,3,7,19,25.831741,-80.371284,False,4.0,531575.0,8,284.9108697398942
82065956,10850 NW 89th Ter UNIT 104-5,Doral,FL,33178,435000,CONDO,1207.0,,3,2.0,2007,18,460.0,,,2.0,True,,,N/A,355700.0,3,7,118,25.854557,-80.37351,False,3.0,395462.5,8,326.40400774417304
443988093,6418 NW 104th Path #6418,Miami,FL,33178,850000,TOWNHOUSE,1862.0,,4,4.0,2015,10,270.0,,,1.0,True,,,N/A,,3,7,90,25.832382,-80.36797,False,3.0,303300.0,4,287.5924769460377
2071328757,9809 Costa Del Sol Blvd #E-102,Miami,FL,33178,625000,TOWNHOUSE,1712.0,,3,3.0,1984,41,865.0,,,0.0,True,,,N/A,,3,8,54,25.80659,-80.35626,False,2.0,530233.3333333334,6,372.0068403399591
62937767,10750 NW 66th St APT 413,Doral,FL,33178,499900,CONDO,1700.0,,3,2.0,1998,27,1218.0,,,0.0,False,,,N/A,290000.0,3,7,84,25.831741,-80.371284,False,4.0,547712.5,8,294.40351679871776
247701429,10393 NW 77th St,Doral,FL,33178,1850000,SINGLE_FAMILY,3781.0,0.29162075298439,4,4.0,2017,8,300.0,,,2.0,True,,,N/A,734000.0,3,7,192,25.844015,-80.36583,False,,1061950.0,4,385.1337884117776
337202374,8363 NW 41st St #A-406,Doral,FL,33166,580000,CONDO,1334.0,,3,2.0,2021,4,754.0,,,0.0,False,,,N/A,,3,8,183,25.811983,-80.33143,False,4.0,397714.28571428574,7,404.3669393226723
2079167305,6610 NW 105th Ct UNIT 6610,Miami,FL,33178,959999,TOWNHOUSE,2683.0,,4,5.0,2015,10,380.0,,,2.0,True,,,N/A,560000.0,3,7,97,25.83378,-80.368744,False,3.0,843542.8571428572,7,329.96471021480767
247699116,10630 NW 88th St APT 103,Doral,FL,33178,520000,CONDO,1308.0,,3,3.0,2016,9,585.0,,,1.0,True,,,N/A,342000.0,3,7,21,25.851053,-80.36858,False,3.0,336057.14285714284,7,274.1368870808871
444158823,5300 Paseo Blvd #805,Miami,FL,33166,375000,CONDO,698.0,,1,1.0,2016,9,846.0,,,1.0,True,,,N/A,,3,8,90,25.820751,-80.3363,False,19.0,393477.77777777775,9,417.1610621609759
44141582,5723 NW 100th Ct,Doral,FL,33178,680000,SINGLE_FAMILY,1111.0,3447.0,3,2.0,1989,36,290.0,,,0.0,False,,,N/A,260000.0,3,8,27,25.825424,-80.36048,False,,650687.5,8,442.75436705047036
2065806875,10950 NW 82nd St #113,Miami,FL,33178,415000,CONDO,1206.0,,2,2.0,2022,3,1019.0,,,2.0,True,,,N/A,,3,7,102,25.847492,-80.375114,False,4.0,360035.0,8,305.3610923419239
2065599834,4625 NW 83rd Path #4625,Miami,FL,33166,669000,TOWNHOUSE,1424.0,,3,3.0,2022,3,405.0,,,2.0,True,,,N/A,,3,8,55,25.814217,-80.33231,False,2.0,673583.3333333334,6,431.01487612851656
247702857,7661 NW 107th Ave APT 213,Doral,FL,33178,325000,CONDO,765.0,,1,2.0,2017,8,880.0,,,1.0,True,,,N/A,280000.0,3,7,66,25.843155,-80.37012,False,8.0,456110.0,9,389.3852678624912
121673282,10086 NW 89th Ter,Doral,FL,33178,1100000,SINGLE_FAMILY,2462.0,5016.0,3,3.0,2013,12,450.0,,,2.0,True,True,,N/A,900000.0,3,7,21,25.854511,-80.36205,False,,803400.0,7,311.08086034407637
252195638,10259 NW 66th St,Doral,FL,33178,935000,TOWNHOUSE,2318.0,,4,4.0,2020,5,270.0,,,2.0,True,,,N/A,509200.0,3,7,6,25.833593,-80.3637,False,2.0,620880.0,5,398.05432182470577
70762840,11226 NW 75th Ter,Doral,FL,33178,785000,TOWNHOUSE,2211.0,,4,3.0,2004,21,312.0,,Coach Home,2.0,True,,,N/A,410000.0,3,7,180,25.84151,-80.37903,False,2.0,726100.0,3,323.90053726217656
443286031,8001 NW 41st St #F-207,Doral,FL,33166,575000,CONDO,1334.0,,3,2.0,2023,2,610.0,,,1.0,True,,,N/A,,3,8,30,25.811947,-80.32762,False,4.0,462333.0,3,465.5719123175709
156486748,10580 SW 67th Ter,Doral,FL,33178,2100000,SINGLE_FAMILY,3537.0,5000.0,5,4.0,2016,9,964.0,,,2.0,True,,,N/A,674000.0,3,7,172,25.83445,-80.36885,False,,1685000.0,5,470.9028875376601
343002292,8201 NW 41st St #D-309,Doral,FL,33166,499999,CONDO,1124.0,,3,2.0,2022,3,824.0,,,0.0,False,,,N/A,,3,8,7,25.81209,-80.3295,False,4.0,508737.5,8,455.45929373254233
70793346,8180 Geneva Ct APT 325,Doral,FL,33166,325000,CONDO,992.0,,2,2.0,1984,41,488.0,,,1.0,True,,,N/A,217500.0,3,8,54,25.81757,-80.32901,False,5.0,156187.5,4,157.4470766129032
252194630,7875 NW 107th Ave APT 418,Doral,FL,33178,310000,CONDO,668.0,,1,1.0,2017,8,836.0,,,1.0,True,True,,N/A,240000.0,3,7,125,25.845797,-80.37027,False,8.0,356125.0,8,433.4030184303416
447941936,10271 NW 46th St #10271,Miami,FL,33178,729000,TOWNHOUSE,1898.0,,3,3.0,1991,34,400.0,,,1.0,True,,,N/A,,3,8,44,25.815487,-80.36219,False,2.0,613840.0,5,323.4141201264489
308909410,8240 NW 49th St,Doral,FL,33166,1270000,SINGLE_FAMILY,2254.0,2489.0,4,4.0,2022,3,350.0,New Construction,,2.0,True,,,N/A,988000.0,3,8,308,25.816587,-80.33177,False,,1351071.4285714286,7,458.09023344518454
247699067,7751 NW 107th Ave APT 716,Doral,FL,33178,549999,CONDO,1339.0,,3,3.0,2016,9,975.0,,,3.0,True,,,N/A,490000.0,3,7,61,25.843927,-80.36994,False,8.0,442650.0,8,343.66096075194105
2062393520,4528 NW 83rd Path #4528,Miami,FL,33166,669000,TOWNHOUSE,1424.0,,3,3.0,2022,3,406.0,,,2.0,True,,,N/A,,3,8,55,25.813543,-80.33221,False,2.0,648516.6666666666,6,387.4802821600421
72565779,5201 Geneva Way APT 301,Doral,FL,33166,249000,CONDO,810.0,,1,1.0,1972,53,384.0,,,1.0,True,,,N/A,169000.0,3,8,150,25.818567,-80.32812,False,3.0,231785.7142857143,7,250.24793108126443
44142371,9755 NW 52nd St APT 107,Doral,FL,33178,390000,CONDO,1130.0,,2,2.0,1994,31,650.0,,,0.0,False,,,N/A,160000.0,3,8,97,25.823015,-80.35558,False,5.0,279775.0,8,233.5084001025407
342850607,4330 NW 80th Ct,Doral,FL,33166,1180000,SINGLE_FAMILY,2863.0,2806.0,4,4.0,2022,3,400.0,New Construction,,2.0,True,,,N/A,858000.0,3,8,73,25.813486,-80.32817,False,,1047360.0,5,375.6539521693343
121230755,9831 NW 88th Ter,Doral,FL,33178,699000,TOWNHOUSE,1783.0,,4,3.0,2013,12,421.0,,,1.0,True,,,N/A,391000.0,3,7,47,25.854122,-80.35694,False,2.0,594042.8571428572,7,339.3509981788699
123869192,5180 NW 84th Ave,Doral,FL,33166,950000,SINGLE_FAMILY,2438.0,,3,4.0,2015,10,427.0,,,2.0,True,True,,N/A,596000.0,3,8,264,25.817772,-80.334755,False,,774100.0,1,182.14117647058825
247649956,5252 NW 85th Ave APT 912,Doral,FL,33166,797700,CONDO,1462.0,,3,2.0,2016,9,1427.0,,,0.0,False,,,N/A,575000.0,3,8,25,25.819138,-80.33642,False,22.0,537498.5714285715,7,499.24812238724564
70599732,9759 NW 49th Ter #410,Doral,FL,33178,385000,CONDO,1105.0,,2,2.0,1990,35,448.0,,,0.0,False,,,N/A,200000.0,3,8,19,25.817085,-80.3547,False,2.0,312571.4285714286,7,317.2045810284471
252194972,7875 NW 107th Ave APT 719,Doral,FL,33178,329000,CONDO,726.0,,1,1.0,2017,8,472.0,,,1.0,True,,,N/A,264000.0,3,7,113,25.845797,-80.37027,False,8.0,351000.0,9,436.8106670811287
308909813,8292 NW 43rd St,Doral,FL,33166,849000,TOWNHOUSE,2026.0,,3,4.0,2023,2,438.0,,,2.0,True,,,N/A,739000.0,3,8,3,25.813019,-80.33024,False,3.0,764840.0,5,401.8378398166506
344707778,5300 NW 87th Ave #601,Miami,FL,33178,157000,CONDO,1070.0,,1,2.0,2007,18,1598.0,,,0.0,False,,,N/A,,3,8,396,25.820667,-80.33824,False,2.0,183344.44444444444,9,186.4814660049544
121231178,9840 NW 86th Ter,Doral,FL,33178,1200000,SINGLE_FAMILY,2674.0,5000.0,4,4.0,2013,12,550.0,,,2.0,True,True,,N/A,873000.0,3,7,21,25.852007,-80.35738,False,,1002937.5,8,327.56563342671467
70771782,8255 Lake Dr APT 405,Doral,FL,33166,264000,CONDO,810.0,,1,1.0,1989,36,384.0,,,0.0,False,,,N/A,157000.0,3,8,33,25.818623,-80.33088,False,5.0,290700.0,6,316.96525263776726
352056780,5300 NW 87th Ave #1109,Miami,FL,33178,220000,CONDO,1070.0,,1,2.0,2008,17,1598.0,,,2.0,True,True,,N/A,,3,8,307,25.82071,-80.338165,False,1.0,148862.5,8,173.8578010822255
331698659,6416 NW 102nd Ct #304,Doral,FL,33178,470000,CONDO,1102.0,,3,2.0,2019,6,600.0,,,2.0,True,,,N/A,414000.0,3,7,13,25.831905,-80.36295,False,4.0,482420.0,5,379.56035792689556
79852653,11002 NW 83rd St APT 106,Doral,FL,33178,426990,CONDO,1312.0,,3,2.0,2008,17,665.0,,,0.0,False,,,N/A,370000.0,3,7,75,25.848177,-80.376236,True,2.0,288347.5,4,212.70932335478122
62938571,10700 NW 66th St APT 309,Doral,FL,33178,525000,CONDO,,,3,2.0,2002,23,1000.0,,,2.0,True,,,N/A,470000.0,3,7,27,25.829136,-80.37226,True,5.0,480500.0,8,271.8263607737292
44141740,10355 NW 45th Ln,Doral,FL,33178,1450000,SINGLE_FAMILY,2820.0,7472.0,4,2.0,1990,35,354.0,,,2.0,True,,,N/A,,3,8,25,25.814774,-80.367714,False,,863202.2857142857,7,396.0238142486297
308905838,8264 NW 48th Ter,Doral,FL,33166,1495000,SINGLE_FAMILY,2844.0,2497.0,4,4.0,2019,6,175.0,,,2.0,True,,,N/A,1060000.0,3,8,12,25.816319,-80.3317,False,,1048500.0,7,415.7179346321656
68956531,11053 NW 87th St,Doral,FL,33178,780000,TOWNHOUSE,1651.0,,3,3.0,2008,17,172.0,,Coach Home,2.0,True,,,N/A,375500.0,3,7,59,25.852667,-80.37766,False,2.0,671866.6666666666,3,292.3001409783424
79853388,4580 NW 107th Ave APT 104-13,Doral,FL,33178,395000,CONDO,960.0,,2,2.0,1998,27,529.0,,Old Spanish,0.0,False,,,N/A,123000.0,3,7,188,25.814835,-80.370155,False,3.0,349003.3333333333,6,363.0538260374147
62937686,10853 NW 71st St,Doral,FL,33178,1350000,SINGLE_FAMILY,2400.0,5500.0,4,3.0,1999,26,480.0,,,2.0,True,,,N/A,810000.0,3,7,43,25.839045,-80.3724,False,,1096583.3333333333,6,378.90128792555794
121674329,6950 NW 104th Ct,Doral,FL,33178,1100000,SINGLE_FAMILY,2878.0,4000.0,4,4.0,2014,11,450.0,,,2.0,True,,,N/A,613000.0,3,7,438,25.836699,-80.36691,False,,1011620.0,5,350.9270278523869
448339737,8888 NW 102nd Ct #8888,Miami,FL,33178,705000,TOWNHOUSE,1680.0,,3,3.0,2015,10,458.0,New Construction,,1.0,True,,,N/A,,3,7,33,25.854546,-80.363434,False,2.0,622228.5714285715,7,354.3962148438773
344707777,5300 NW 87th Ave #603,Miami,FL,33178,127000,CONDO,705.0,,1,1.0,2007,18,1055.0,,,0.0,False,,,N/A,,3,8,396,25.820667,-80.33824,False,2.0,183344.44444444444,9,186.4814660049544
162032991,10230 NW 75th Ter,Doral,FL,33178,2300000,SINGLE_FAMILY,4628.0,5625.0,5,7.0,2017,8,1050.0,,,2.0,True,True,,N/A,1325900.0,3,7,81,25.842249,-80.363365,False,,1985816.6666666667,6,468.68744433820535
72506457,5122 NW 79th Ave APT 205,Doral,FL,33166,239000,CONDO,810.0,,1,1.0,1972,53,419.0,,,1.0,True,,,N/A,150000.0,3,8,26,25.82052,-80.32641,False,3.0,228821.42857142858,7,248.32274975972132
121230399,9835 NW 86th Ter,Doral,FL,33178,1250000,SINGLE_FAMILY,3128.0,5000.0,4,4.0,2013,12,421.0,,,2.0,True,,,N/A,535000.0,3,7,28,25.852362,-80.35723,False,,1005737.5,8,321.7575800051375
162032516,10272 NW 75th Ter,Doral,FL,33178,2475000,SINGLE_FAMILY,4874.0,5625.0,6,7.0,2016,9,1050.0,,,2.0,True,,,N/A,1400000.0,3,7,67,25.842245,-80.36452,False,,1942783.3333333333,6,430.7761608486626
122019076,8786 NW 99th Path,Doral,FL,33178,1195000,SINGLE_FAMILY,2622.0,4891.0,4,4.0,2015,10,383.0,,Mediterranean,2.0,True,True,,N/A,729000.0,3,7,165,25.853296,-80.36047,False,,847783.3333333334,6,336.9450657726999
308909638,4606 NW 83rd Path,Doral,FL,33166,669000,TOWNHOUSE,1424.0,,3,3.0,2022,3,192.0,,,2.0,True,,,N/A,510100.0,3,8,53,25.813906,-80.33244,False,2.0,692916.6666666666,6,384.2747530506342
247680810,5252 NW 85th Ave APT 1908,Doral,FL,33166,422500,CONDO,777.0,,1,1.0,2016,9,993.0,,,1.0,True,,,N/A,420000.0,3,8,91,25.819138,-80.33642,False,21.0,570023.75,8,505.04491146640487
331700507,7925 NW 104th Ave APT 25,Doral,FL,33178,439000,CONDO,1135.0,,2,2.0,2019,6,734.0,New Construction,,1.0,True,,,N/A,,3,7,68,25.845364,-80.36454,False,3.0,404799.375,8,358.57098676165737
2068800399,4445 NW 82nd Ave,Miami,FL,33166,1050000,SINGLE_FAMILY,2358.0,2402.0,4,4.0,2022,3,380.0,New Construction,,1.0,True,,,N/A,815000.0,3,8,116,25.812527,-80.32945,False,,874866.6666666666,3,378.49586192715964
121230245,9815 NW 89th Ter,Doral,FL,33178,1370000,SINGLE_FAMILY,3820.0,5500.0,5,5.0,2013,12,421.0,,,4.0,True,,,N/A,650000.0,3,7,59,25.854944,-80.356964,False,,663125.0,4,240.0562486874196
247700818,10218 NW 76th Ter,Doral,FL,33178,1350000,SINGLE_FAMILY,2920.0,5000.0,4,4.0,2017,8,327.0,,,2.0,True,,,N/A,528000.0,3,7,320,25.842873,-80.362915,False,,1294371.4285714286,7,401.8831807414239
443988088,4678 NW 83rd Ave #4678,Doral,FL,33166,1150000,TOWNHOUSE,2116.0,,3,4.0,2021,4,202.0,New Construction,,2.0,True,,,N/A,,3,8,125,25.815563,-80.33202,False,3.0,729692.25,8,382.61968601795945
70793756,8353 Lake Dr APT 404,Doral,FL,33166,250000,CONDO,810.0,,1,1.0,1989,36,384.0,,,1.0,True,,,N/A,50000.0,3,8,28,25.818626,-80.33285,False,5.0,227925.0,8,281.2641557597698
247701855,7825 NW 107th Ave #304,Doral,FL,33178,649700,CONDO,1684.0,,3,3.0,2016,9,650.0,,,2.0,True,,,N/A,415000.0,3,7,20,25.844986,-80.37011,False,8.0,432137.5,8,357.0554481256926
331699889,8031 NW 104th Ave APT 5,Doral,FL,33178,480000,CONDO,1072.0,,2,3.0,2019,6,132.0,,,1.0,True,,,N/A,,3,7,31,25.846815,-80.36502,False,3.0,407700.0,8,351.7180846470759
123870687,8478 NW 52nd St,Doral,FL,33166,1100000,SINGLE_FAMILY,2696.0,2042.0,5,4.0,2015,10,460.0,,,2.0,True,,,N/A,740000.0,3,8,25,25.81783,-80.33549,False,,,0,
124752237,10563 NW 66th St,Doral,FL,33178,999999,TOWNHOUSE,2655.0,,4,5.0,2015,10,275.0,,,2.0,True,,,N/A,550000.0,3,7,45,25.833601,-80.3694,False,3.0,747992.8571428572,7,288.30148506909296
103451563,5300 NW 87th Ave #1507,Doral,FL,33178,127000,CONDO,705.0,,1,1.0,2008,17,1050.0,,,0.0,False,,,N/A,129000.0,3,8,208,25.82071,-80.338165,True,3.0,160487.5,8,177.04100516521083
337200347,4745 NW 84th Ct #47,Doral,FL,33166,535000,CONDO,1129.0,,3,2.0,2019,6,536.0,New Construction,,1.0,True,,,N/A,,3,8,42,25.815754,-80.33488,False,4.0,520166.6666666667,6,431.8291293053697
162032843,10296 NW 74th Ter,Doral,FL,33178,2495000,SINGLE_FAMILY,4628.0,5628.0,5,6.0,2016,9,949.0,,,4.0,True,True,,N/A,1350000.0,3,7,84,25.841032,-80.365295,False,,1722925.0,4,468.44235243267997
331697624,7831 NW 104th Ave APT 23,Doral,FL,33178,489995,CONDO,1072.0,,2,3.0,2019,6,721.0,,,1.0,True,,,N/A,,3,7,6,25.845228,-80.36422,True,3.0,393812.5,8,361.10565041538257
92440432,3420 NW 84th Ave,Doral,FL,33122,1870000,SINGLE_FAMILY,3448.0,5090.0,4,5.0,2015,10,560.0,,,2.0,True,True,,N/A,1600000.0,3,8,132,25.805824,-80.33274,False,,1696014.2857142857,7,429.4799675387929
70771894,8290 Lake Dr APT 549,Doral,FL,33166,259000,CONDO,710.0,,1,1.0,1986,39,350.0,New Construction,,0.0,False,,,N/A,89100.0,3,8,60,25.817423,-80.3316,False,5.0,161214.2857142857,7,203.8766964722699
54583238,11378 NW 72nd Ter,Doral,FL,33178,859000,SINGLE_FAMILY,2104.0,2748.0,3,2.0,2001,24,480.0,,,1.0,True,,,N/A,224700.0,3,7,70,25.83876,-80.38216,False,,780033.3333333334,3,347.7186408435691
62939920,4770 NW 102nd Ave #20419,Doral,FL,33178,365000,CONDO,926.0,,2,2.0,1989,36,788.0,,Old Spanish,2.0,True,,,N/A,40000.0,3,8,382,25.815903,-80.36164,False,2.0,258525.0,4,252.93578589184563
2071284400,3263 NW 102nd Pl #3263,Miami,FL,33172,660000,TOWNHOUSE,1854.0,,3,3.0,2007,18,387.0,,,3.0,True,,,N/A,,3,8,90,25.804033,-80.361984,False,2.0,576540.0,5,301.10668038834274
122019086,10060 NW 86th Ter,Doral,FL,33178,1000000,SINGLE_FAMILY,2462.0,4001.0,3,3.0,2015,10,180.0,,,2.0,True,,,N/A,500000.0,3,7,6,25.851974,-80.36172,False,,836625.0,8,319.0661357292153
331699071,7925 NW 104th Ave #23,Doral,FL,33178,475000,CONDO,1135.0,,3,2.0,2019,6,642.0,,,1.0,True,,,N/A,,3,7,61,25.845364,-80.36454,False,3.0,400299.375,8,354.60622905240626
44141099,9871 NW 52nd Ln,Doral,FL,33178,750000,TOWNHOUSE,1809.0,,3,2.0,1984,41,415.0,,,1.0,True,,,N/A,475000.0,3,8,24,25.82284,-80.35717,False,2.0,615783.3333333334,6,342.3261275413999
123525066,5230 NW 83rd Ct,Doral,FL,33166,890000,TOWNHOUSE,2696.0,,5,4.0,2015,10,427.0,New Construction,,2.0,True,,,N/A,630000.0,3,8,80,25.818205,-80.333954,False,3.0,896680.0,5,413.4146693734686
162033684,7459 NW 97th Ct,Doral,FL,33178,1658000,SINGLE_FAMILY,3292.0,4051.0,5,4.0,2017,8,764.0,,,2.0,True,True,,N/A,850000.0,3,7,27,25.841553,-80.35466,False,,1364283.3333333333,6,438.2599635371958
2061249217,10950 NW 82nd St UNIT 405,Doral,FL,33178,420000,CONDO,1206.0,,2,2.0,2022,3,972.0,,,2.0,True,,,N/A,,3,7,312,25.847492,-80.375114,False,4.0,359410.0,8,304.84285021920414
70793965,8290 Lake Dr APT 235,Doral,FL,33166,329000,CONDO,1036.0,,2,2.0,1986,39,510.0,,,2.0,True,,,N/A,312000.0,3,8,91,25.817423,-80.3316,False,5.0,173437.5,8,223.99070096253195
44140260,5323 NW 109th Ct,Doral,FL,33178,1130000,SINGLE_FAMILY,2620.0,5757.0,4,3.0,2000,25,315.0,,,2.0,True,,,N/A,575000.0,3,7,93,25.821657,-80.37405,False,,868475.0,4,368.8998429908631
62937817,10770 NW 66th St APT 507,Doral,FL,33178,690000,CONDO,2490.0,,3,3.0,1999,26,650.0,,,1.0,True,,,N/A,200000.0,3,7,24,25.832756,-80.371475,False,5.0,541875.0,8,290.90818605054494
103435897,5300 NW 87th Ave #1302,Doral,FL,33178,138900,CONDO,705.0,,1,1.0,2008,17,1056.0,,,2.0,True,,,N/A,130000.0,3,8,99,25.82071,-80.338165,True,2.0,159000.0,8,174.93107608719666
72572258,5020 NW 79th Ave APT 303,Doral,FL,33166,369000,CONDO,1061.0,,2,2.0,1972,53,549.0,,,0.0,False,,,N/A,215600.0,3,8,83,25.819674,-80.32688,False,3.0,248471.42857142858,7,306.75485008818345
64466057,4670 NW 79th Ave APT 1H,Doral,FL,33166,310000,CONDO,1060.0,,2,2.0,1970,55,528.0,,,2.0,True,,,N/A,275000.0,3,8,20,25.81687,-80.32694,False,2.0,225075.0,6,212.33490566037736
123869894,8481 NW 51st Terrace,Doral,FL,33166,879000,TOWNHOUSE,2096.0,1519.0,4,3.0,2015,10,315.0,Resale,,2.0,True,,,N/A,700000.0,3,8,11,25.81741,-80.33545,False,2.0,800400.0,7,385.1701989328936
2075686838,5300 NW 85th Ave APT 1604,Miami,FL,33166,558000,CONDO,1063.0,,2,2.0,2016,9,1265.0,,,1.0,True,,,N/A,,3,8,298,25.82057,-80.336395,False,21.0,427791.6666666667,9,492.6397619560478
2065835722,4335 NW 81st Ave,Miami,FL,33166,1119000,SINGLE_FAMILY,2863.0,2806.0,4,4.0,2022,3,379.0,,,2.0,True,,,N/A,,3,8,92,25.813496,-80.32847,False,,1081333.3333333333,3,377.6923972522995
70771815,8290 Lake Dr APT 302,Doral,FL,33166,259900,CONDO,710.0,,1,1.0,1986,39,299.0,,,0.0,False,,,N/A,69200.0,3,8,45,25.817423,-80.3316,False,5.0,161085.7142857143,7,203.69560995315518
308909312,10455 NW 82nd St #32,Doral,FL,33178,512999,CONDO,1345.0,,3,2.0,2018,7,909.0,,,0.0,False,,,N/A,439000.0,3,7,60,25.84846,-80.368866,False,2.0,499131.6666666667,6,355.62707000904396
247679525,5252 NW 85th Ave APT 1709,Doral,FL,33166,499990,CONDO,950.0,,2,2.0,2016,9,1222.0,,,1.0,True,,,N/A,490000.0,3,8,34,25.819138,-80.33642,False,21.0,570023.75,8,505.04491146640487
2062520771,5300 NW 87th Ave #301,Miami,FL,33178,159000,CONDO,1070.0,,1,2.0,2007,18,1598.0,,,0.0,False,,,N/A,,3,8,91,25.82071,-80.338165,False,3.0,156766.66666666666,9,177.38554281036866
247703369,7661 NW 107th Ave APT 810,Doral,FL,33178,490000,CONDO,1076.0,,2,2.0,2017,8,680.0,Updated/Remodeled,,0.0,False,,,N/A,391000.0,3,7,125,25.843155,-80.37012,False,8.0,456110.0,9,389.3852678624912
2058076492,11539 NW 75th Ln #11539,Miami,FL,33178,650000,TOWNHOUSE,2033.0,,3,3.0,2011,14,360.0,,,3.0,True,True,,N/A,,3,7,42,25.842323,-80.385155,False,2.0,661766.6666666666,3,335.8806537426583
331699500,4740 NW 84th Ct APT 32,Doral,FL,33166,565000,CONDO,1129.0,,3,2.0,2019,6,794.0,,,0.0,False,,,N/A,492000.0,3,8,8,25.815325,-80.33522,False,4.0,548200.0,7,436.939505922171
440263386,8465 NW 51st Ter #8465,Miami,FL,33166,930000,TOWNHOUSE,2438.0,,4,4.0,2015,10,325.0,,,2.0,True,,,N/A,,3,8,215,25.817596,-80.33525,False,3.0,826828.5714285715,7,366.3329654062391
449935886,5300 NW 85th Ave APT 1511,Miami,FL,33166,635000,CONDO,1103.0,,2,2.0,2016,9,1265.0,,,1.0,True,True,,N/A,,3,8,3,25.820751,-80.3363,False,21.0,393477.77777777775,9,417.1610621609759
113377212,8800 NW 107th Ct UNIT 203,Doral,FL,33178,457000,CONDO,1256.0,,3,3.0,2010,15,386.0,,,0.0,False,,,N/A,220000.0,3,7,69,25.853863,-80.371956,False,3.0,276300.0,3,219.56183753720526
446854253,6731 NW 107th Ct #6731,Miami,FL,33178,850000,TOWNHOUSE,2098.0,,3,3.0,2000,25,569.0,,,2.0,True,,,N/A,,3,7,70,25.834724,-80.37055,False,2.0,746850.0,2,341.8664648431187
247699422,7661 NW 107th Ave APT 512,Doral,FL,33178,450000,CONDO,1076.0,,2,2.0,2017,8,954.0,,,2.0,True,,,N/A,439000.0,3,7,47,25.843155,-80.37012,False,8.0,456873.75,8,385.78147467244014
337201269,6420 NW 102nd Path #303,Doral,FL,33178,450000,CONDO,1102.0,,3,2.0,2020,5,633.0,,,0.0,False,,,N/A,,3,7,140,25.831964,-80.36407,False,3.0,460000.0,1,417.4228675136116
331698474,4640 SW 84th Ave #16,Doral,FL,33166,574990,CONDO,1312.0,,2,3.0,2020,5,807.0,,,0.0,False,,,N/A,450000.0,3,8,25,25.814106,-80.33371,False,4.0,553214.2857142857,7,437.48693873884866
252194909,7875 NW 107th Ave APT 216,Doral,FL,33178,320000,CONDO,668.0,,1,1.0,2017,8,848.0,,,1.0,True,,,N/A,205500.0,3,7,52,25.845797,-80.37027,False,8.0,354875.0,8,431.5317609453117
331700614,10407 NW 82nd St #9,Doral,FL,33178,521500,CONDO,1425.0,,3,3.0,2019,6,711.0,,,1.0,True,,,N/A,,3,7,17,25.848284,-80.366936,False,2.0,482500.0,3,345.05840795425456
70793471,8120 Geneva Ct APT 551,Doral,FL,33166,320000,CONDO,992.0,,2,2.0,1984,41,490.0,,,1.0,True,,,N/A,235000.0,3,8,47,25.81788,-80.32856,False,5.0,202450.0,6,220.76541912766925
443551893,6308 NW 104th Path #6308,Miami,FL,33178,920000,TOWNHOUSE,2200.0,,3,4.0,2015,10,290.0,,,2.0,True,,,N/A,,3,7,115,25.830917,-80.36794,False,3.0,775016.6666666666,6,382.587342329665
440161265,8001 41st St #F-310,Doral,FL,33166,388000,CONDO,738.0,,1,1.0,2023,2,754.0,New Construction,,1.0,True,,,N/A,,3,8,218,25.811947,-80.32762,False,3.0,524666.3333333334,3,434.001654086253
103445313,5300 NW 87th Ave #1006,Doral,FL,33178,135000,CONDO,705.0,,1,1.0,2008,17,1056.0,,,0.0,False,,,N/A,90000.0,3,8,17,25.82071,-80.338165,False,2.0,159487.5,8,175.6225654488988
44142400,9755 NW 52nd St APT 318,Doral,FL,33178,355000,CONDO,1130.0,,2,2.0,1994,31,800.0,,,1.0,True,True,,N/A,215000.0,3,8,39,25.822922,-80.355606,False,5.0,250081.25,8,208.5593976075478
308909839,4260 NW 82nd Ave,Doral,FL,33166,1010000,TOWNHOUSE,2366.0,,3,5.0,2023,2,450.0,,,2.0,True,,,N/A,903000.0,3,8,200,25.812592,-80.32956,False,3.0,691050.0,4,421.83403974241924
162032846,7468 NW 103rd Ct,Doral,FL,33178,2300000,SINGLE_FAMILY,4628.0,5625.0,5,6.0,2018,7,1050.0,,,2.0,True,True,,N/A,1200000.0,3,7,42,25.84182,-80.36554,False,,1320937.5,4,309.9829451042974
247699802,7661 NW 107th Ave APT 407,Doral,FL,33178,590000,CONDO,1514.0,,3,3.0,2017,8,1257.0,New Construction,,2.0,True,,,N/A,475000.0,3,7,84,25.843155,-80.37012,False,8.0,439373.75,8,389.3464052092392
308906817,4576 NW 83rd Path,Doral,FL,33166,705000,TOWNHOUSE,1610.0,,3,3.0,2022,3,191.0,,,2.0,True,,,N/A,562800.0,3,8,53,25.813732,-80.33232,False,2.0,652600.0,6,387.8282367028467
2071320141,5300 NW 85th Ave APT 1104,Miami,FL,33166,575000,CONDO,1063.0,,2,2.0,2016,9,1265.0,Updated/Remodeled,,1.0,True,,,N/A,460000.0,3,8,81,25.820751,-80.3363,False,21.0,393477.77777777775,9,417.1610621609759
54695258,10770 NW 66th St APT 301,Doral,FL,33178,550000,CONDO,1950.0,,3,2.0,1999,26,1108.0,,,1.0,True,,,N/A,350000.0,3,7,35,25.832756,-80.371475,False,5.0,559375.0,8,290.29033001100214
308909645,4609 NW 83rd Path,Doral,FL,33166,705000,TOWNHOUSE,1610.0,,3,3.0,2022,3,192.0,,,2.0,True,,,N/A,540800.0,3,8,53,25.814028,-80.3322,False,2.0,714475.0,4,419.4896254049858
2063300544,4553 NW 83rd Path #4553,Miami,FL,33166,705000,TOWNHOUSE,1610.0,,3,3.0,2022,3,406.0,,,2.0,True,,,N/A,,3,8,51,25.813751,-80.33203,False,2.0,613985.7142857143,7,365.06563806561286
119408279,11501 NW 89th St APT 209,Doral,FL,33178,450000,CONDO,1256.0,,3,3.0,2011,14,525.0,,Old Spanish,2.0,True,,,N/A,229300.0,3,7,382,25.854208,-80.384384,False,3.0,371420.0,5,319.306859947312
124752078,10471 NW 66th St,Doral,FL,33178,875000,TOWNHOUSE,2437.0,,4,4.0,2023,2,380.0,New Construction,,2.0,True,True,,N/A,800000.0,3,7,35,25.833546,-80.36787,False,3.0,752800.1666666666,6,308.9779838389306
247680791,5252 NW 85th Ave APT 803,Doral,FL,33166,475000,CONDO,950.0,,2,2.0,2016,9,1200.0,,,1.0,True,,,N/A,396000.0,3,8,221,25.819138,-80.33642,False,21.0,570023.75,8,505.04491146640487
119407223,11503 NW 89th St APT 216,Doral,FL,33178,435000,CONDO,1256.0,,3,3.0,2011,14,578.0,,Old Spanish,2.0,True,,,N/A,,3,7,237,25.854929,-80.38441,False,2.0,384600.0,5,315.1698351234826
66179105,11009 NW 80th Ln,Doral,FL,33178,1100000,SINGLE_FAMILY,3053.0,5500.0,4,4.0,2006,19,250.0,,,2.0,True,,,N/A,415100.0,3,7,31,25.846836,-80.37584,False,,917812.5,8,344.58102525214196
79854257,4560 NW 107th Ave #20712,Doral,FL,33178,310000,CONDO,743.0,,1,1.0,1998,27,458.0,New Construction,,1.0,True,,,N/A,151000.0,3,7,71,25.815052,-80.370766,False,3.0,297090.0,5,307.04026040496007
442337596,4818 NW 83rd Ave #4818,Miami,FL,33166,849000,TOWNHOUSE,1894.0,,3,4.0,2021,4,450.0,New Construction,,2.0,True,,,N/A,,3,8,163,25.816263,-80.33251,False,2.0,723342.8571428572,7,407.12600029816207
331700367,8031 NW 104th Ave APT 31,Doral,FL,33178,460000,CONDO,1236.0,,3,2.0,2019,6,525.0,,,0.0,False,,,N/A,,3,7,27,25.846815,-80.36502,False,3.0,410200.0,8,361.1671983021017
331700188,8015 NW 104th Ave #4,Doral,FL,33178,465000,CONDO,963.0,,2,2.0,2019,6,752.0,,,0.0,False,,,N/A,326100.0,3,7,12,25.846102,-80.36456,False,3.0,363200.0,5,310.9891871957239
331699152,5350 NW 84th Ave #1814,Doral,FL,33166,449000,CONDO,651.0,,1,1.0,2019,6,750.0,,,0.0,False,,,N/A,306000.0,3,8,24,25.820618,-80.334854,False,0.0,350125.0,8,375.7902319525167
70793682,8373 Lake Dr APT 401,Doral,FL,33166,240000,CONDO,810.0,,1,1.0,1989,36,346.0,,,0.0,False,,,N/A,,3,8,80,25.81856,-80.332,False,5.0,276350.0,6,296.62814443516197
2075095247,5300 NW 87th Ave #916,Miami,FL,33178,160000,CONDO,1070.0,,1,2.0,2008,17,1598.0,,,0.0,False,,,N/A,138000.0,3,8,15,25.82071,-80.338165,False,2.0,156766.66666666666,9,177.38554281036866
447730091,8001 41st St #F-302,Miami,FL,33166,499999,CONDO,1124.0,,3,2.0,2023,2,794.0,New Construction,,1.0,True,,,N/A,,3,8,48,25.811947,-80.32762,False,4.0,487333.3333333333,3,460.9704172466011
449046128,10365 NW 66th St #10365,Miami,FL,33178,850000,TOWNHOUSE,1812.0,,4,3.0,2019,6,270.0,,,1.0,True,,,N/A,,3,7,12,25.83355,-80.36585,False,2.0,697633.3333333334,3,363.0305649494698
62938548,10700 NW 66th St APT 304,Doral,FL,33178,495000,CONDO,1710.0,,3,2.0,2002,23,928.0,,,0.0,False,,,N/A,315000.0,3,7,294,25.829136,-80.37226,False,5.0,478428.5714285714,7,269.30531456847245
79859676,4580 NW 107th Ave UNIT 20713,Doral,FL,33178,308000,CONDO,743.0,,1,1.0,1998,27,474.0,,,0.0,False,,,N/A,195000.0,3,7,124,25.814835,-80.370155,False,2.0,363503.3333333333,6,362.54093722329776
70793795,8343 Lake Dr APT 207,Doral,FL,33166,250000,CONDO,810.0,,1,1.0,1989,36,384.0,,,1.0,True,,,N/A,123000.0,3,8,28,25.818197,-80.33314,False,5.0,283100.0,5,322.36424394319135
72566949,5112 NW 79th Ave APT 201,Doral,FL,33166,245000,CONDO,,,1,1.0,1972,53,419.0,,,1.0,True,,,N/A,163000.0,3,8,7,25.820208,-80.326706,False,3.0,230093.75,8,254.1651220891389
2060962888,5300 NW 87th Ave #807,Miami,FL,33178,175000,CONDO,705.0,,1,1.0,2007,18,1100.0,,,0.0,False,,,N/A,140000.0,3,8,145,25.82071,-80.338165,False,3.0,156766.66666666666,9,177.38554281036866
64804808,4460 NW 79th Ave APT 1D,Doral,FL,33166,305000,CONDO,1060.0,,2,2.0,1970,55,528.0,,,2.0,True,,,N/A,125000.0,3,8,38,25.814987,-80.32681,False,2.0,269160.0,5,271.8732462506048
338743490,7915 NW 104th Ave #5,Doral,FL,33178,480000,CONDO,1072.0,,2,3.0,2020,5,721.0,,,0.0,False,,,N/A,,3,7,14,25.845648,-80.36562,False,3.0,449250.0,4,394.0839619532039
331698832,5350 NW 84th Ave UNIT 1113,Doral,FL,33166,759900,CONDO,1379.0,,3,3.0,2019,6,1511.0,,,0.0,False,,,N/A,653500.0,3,8,417,25.820604,-80.334854,True,20.0,411850.0,9,485.0700609331728
338742246,8045 NW 104th Ave #21,Doral,FL,33178,485000,CONDO,1236.0,,3,2.0,2021,4,504.0,,,1.0,True,,,N/A,,3,7,34,25.846884,-80.36642,False,3.0,502800.0,3,417.47549054550467
348830150,8001 41st St #409,Doral,FL,33166,499000,CONDO,1171.0,,2,3.0,2023,2,500.0,New Construction,,1.0,True,,,N/A,,3,8,143,25.811947,-80.32762,False,4.0,487666.3333333333,3,467.20623606090845
337200910,6420 NW 102nd Path UNIT 304,Doral,FL,33178,460000,CONDO,1102.0,,3,2.0,2020,5,633.0,,,0.0,False,,,N/A,,3,7,68,25.831964,-80.36407,False,3.0,450000.0,1,408.3484573502722
62925463,10730 NW 66th St APT 108,Doral,FL,33178,780000,CONDO,2810.0,,3,3.0,1998,27,569.0,,,1.0,True,,,N/A,720000.0,3,7,38,25.83068,-80.37128,False,5.0,391614.28571428574,7,230.3613445378151
44142451,9805 NW 52nd St APT 411,Doral,FL,33178,399900,CONDO,1130.0,,2,2.0,1994,31,701.0,,,1.0,True,,,N/A,207000.0,3,8,83,25.821972,-80.35582,False,5.0,387300.0,6,310.5569189465685
447635665,8265 NW 41st St APT 408,Miami,FL,33166,515000,CONDO,1124.0,,3,2.0,2021,4,607.0,,,0.0,False,,,N/A,,3,8,53,25.811884,-80.33008,False,4.0,500437.5,8,457.4410986485897
72571868,4920 NW 79th Ave UNIT 113,Doral,FL,33166,325000,CONDO,810.0,,1,1.0,1972,53,400.0,,,1.0,True,,,N/A,180000.0,3,8,24,25.818665,-80.32585,False,1.0,268637.5,8,281.06210611394397
448801858,4636 NW 84th Ave #48,Miami,FL,33166,565000,CONDO,1129.0,,3,2.0,2019,6,760.0,,,1.0,True,,,N/A,,3,8,19,25.813457,-80.33377,False,4.0,385825.0,8,341.74047829938
44139651,10730 NW 66th St APT 203,Doral,FL,33178,480000,CONDO,1700.0,,3,2.0,1998,27,1069.0,,,0.0,False,,,N/A,349000.0,3,7,38,25.83068,-80.37128,False,5.0,434471.4285714286,7,229.67950596608748
62938340,6520 NW 114th Ave APT 1621,Doral,FL,33178,415000,CONDO,1271.0,,3,2.0,2002,23,408.0,,,2.0,True,,,N/A,299900.0,3,7,152,25.8332,-80.38454,False,3.0,390520.0,5,303.01461936681375
2058002069,5300 NW 87th Ave #606,Miami,FL,33178,150000,CONDO,705.0,,1,1.0,2007,18,1056.0,,,0.0,False,,,N/A,,3,8,725,25.820667,-80.33824,False,3.0,183344.44444444444,9,186.4814660049544
247702223,7751 NW 107th Ave APT 509,Doral,FL,33178,520000,CONDO,1244.0,,2,2.0,2016,9,850.0,,,1.0,True,,,N/A,300000.0,3,7,94,25.843927,-80.36994,False,8.0,446399.875,8,342.7543503213514
343001088,8201 NW 41st St #D-206,Doral,FL,33166,500000,CONDO,1124.0,,3,2.0,2022,3,821.0,,,0.0,False,,,N/A,,3,8,210,25.81209,-80.3295,False,4.0,508737.375,8,455.4591825225779
72563010,5201 Geneva Way APT 108,Doral,FL,33166,255000,CONDO,810.0,,1,1.0,1972,53,434.0,,,0.0,False,,,N/A,135000.0,3,8,108,25.818567,-80.32812,False,3.0,230928.57142857142,7,249.1897300230634
363867495,5198 NW 83rd Ct #5198,Miami,FL,33166,1160000,TOWNHOUSE,2438.0,,3,4.0,2015,10,315.0,,,2.0,True,,,N/A,,3,8,287,25.817953,-80.334145,False,4.0,809280.0,5,372.5669202000252
439900643,5300 NW 87th Ave #1308,Miami,FL,33178,230000,CONDO,1070.0,,1,2.0,2008,17,1599.0,,,0.0,False,,,N/A,,3,8,224,25.82071,-80.338165,False,2.0,147612.5,8,172.68957678316008
2055102672,8265 NW 41st St #C-405,Doral,FL,33166,550000,CONDO,1124.0,,3,2.0,2021,4,814.0,,,0.0,False,,,N/A,500000.0,3,8,28,25.811884,-80.33008,False,4.0,502055.55555555556,9,457.52376028550003
2073990967,5300 NW 87th Ave #107,Miami,FL,33178,130000,CONDO,705.0,,1,1.0,2007,18,1056.0,,,0.0,False,,,N/A,125000.0,3,8,47,25.82071,-80.338165,False,2.0,156766.66666666666,9,177.38554281036866
2096084521,5300 NW 85th Ave APT 1107,Doral,FL,33166,425000,CONDO,698.0,,1,1.0,2016,9,845.0,,,1.0,True,,,N/A,,3,8,139,25.820778,-80.3365,False,21.0,275231.25,8,269.74440489229926
247652209,5300 Paseo Dr #1404,Doral,FL,33166,560000,CONDO,1063.0,,2,2.0,2016,9,1065.0,,,0.0,False,,,N/A,482200.0,3,8,79,25.820751,-80.3363,False,24.0,372662.5,8,403.45483086712795
331698769,5350 NW 84th Ave #1001,Doral,FL,33166,770000,CONDO,1379.0,,3,3.0,2019,6,142.0,,,2.0,True,,,N/A,635000.0,3,8,167,25.820618,-80.334854,False,11.0,350125.0,8,375.7902319525167
247699927,7751 NW 107th Ave APT 504,Doral,FL,33178,655000,CONDO,1684.0,,3,3.0,2016,9,937.0,,,2.0,True,,,N/A,469000.0,3,7,203,25.843985,-80.36997,False,8.0,487125.0,8,376.04397006106103
252195650,7875 NW 107th Ave APT 511,Doral,FL,33178,329000,CONDO,,,1,1.0,2017,8,836.0,,,1.0,True,,,N/A,,3,7,55,25.845797,-80.37027,False,7.0,351000.0,9,436.8106670811287
331700240,8025 NW 104th Ave APT 23,Doral,FL,33178,460000,CONDO,1072.0,,2,3.0,2019,6,735.0,"New Construction,Under Construction",,2.0,True,,,N/A,,3,7,53,25.846712,-80.36459,False,0.0,403950.0,8,362.40245527533375
331699727,5350 NW 84th Ave #1701,Doral,FL,33166,790000,CONDO,1379.0,,3,3.0,2019,6,1754.0,,,2.0,True,,,N/A,660000.0,3,8,146,25.820618,-80.334854,False,20.0,350125.0,8,375.7902319525167
338743006,7915 NW 104th Ave CONDO 33,Doral,FL,33178,460000,CONDO,1135.0,,2,2.0,2020,5,662.0,,,0.0,False,,,N/A,,3,7,40,25.845648,-80.36562,False,3.0,454250.0,4,404.7026745575829
443988096,5300 Paseo Blvd #502,Miami,FL,33166,737550,CONDO,1333.0,,3,2.0,2016,9,1597.0,,,2.0,True,,,N/A,,3,8,138,25.820751,-80.3363,False,17.0,393477.77777777775,9,417.1610621609759
331698309,5350 NW 84th Ave UNIT 812,Doral,FL,33166,445000,CONDO,650.0,,1,1.0,2019,6,812.0,,,1.0,True,,,N/A,274000.0,3,8,304,25.820618,-80.334854,False,20.0,350125.0,8,375.7902319525167
331700467,4670 NW 84th Ave #33,Doral,FL,33166,500000,CONDO,1129.0,,2,2.0,2019,6,695.0,,,0.0,False,,,N/A,485000.0,3,8,172,25.81465,-80.333916,False,4.0,442200.0,3,465.9973200699507
2062589874,5300 NW 87th Ave #503,Miami,FL,33178,119000,CONDO,705.0,,0,1.0,2007,18,1250.0,,,1.0,True,,,N/A,,3,8,31,25.82071,-80.338165,False,2.0,156766.66666666666,9,177.38554281036866
119405766,11501 NW 89th st UNIT 220,Doral,FL,33178,410000,CONDO,1121.0,,2,3.0,2011,14,429.0,As Is,,0.0,False,,,N/A,,3,7,62,25.854,-80.383415,False,2.0,404387.5,8,336.64901843806956
252196137,7875 NW 107th Ave APT 518,Doral,FL,33178,329000,CONDO,668.0,,1,1.0,2017,8,848.0,,,0.0,False,True,,N/A,223000.0,3,7,60,25.845797,-80.37027,False,8.0,351000.0,9,436.8106670811287
247702352,7825 NW 107th Ave APT 417,Doral,FL,33178,370000,CONDO,989.0,,1,2.0,2016,9,871.0,,,1.0,True,,,N/A,265000.0,3,7,173,25.844986,-80.37011,False,8.0,432137.5,8,357.0554481256926
331698712,5350 NW 84th Ave UNIT 612,Doral,FL,33166,440000,CONDO,650.0,,1,1.0,2019,6,812.0,,,1.0,True,,,N/A,268000.0,3,8,304,25.820618,-80.334854,False,20.0,350125.0,8,375.7902319525167
2071321123,5300 NW 87th Ave #110,Miami,FL,33178,160000,CONDO,705.0,,1,1.0,2007,18,1056.0,,,0.0,False,,,N/A,145000.0,3,8,165,25.82071,-80.338165,False,10.0,156766.66666666666,9,177.38554281036866
252195577,7875 NW 107th Ave APT 705,Doral,FL,33178,329000,CONDO,,,1,1.0,2017,8,836.0,,,1.0,True,,,N/A,,3,7,55,25.846222,-80.37074,False,7.0,421500.0,3,437.6502882569916
247699982,7825 NW 107th Ave APT 618,Doral,FL,33178,385000,CONDO,989.0,,1,2.0,2017,8,832.0,,,1.0,True,,,N/A,3000.0,3,7,55,25.844986,-80.37011,False,8.0,432137.5,8,357.0554481256926
331697543,5350 NW 84th Ave #1014,Doral,FL,33166,445000,CONDO,651.0,,1,1.0,2019,6,826.0,,,1.0,True,,,N/A,285000.0,3,8,13,25.820618,-80.334854,True,20.0,336571.4285714286,7,331.82258679146526
331698401,5350 NW 84th Ave UNIT 901,Doral,FL,33166,730000,CONDO,1379.0,,3,3.0,2019,6,1511.0,,,2.0,True,,,N/A,627000.0,3,8,99,25.820618,-80.334854,False,20.0,350125.0,8,375.7902319525167
331699132,5350 NW 84th Ave UNIT 601,Doral,FL,33166,729000,CONDO,1379.0,,3,3.0,2019,6,1557.0,,,2.0,True,,,N/A,4000.0,3,8,55,25.820618,-80.334854,False,0.0,350125.0,8,375.7902319525167
247700869,7825 NW 107th Ave APT 718,Doral,FL,33178,370000,CONDO,989.0,,1,2.0,2017,8,830.0,,,1.0,True,,,N/A,325000.0,3,7,136,25.844986,-80.37011,False,8.0,432137.5,8,357.0554481256926
82062781,10805 NW 89th Ter #2024,Doral,FL,33178,520000,CONDO,1123.0,,2,3.0,2007,18,393.0,,,2.0,True,,,N/A,225000.0,3,7,83,25.85491,-80.37274,False,3.0,397014.28571428574,7,325.7834737441191
2060210138,8201 NW 41st St #D-407,Doral,FL,33166,514900,CONDO,1124.0,,2,3.0,2022,3,552.0,,,0.0,False,,,N/A,,3,8,252,25.81209,-80.3295,False,4.0,506874.875,8,453.80215405282706
347339310,5300 NW 87th Ave #910,Miami,FL,33178,145000,CONDO,705.0,,1,1.0,2008,17,1058.0,,,2.0,True,,,N/A,,3,8,384,25.820667,-80.33824,True,2.0,183344.44444444444,9,186.4814660049544
331699186,5350 NW 84th Ave #1901,Doral,FL,33166,870000,CONDO,1377.0,,3,3.0,2019,6,1699.0,,,2.0,True,,,N/A,715000.0,3,8,421,25.820604,-80.334854,False,20.0,411850.0,9,485.0700609331728
449871943,5300 Paseo Blvd #608,Miami,FL,33166,439900,CONDO,778.0,,1,1.0,2016,9,845.0,,,1.0,True,,,N/A,,3,8,10,25.820751,-80.3363,False,17.0,393477.77777777775,9,417.1610621609759
70793997,8290 Lake Dr APT 349,Doral,FL,33166,240000,CONDO,710.0,,1,1.0,1986,39,350.0,,,0.0,False,,,N/A,190900.0,3,8,42,25.817423,-80.3316,False,5.0,173437.5,8,223.99070096253195
308906748,8231 NW 48th St,Doral,FL,33166,1800000,SINGLE_FAMILY,2844.0,2561.0,4,4.0,2019,6,280.0,,,2.0,True,,,N/A,990000.0,3,8,798,25.816418,-80.33112,False,,982975.0,4,324.3258936291094
2068449834,6671 NW 105th Pl #6671,Miami,FL,33178,995000,TOWNHOUSE,2683.0,,4,5.0,2015,10,380.0,,,1.0,True,,,N/A,785000.0,3,7,104,25.834126,-80.369026,False,4.0,648475.1666666666,6,257.7976019619178
343001459,8201 NW 41st St #D-304,Doral,FL,33166,550000,CONDO,1334.0,,3,2.0,2022,3,600.0,,,0.0,False,,,N/A,,3,8,38,25.81209,-80.3295,False,4.0,502487.375,8,459.5274330948007
337200340,10431 NW 82nd St UNIT 5,Doral,FL,33178,519000,CONDO,1425.0,,3,3.0,2019,6,906.0,,,1.0,True,,,N/A,,3,7,35,25.848423,-80.36784,False,2.0,507625.0,4,349.2948271296966
447598182,5300 NW 85th Ave APT 1803,Miami,FL,33166,620000,CONDO,961.0,,2,2.0,2016,9,150.0,,,0.0,False,,,N/A,,3,8,95,25.820751,-80.3363,False,21.0,393477.77777777775,9,417.1610621609759
70793852,8323 Lake Dr APT 503,Doral,FL,33166,250000,CONDO,810.0,,1,1.0,1989,36,398.0,,,1.0,True,,,N/A,150000.0,3,8,24,25.818047,-80.33215,False,5.0,227800.0,6,260.67854822240787
447961445,(Undisclosed Address),Miami,FL,33178,690000,TOWNHOUSE,1712.0,,3,3.0,1989,36,860.0,,,0.0,False,,,N/A,,3,8,42,,,False,2.0,612900.0,4,355.9834279038718
343001381,8201 NW 41st St #D-107,Doral,FL,33166,545000,CONDO,1124.0,,3,2.0,2022,3,800.0,,,1.0,True,,,N/A,,3,8,157,25.81209,-80.3295,False,4.0,503112.375,8,450.45473412400145
2075888265,6683 NW 103rd Pkwy #6683,Miami,FL,33178,980000,TOWNHOUSE,2379.0,,4,3.0,2019,6,270.0,,,0.0,False,,,N/A,,3,7,313,25.83413,-80.36442,False,2.0,726900.0,3,340.88900416071675
331698654,5350 NW 84th Ave #613,Doral,FL,33166,779000,CONDO,1379.0,,3,3.0,2019,6,1723.0,New Construction,,2.0,True,,,N/A,558000.0,3,8,1419,25.820625,-80.33485,False,20.0,510487.5,8,642.0862822980062
308909298,7825 NW 104th Ave APT 32,Doral,FL,33178,498000,CONDO,1072.0,,2,3.0,2018,7,483.0,,,1.0,True,,,N/A,,3,7,42,25.8452,-80.363884,False,3.0,386213.5714285714,7,356.3705302296613
247701655,7751 NW 107th Ave APT 707,Doral,FL,33178,480000,CONDO,1130.0,,2,2.0,2016,9,657.0,,,1.0,True,,,N/A,317400.0,3,7,52,25.843927,-80.36994,True,12.0,451399.875,8,341.9078090471289
247701664,7661 NW 107th Ave APT 714,Doral,FL,33178,595000,CONDO,1556.0,,3,4.0,2017,8,1250.0,,,2.0,True,,,N/A,487000.0,3,7,69,25.843155,-80.37012,False,8.0,456110.0,9,389.3852678624912
331697517,5350 NW 84th Ave UNIT 401,Doral,FL,33166,745000,CONDO,1379.0,,3,3.0,2019,6,210.0,,,0.0,False,,,N/A,587000.0,3,8,91,25.820618,-80.334854,False,19.0,293714.28571428574,7,352.2964714493074
308909642,4621 NW 83rd Path,Doral,FL,33166,705000,TOWNHOUSE,1610.0,,3,3.0,2022,3,406.0,,,2.0,True,,,N/A,540800.0,3,8,51,25.81417,-80.33228,False,2.0,681750.0,6,444.57024160212563
252194944,7875 NW 107th Ave APT 318,Doral,FL,33178,329000,CONDO,668.0,,1,1.0,2017,8,836.0,,,1.0,True,,,N/A,310000.0,3,7,73,25.845797,-80.37027,False,8.0,353750.0,8,429.8476292087847
308909313,10455 NW 82nd St UNIT 35,Doral,FL,33178,511990,CONDO,1345.0,,3,2.0,2018,7,909.0,,,0.0,False,,,N/A,425000.0,3,7,14,25.84846,-80.368866,False,3.0,499299.8333333333,6,355.7521009879783
331700468,5350 NW 84th Ave #1513,Doral,FL,33166,830000,CONDO,1379.0,,3,3.0,2019,6,1511.0,,,2.0,True,,,N/A,644000.0,3,8,176,25.820618,-80.334854,False,20.0,350125.0,8,375.7902319525167
2094273365,5300 Paseo Blvd APT 312,Doral,FL,33166,430000,CONDO,761.0,,1,1.0,2016,9,945.0,New Construction,,1.0,True,True,,N/A,,3,8,76,25.820751,-80.3363,False,2.0,393477.77777777775,9,417.1610621609759
247650548,5252 NW 85th Ave APT 1601,Doral,FL,33166,575000,CONDO,1067.0,,2,2.0,2016,9,1370.0,,,1.0,True,,,N/A,443200.0,3,8,209,25.819138,-80.33642,False,21.0,570023.75,8,505.04491146640487
331699558,4640 SW 84th Ave #13,Doral,FL,33166,615000,CONDO,1431.0,,3,3.0,2020,5,586.0,,,0.0,False,,,N/A,,3,8,48,25.81411,-80.33439,False,3.0,464633.3333333333,6,370.0791562211475
2055633678,8265 NW 41st St #C-202,Doral,FL,33166,379900,CONDO,738.0,,1,1.0,2021,4,754.0,New Construction,,1.0,True,,,N/A,,3,8,216,25.811884,-80.33008,False,4.0,502055.55555555556,9,457.52376028550003
247701661,7661 NW 107th Ave APT 304,Doral,FL,33178,340000,CONDO,833.0,,1,2.0,2017,8,899.0,,,1.0,True,,,N/A,265000.0,3,7,212,25.843155,-80.37012,False,8.0,456110.0,9,389.3852678624912
247702218,7661 NW 107th Ave APT 614,Doral,FL,33178,587500,CONDO,1556.0,,3,4.0,2017,8,1160.0,,,0.0,False,,,N/A,484000.0,3,7,350,25.843155,-80.37012,False,8.0,456110.0,9,389.3852678624912
247700491,7751 NW 107th Ave APT 209,Doral,FL,33178,490000,CONDO,1244.0,,2,2.0,2016,9,539.0,New Construction,,2.0,True,,,N/A,381400.0,3,7,104,25.843927,-80.36994,False,8.0,450149.875,8,345.7688197747276
70793709,8363 Lake Dr APT 101,Doral,FL,33166,299000,CONDO,810.0,,1,1.0,1989,36,385.0,,,1.0,True,,,N/A,41300.0,3,8,371,25.81854,-80.332405,False,5.0,276057.14285714284,7,286.9950007293366
338742237,8045 NW 104th Ave #35,Doral,FL,33178,445000,CONDO,1135.0,,2,2.0,2021,4,483.0,,,1.0,True,,,N/A,,3,7,34,25.846884,-80.36642,False,3.0,516133.3333333333,3,417.58360302049624
247702044,10630 NW 88th St APT 211,Doral,FL,33178,490000,CONDO,1256.0,,3,3.0,2016,9,466.0,,Old Spanish,0.0,False,,,N/A,320000.0,3,7,120,25.851053,-80.36858,False,3.0,340342.85714285716,7,275.1977625501071
44143697,3340 Torremolinos Ave #A-40,Doral,FL,33178,625000,TOWNHOUSE,1712.0,,4,3.0,1985,40,833.0,,,0.0,True,,,N/A,,3,8,0,25.805246,-80.36315,False,2.0,540350.0,3,330.10341800148814
308909843,4236 NW 82nd Ave,Doral,FL,33166,1100000,SINGLE_FAMILY,2810.0,2154.0,3,5.0,2023,2,225.0,New Construction,,2.0,True,,,N/A,915000.0,3,8,0,25.812595,-80.329865,False,,792000.0,2,325.26375892202435
252195405,7875 NW 107th Ave APT 310,Doral,FL,33178,409990,CONDO,1066.0,,2,2.0,2017,8,954.0,,,2.0,True,,,N/A,363000.0,3,7,62,25.845797,-80.37027,False,8.0,351000.0,9,436.8106670811287
331697136,10222 NW 64th Way APT 103,Doral,FL,33178,550000,CONDO,,,3,3.0,2019,6,500.0,,,0.0,False,,,N/A,487500.0,3,7,39,25.832108,-80.36265,False,3.0,474133.3333333333,6,379.3836853842965
62937760,10750 NW 66th St APT 110,Doral,FL,33178,545000,CONDO,1700.0,,3,2.0,1998,27,1218.0,,,1.0,True,,,N/A,265000.0,3,7,221,25.831741,-80.371284,False,5.0,542075.0,8,291.0873403281295
2065446297,6651 NW 105th Pl #6651,Miami,FL,33178,889000,TOWNHOUSE,2654.0,,3,5.0,2015,10,270.0,,,2.0,True,,,N/A,805000.0,3,7,47,25.834011,-80.369026,False,4.0,714600.0,6,279.20161569542273
444673214,5300 Paseo Blvd #1611,Miami,FL,33166,650000,CONDO,1103.0,,2,2.0,2016,9,1317.0,,,1.0,True,,,N/A,,3,8,228,25.820751,-80.3363,False,22.0,393477.77777777775,9,417.1610621609759
247702998,7661 NW 107th Ave APT 302,Doral,FL,33178,332000,CONDO,,,1,2.0,2017,8,826.0,,,1.0,True,,,N/A,1700.0,3,7,54,25.843155,-80.37012,False,7.0,456110.0,9,389.3852678624912
252194579,7875 NW 107th Ave APT 215,Doral,FL,33178,365000,CONDO,761.0,,1,1.0,2017,8,680.0,New Construction,,1.0,True,,,N/A,220000.0,3,7,140,25.845797,-80.37027,False,8.0,349250.0,8,431.4579925819071
2079873755,6651 NW 105th Ct UNIT 6651,Miami,FL,33178,895000,TOWNHOUSE,2654.0,,3,5.0,2015,10,295.0,,,2.0,True,,,N/A,520000.0,3,7,107,25.834015,-80.36842,False,4.0,821720.0,5,314.8376910771303
447649674,8265 NW 41st St #305,Miami,FL,33166,515000,CONDO,1124.0,,3,2.0,2021,4,821.0,,,0.0,False,,,N/A,,3,8,55,25.811884,-80.33008,False,8.0,502055.55555555556,9,457.52376028550003
2052885331,8265 NW 41st St #303,Miami,FL,33166,515000,CONDO,1124.0,,2,3.0,2021,4,607.0,,,0.0,False,,,N/A,,3,8,53,25.811884,-80.33008,False,4.0,502055.55555555556,9,457.52376028550003
331697226,5350 NW 84th Ave #303,Doral,FL,33166,445000,CONDO,686.0,,1,1.0,2019,6,751.0,,,1.0,True,,,N/A,403000.0,3,8,139,25.820618,-80.334854,False,20.0,336571.4285714286,7,336.8048298532719
2052856634,8265 NW 41st St #C-307,Doral,FL,33166,388000,CONDO,738.0,,1,1.0,2021,4,754.0,New Construction,,1.0,True,,,N/A,,3,8,217,25.811884,-80.33008,False,4.0,502055.55555555556,9,457.52376028550003
72561346,4810 NW 79th Ave APT 108,Doral,FL,33166,250000,CONDO,810.0,,1,1.0,1972,53,384.0,,,1.0,True,,,N/A,170000.0,3,8,28,25.817896,-80.326614,False,5.0,222700.0,8,263.9275782222688
331699221,5350 NW 84th Ave #1013,Doral,FL,33166,760000,CONDO,1379.0,,3,3.0,2019,6,1511.0,,,2.0,True,,,N/A,595000.0,3,8,222,25.820618,-80.334854,False,20.0,350125.0,8,375.7902319525167
70793890,8290 Lake Dr APT 310,Doral,FL,33166,262500,CONDO,710.0,,1,1.0,1986,39,350.0,,,0.0,False,,,N/A,225000.0,3,8,25,25.817423,-80.3316,False,4.0,160714.2857142857,7,203.17247112015724
308906641,7825 NW 104th Ave APT 23,Doral,FL,33178,475000,CONDO,1072.0,,2,3.0,2018,7,700.0,,,1.0,True,,,N/A,,3,7,64,25.8452,-80.363884,False,3.0,389499.28571428574,7,359.43556221260377
79853039,4350 NW 107th Ave APT 201-2,Doral,FL,33178,310000,CONDO,743.0,,1,1.0,1998,27,474.0,,,0.0,False,,,N/A,198000.0,3,7,188,25.81381,-80.37191,False,3.0,362833.3333333333,3,382.05842858180176
2055096839,(Undisclosed Address),Miami,FL,33178,150000,CONDO,705.0,,1,1.0,2007,18,1055.0,,,1.0,True,,,N/A,145000.0,3,8,398,,,False,3.0,183344.44444444444,9,186.4814660049544
123741773,5220 NW 83rd Ct,Doral,FL,33166,1089000,TOWNHOUSE,2438.0,,4,4.0,2015,10,301.0,,,2.0,True,,,N/A,580000.0,3,8,42,25.818197,-80.33413,False,3.0,878820.0,5,380.28121473181034
447649643,8265 NW 41st St #304,Miami,FL,33166,515000,CONDO,1124.0,,3,2.0,2021,4,821.0,,,0.0,False,,,N/A,,3,8,55,25.811884,-80.33008,False,10.0,502055.55555555556,9,457.52376028550003
2057117893,8201 NW 41st St #106,Miami,FL,33166,515000,CONDO,1124.0,,3,2.0,2022,3,607.0,,,0.0,False,,,N/A,,3,8,53,25.81209,-80.3295,False,4.0,506862.375,8,453.7910330563858
340883830,8265 NW 41st St #C-102,Miami,FL,33166,380000,CONDO,738.0,,1,1.0,2021,4,821.0,,,0.0,False,,,N/A,,3,8,420,25.811884,-80.33008,False,4.0,517312.5,8,450.35108668975124
343001457,8265 NW 41st St #C-204,Doral,FL,33166,515000,CONDO,1124.0,,3,2.0,2021,4,821.0,,,0.0,False,,,N/A,,3,8,53,25.811884,-80.33008,False,4.0,500437.5,8,457.4410986485897
447635650,8265 NW 41st St #401,Miami,FL,33166,515000,CONDO,1124.0,,3,2.0,2021,4,821.0,,,0.0,False,,,N/A,,3,8,53,25.811884,-80.33008,False,4.0,500437.5,8,457.4410986485897
247700906,7825 NW 107th Ave APT 414,Doral,FL,33178,445000,CONDO,1244.0,,2,2.0,2016,9,515.0,,,0.0,False,,,N/A,451900.0,3,7,25,25.844986,-80.37011,False,8.0,432137.5,8,357.0554481256926
351625286,8265 NW 41st St #308,Miami,FL,33166,515000,CONDO,1124.0,,3,2.0,2021,4,821.0,,,0.0,False,,,N/A,,3,8,55,25.811884,-80.33008,False,8.0,500437.5,8,457.4410986485897
447649862,8265 NW 41st St #404,Miami,FL,33166,515000,CONDO,1124.0,,3,2.0,2021,4,821.0,,,0.0,False,,,N/A,,3,8,55,25.811884,-80.33008,False,8.0,502055.55555555556,9,457.52376028550003
2052885403,8265 NW 41st St #105,Miami,FL,33166,515000,CONDO,1124.0,,3,2.0,2021,4,821.0,,,0.0,False,,,N/A,,3,8,55,25.811884,-80.33008,False,8.0,502055.55555555556,9,457.52376028550003
247652696,5252 NW 85th Ave APT 1810,Doral,FL,33166,567000,CONDO,1052.0,,2,2.0,2016,9,1040.0,,,1.0,True,,,N/A,476200.0,3,8,34,25.819138,-80.33642,False,21.0,570023.75,8,505.04491146640487
2062478095,8201 NW 41st St #306,Miami,FL,33166,515000,CONDO,1124.0,,3,2.0,2022,3,607.0,,,0.0,False,,,N/A,,3,8,53,25.81209,-80.3295,False,4.0,507766.55555555556,9,454.27925753687435
103433368,5300 NW 87th Ave #802,Doral,FL,33178,155000,CONDO,705.0,,0,1.0,2007,18,1058.0,,,0.0,False,,,N/A,160900.0,3,8,194,25.82071,-80.338165,True,2.0,156987.5,8,172.07646615811865
247649816,5252 NW 85th Ave APT 511,Doral,FL,33166,545000,CONDO,1097.0,,2,2.0,2016,9,1387.0,,,1.0,True,,,N/A,392200.0,3,8,32,25.819138,-80.33642,False,21.0,573598.5714285715,7,506.2214016185922
70793666,8255 Lake Dr APT 504,Doral,FL,33166,289000,CONDO,810.0,,1,1.0,1989,36,338.0,,,0.0,False,,,N/A,171200.0,3,8,385,25.818707,-80.33101,False,5.0,286533.3333333333,6,311.82121971595654
2054367553,5300 NW 87th Ave #1003,Miami,FL,33178,130000,CONDO,705.0,,1,1.0,2008,17,1056.0,,,0.0,False,,,N/A,,3,8,47,25.82071,-80.338165,False,2.0,156766.66666666666,9,177.38554281036866
2062478094,8201 NW 41st St #203,Miami,FL,33166,515000,CONDO,1124.0,,3,2.0,2022,3,821.0,,,0.0,False,,,N/A,,3,8,51,25.81209,-80.3295,False,4.0,506862.375,8,453.7910330563858
70793983,8290 Lake Dr APT 139,Doral,FL,33166,285000,CONDO,710.0,,1,1.0,1986,39,350.0,,,0.0,False,,,N/A,180900.0,3,8,32,25.817423,-80.3316,False,5.0,173437.5,8,223.99070096253195
72576234,4920 NW 79th Ave APT 108,Doral,FL,33166,249000,CONDO,810.0,,1,1.0,1972,53,384.0,,,0.0,False,,,N/A,169200.0,3,8,97,25.818913,-80.32693,False,4.0,236875.0,8,282.02902421652425
247699257,7825 NW 107th Ave APT 816,Doral,FL,33178,699000,CONDO,1339.0,,3,3.0,2017,8,804.0,,,1.0,True,,,N/A,,3,7,594,25.844986,-80.37011,False,8.0,394014.28571428574,7,333.48745975914
447635666,8265 NW 41st St #104,Miami,FL,33166,515000,CONDO,1124.0,,3,2.0,2021,4,607.0,,,0.0,False,,,N/A,,3,8,53,25.811884,-80.33008,False,4.0,500437.5,8,457.4410986485897
447650096,8265 NW 41st Ave #302,Miami,FL,33166,392000,CONDO,738.0,,1,1.0,2021,4,821.0,,,0.0,False,,,N/A,,3,8,55,25.811884,-80.33008,False,8.0,502055.55555555556,9,457.52376028550003
247699030,7825 NW 107th Ave APT 310,Doral,FL,33178,525000,CONDO,1130.0,,2,2.0,2016,9,385.0,,,2.0,True,,,N/A,275000.0,3,7,131,25.844986,-80.37011,False,8.0,418871.4285714286,7,341.6916878705766
331698546,5350 NW 84th Ave #608,Doral,FL,33166,435000,CONDO,670.0,,1,1.0,2019,6,837.0,,,1.0,True,,,N/A,278000.0,3,8,304,25.820618,-80.334854,False,20.0,350125.0,8,375.7902319525167
70793252,8160 Geneva Ct APT 206,Doral,FL,33166,315000,CONDO,992.0,,2,2.0,1984,41,412.0,,,1.0,True,,,N/A,130000.0,3,8,376,25.81806,-80.32936,False,4.0,264071.4285714286,7,354.45759232816255
156498816,5252 NW 85th Ave APT 1909,Doral,FL,33166,585000,CONDO,,,2,2.0,2016,9,1222.0,,,1.0,True,,,N/A,,3,8,225,25.819138,-80.33642,False,21.0,570023.75,8,505.04491146640487
70793748,8353 Lake Dr APT 302,Doral,FL,33166,260000,CONDO,810.0,,1,1.0,1989,36,385.0,,,0.0,False,,,N/A,1500.0,3,8,55,25.818626,-80.33285,False,5.0,226825.0,8,279.9061310684118
2095129877,5300 Paseo Blvd APT 1903,Doral,FL,33166,575000,CONDO,961.0,,2,2.0,2016,9,1317.0,,,1.0,True,,,N/A,,3,8,87,25.820751,-80.3363,False,22.0,393477.77777777775,9,417.1610621609759
2071320648,5300 NW 87th Ave #614,Miami,FL,33178,168000,CONDO,705.0,,1,1.0,2007,18,1111.0,,,0.0,False,,,N/A,155000.0,3,8,56,25.82071,-80.338165,True,2.0,156766.66666666666,9,177.38554281036866
2091933355,5300 Paseo Blvd APT 505,Doral,FL,33166,439000,CONDO,698.0,,1,1.0,2016,9,850.0,,,1.0,True,,,N/A,,3,8,96,25.820751,-80.3363,False,5.0,393477.77777777775,9,417.1610621609759
2079961220,5300 NW Paseo Blvd #1705,Miami,FL,33166,435000,CONDO,698.0,,1,1.0,2016,9,845.0,,,1.0,True,,,N/A,,3,8,362,25.820751,-80.3363,False,20.0,393477.77777777775,9,417.1610621609759
79855536,4440 NW 107th Ave APT 101-7,Doral,FL,33178,310000,CONDO,743.0,,1,1.0,1998,27,477.0,,,0.0,False,,,N/A,115000.0,3,7,188,25.814692,-80.3732,False,3.0,341333.3333333333,6,388.49011759775095
70793747,8353 Lake Dr APT 202,Doral,FL,33166,263000,CONDO,810.0,,1,1.0,1989,36,385.0,,,0.0,False,,,N/A,166400.0,3,8,56,25.818626,-80.33285,False,5.0,226300.0,8,279.25798292026366
119406558,11603 NW 89th St APT 217,Doral,FL,33178,420000,CONDO,1088.0,,2,3.0,2011,14,429.0,,,0.0,False,,,N/A,240000.0,3,7,94,25.85496,-80.385315,False,2.0,308243.75,8,247.5256184267128
70771781,8255 Lake Dr APT 204,Doral,FL,33166,320000,CONDO,810.0,,1,1.0,1989,36,385.0,,Old Spanish,0.0,False,,,N/A,55000.0,3,8,385,25.818707,-80.33101,False,5.0,281366.6666666667,6,305.4426188929113
331699444,4740 NW 84th Ct #47,Doral,FL,33166,575500,CONDO,1129.0,,2,2.0,2019,6,470.0,,,2.0,True,,,N/A,470000.0,3,8,307,25.81532,-80.33522,False,3.0,546700.0,7,435.61089653333136
2071289773,5300 NW 87th Ave #1510,Miami,FL,33178,145000,CONDO,705.0,,1,1.0,2008,17,1055.0,,,1.0,True,,,N/A,125000.0,3,8,132,25.82071,-80.338165,False,3.0,156766.66666666666,9,177.38554281036866
2071275734,5300 NW 87th Ave #311,Miami,FL,33178,149000,CONDO,705.0,,1,1.0,2007,18,1100.0,,,0.0,False,,,N/A,152500.0,3,8,61,25.82071,-80.338165,False,2.0,156766.66666666666,9,177.38554281036866
2071284535,5300 NW 87th Ave #816,Miami,FL,33178,199000,CONDO,1070.0,,1,2.0,2007,18,1088.0,,,1.0,True,,,N/A,,3,8,465,25.820667,-80.33824,False,2.0,183344.44444444444,9,186.4814660049544
2062001791,5300 NW 87th Ave #1102,Miami,FL,33178,210000,CONDO,705.0,,1,1.0,2008,17,755.0,,,1.0,True,,,N/A,,3,8,982,25.820667,-80.33824,False,3.0,183344.44444444444,9,186.4814660049544
44140760,5080 NW 115th Ct,Doral,FL,33178,0,TOWNHOUSE,1743.0,1306.8,3,3.0,1998,27,,,,,False,,,N/A,289000.0,3,7,43,25.81967,-80.38432,False,,552200.0,6,387.9066627499464
62939628,4450 NW 113th Pl,Doral,FL,33178,790000,SINGLE_FAMILY,2341.0,4237.0,4,4.0,2007,18,226.0,,,2.0,True,,,N/A,351000.0,3,7,40,25.815159,-80.381424,False,,720380.0,5,327.5382157845111
62940104,9805 NW 52nd St APT 215,Doral,FL,33178,350700,CONDO,1130.0,,2,2.0,1994,31,1272.0,,,,False,,,N/A,105000.0,3,8,9728,25.82103,-80.35527,False,,404177.77777777775,9,317.4880472589286
62938757,4365 NW 113th Pl,Doral,FL,33178,750000,SINGLE_FAMILY,1787.0,3546.0,3,3.0,1997,28,224.0,,,1.0,True,,,N/A,452500.0,3,7,35,25.813934,-80.3809,False,,693737.5,8,374.0730776293956
62937997,7352 NW 112th Ct,Doral,FL,33178,800000,SINGLE_FAMILY,2312.0,2748.0,4,3.0,2001,24,480.0,New Construction,,1.0,True,,,N/A,550400.0,3,7,18,25.839943,-80.37998,False,,743500.0,5,338.4801172695414
58453908,5791 NW 116th Ave APT 111,Doral,FL,33178,475000,TOWNHOUSE,1420.0,,3,3.0,2000,25,680.0,,,0.0,False,,,N/A,135000.0,3,7,76,25.825329,-80.38552,False,2.0,467900.0,1,294.46192573945876
