zpid,address,city,state,zipcode,price,homeType,livingArea,lotAreaValue,bedrooms,bathrooms,yearBuilt,houseAge,monthlyHoaFee,propertyCondition,architecturalStyle,garageSpaces,hasGarage,hasPrivatePool,basementYN,parking,lastSoldPrice,schools_count,schools_max_rating,daysOnZillow,latitude,longitude,furnished,storiesTotal,NearbyAvgPrice,NumSimilarHomesSold,NearbyPricePerSqFt
44216839,10969 SW 74th St,Miami,FL,33173,690000,SINGLE_FAMILY,1391.0,4218.0,3,2.0,1988.0,37,125.0,,,1.0,True,,,N/A,690000,3,7,0,25.699192,-80.37159,False,,520868.5,8,334.5824374756502
44278169,10802 N Kendall Dr #P5,Miami,FL,33176,269000,CONDO,955.0,,2,2.0,1968.0,57,503.0,,,1.0,True,,,N/A,269000,3,9,1,25.685253,-80.36757,False,2.0,170971.25,8,272.13405902222206
44215461,10901 SW 88th St APT 211,Miami,FL,33176,212000,CONDO,930.0,,1,2.0,1970.0,55,374.0,New Construction,,0.0,False,,,N/A,212000,3,9,4,25.687042,-80.370125,False,2.0,265171.4285714286,7,265.94618684180824
44218446,10477 SW 80th St,Miami,FL,33173,540000,TOWNHOUSE,1966.0,,3,3.0,1972.0,53,235.0,,,0.0,False,,,N/A,540000,3,7,4,25.694437,-80.36263,False,2.0,533842.8571428572,7,308.3186616706453
44223913,7890 SW 86th St APT 9,Miami,FL,33143,570000,TOWNHOUSE,1430.0,,2,3.0,1981.0,44,673.0,,,0.0,False,,,N/A,570000,3,7,4,25.689692,-80.32077,False,2.0,604000.0,1,335.55555555555554
44284045,10220 SW 82nd Ave,Miami,FL,33156,1260000,SINGLE_FAMILY,2052.0,0.34435261707989,3,3.0,1961.0,64,,,,2.0,True,True,,N/A,1260000,3,7,4,25.674932,-80.32734,False,,1209862.5,8,582.4582895999149
44274971,8240 SW 96th St,Miami,FL,33156,890000,SINGLE_FAMILY,1760.0,0.38406795224977,3,2.0,1960.0,65,,,Ranch,0.0,False,,,N/A,890000,3,7,7,25.680767,-80.32822,False,,1085929.5,8,551.8495927588323
44278089,10740 N Kendall Dr APT L13,Miami,FL,33176,206000,CONDO,709.0,,1,1.0,1968.0,57,378.0,Fixer,,1.0,True,,,N/A,206000,3,9,7,25.685253,-80.36757,False,2.0,170971.25,8,272.13405902222206
44284805,12155 SW 89th Ave,Miami,FL,33176,4145000,SINGLE_FAMILY,5323.0,0.96000918273646,5,5.0,2008.0,17,,,Mediterranean,3.0,True,True,,N/A,4145000,3,10,7,25.656876,-80.33818,False,,1894528.5714285714,7,570.3138347709335
446736634,7785 SW 86th St #E-315,Miami,FL,33143,270000,CONDO,1075.0,,2,2.0,1969.0,56,676.0,,,2.0,True,,,N/A,270000,3,7,7,25.691092,-80.319336,False,4.0,243866.55555555556,9,279.49310084726443
2063522580,10965 SW 70th Ter #10965,Miami,FL,33173,475000,TOWNHOUSE,1378.0,,3,2.0,1974.0,51,163.0,,,0.0,False,,,N/A,475000,3,7,8,25.70253,-80.371925,False,1.0,467475.0,8,328.2970193622831
44214054,10944 SW 71st St,Miami,FL,33173,500000,TOWNHOUSE,1378.0,,3,2.0,1974.0,51,163.0,"Updated/Remodeled,Completely Renovated",,0.0,False,True,,N/A,500000,3,7,9,25.701704,-80.37163,False,2.0,468375.0,8,328.05903546966107
44277090,10535 SW 96th Ter,Miami,FL,33176,974700,SINGLE_FAMILY,1800.0,9562.0,4,2.0,1966.0,59,,,,1.0,True,True,,N/A,974700,3,7,9,25.679468,-80.36635,False,,848462.5,8,471.68580495818986
44282497,10205 SW 106th St,Miami,FL,33176,995000,SINGLE_FAMILY,2507.0,0.26411845730028,4,3.0,1969.0,56,,,,0.0,False,True,,N/A,995000,3,8,9,25.670507,-80.35837,False,,823762.5,8,422.77673528023547
44286695,10880 SW 120th St,Miami,FL,33176,1169000,SINGLE_FAMILY,2054.0,0.36914600550964,4,3.0,1972.0,53,,,,2.0,True,True,,N/A,1169000,3,8,9,25.657059,-80.37119,False,,849374.875,8,456.6064700996383
44274961,8240 SW 95th St,Miami,FL,33156,1690000,SINGLE_FAMILY,3022.0,0.37190082644628,4,4.0,1958.0,67,,,,2.0,True,True,,N/A,1690000,3,7,12,25.681723,-80.328285,False,,1078412.5,8,609.2894108492385
44275292,10005 SW 79th Ave,Miami,FL,33156,1850000,SINGLE_FAMILY,2739.0,0.42392102846648,5,4.0,1972.0,53,,,,0.0,False,True,,N/A,1850000,3,7,13,25.67726,-80.3228,False,,1292700.0,8,596.6044231897815
44283774,8441 SW 114th St,Miami,FL,33156,3700000,SINGLE_FAMILY,5214.0,1.431,7,4.0,1986.0,39,,,,2.0,True,True,,N/A,3700000,3,10,14,25.664639,-80.33202,False,,2798050.0,8,529.2331822234232
442660734,11341 SW 70th Ter UNIT 11341,Miami,FL,33173,438000,TOWNHOUSE,1378.0,,3,2.0,1972.0,53,159.0,,,0.0,True,,,N/A,438000,3,7,14,25.7024,-80.37741,False,2.0,454662.5,8,330.4663755015795
44275542,9394 SW 77th Ave APT F2,Miami,FL,33156,230000,CONDO,875.0,,1,1.0,1967.0,58,430.0,,,0.0,False,,,N/A,230000,3,7,15,25.68426,-80.31983,False,2.0,307171.4285714286,7,286.09158735193176
44217728,8530 SW 97th Rd,Miami,FL,33173,5650,SINGLE_FAMILY,1947.0,8440.0,4,4.0,,N/A,,,,,False,,,N/A,975000,3,7,2,25.689825,-80.35091,False,,4950.0,2,2.8247957459713877
44218450,10461 SW 80th St,Miami,FL,33173,570000,TOWNHOUSE,1680.0,,3,3.0,1972.0,53,228.0,Updated/Remodeled,,0.0,False,,,N/A,570000,3,7,16,25.694424,-80.36231,False,2.0,574728.5714285715,7,319.72957212820603
44274842,8020 SW 97th St,Miami,FL,33156,1700000,SINGLE_FAMILY,3033.0,0.3455463728191,4,4.0,2007.0,18,,New Construction,,2.0,True,True,,N/A,1700000,3,7,16,25.680155,-80.325645,False,,1422162.5,8,621.0115989391234
44274993,8290 SW 99th St,Miami,FL,33156,1635000,SINGLE_FAMILY,2650.0,0.6153810835629,3,3.0,1963.0,62,,,,0.0,True,True,,N/A,1635000,3,7,16,25.677967,-80.32884,False,,1419985.7142857143,7,619.7899709747356
44276735,10150 SW 95th Ave,Miami,FL,33176,2785000,SINGLE_FAMILY,4221.0,0.53983011937557,5,4.0,1986.0,39,279.0,Updated/Remodeled,,2.0,True,True,,N/A,2785000,3,7,16,25.674902,-80.34921,False,,2255425.0,8,524.1091844761286
44279940,11457 SW 110th Ln,Miami,FL,33176,645000,TOWNHOUSE,1935.0,,4,3.0,1976.0,49,294.0,,,2.0,True,,,N/A,645000,3,9,16,25.665064,-80.38139,False,2.0,500100.0,5,359.01283244130065
44284769,12751 SW 92nd Ct,Miami,FL,33176,940000,SINGLE_FAMILY,3396.0,0.39249311294766,3,2.0,1977.0,48,,,,2.0,True,,,N/A,940000,3,10,16,25.651253,-80.3433,False,,1131437.625,8,390.8276274974465
442968605,11230 SW 104th St #11230,Miami,FL,33176,460000,TOWNHOUSE,1080.0,,2,2.0,1977.0,48,299.0,,,1.0,True,,,N/A,460000,3,9,16,25.67167,-80.37687,False,1.0,471028.5714285714,7,367.0870715435932
447520745,11392 SW 86th Ln #11392,Miami,FL,33173,600000,TOWNHOUSE,1492.0,,3,2.0,1981.0,44,240.0,,,1.0,True,,,N/A,600000,3,9,16,25.687744,-80.37802,False,1.0,582237.5,8,387.86748761601905
44218019,7723 SW 102nd Pl,Miami,FL,33173,655000,TOWNHOUSE,2460.0,,3,3.0,1971.0,54,290.0,,,2.0,True,,,N/A,655000,3,7,19,25.696274,-80.35809,False,1.0,558350.0,4,345.77264769544183
44218682,8401 SW 107th Ave APT 132E,Miami,FL,33173,298000,CONDO,1235.0,,2,2.0,1974.0,51,534.0,Updated/Remodeled,,0.0,False,,,N/A,298000,3,7,19,25.689573,-80.362495,False,3.0,276300.0,8,238.61718314241375
44218841,8401 SW 107th Ave APT 336E,Miami,FL,33173,220000,CONDO,1067.0,,1,2.0,1974.0,51,459.0,,,0.0,False,,,N/A,220000,3,7,19,25.689573,-80.362495,False,3.0,278711.1111111111,9,238.91477907755714
44275727,10011 SW 77th Ct,Miami,FL,33156,520000,TOWNHOUSE,1348.0,,3,3.0,1987.0,38,656.0,Updated/Remodeled,,2.0,True,,,N/A,520000,3,7,19,25.677345,-80.32032,False,2.0,435612.5,8,384.71359952675084
44275880,7862 SW 102nd Ln,Miami,FL,33156,489000,TOWNHOUSE,1152.0,,2,3.0,1996.0,29,614.0,,,0.0,False,,,N/A,489000,3,7,19,25.674953,-80.322136,False,2.0,461360.0,5,399.9334291187739
44276048,7751 SW 94th Ter,Miami,FL,33156,660000,TOWNHOUSE,1446.0,,3,3.0,1999.0,26,185.0,,,0.0,False,,,N/A,660000,3,7,19,25.682993,-80.320366,False,2.0,594025.0,4,441.9168477512262
44286178,10240 SW 134th St,Miami,FL,33176,1147500,SINGLE_FAMILY,2258.0,0.38434343434343,4,2.0,1973.0,52,,,,1.0,True,True,,N/A,1147500,3,8,19,25.644691,-80.359665,False,,1118775.0,8,401.1136346349384
44287203,11204 SW 133rd Ter,Miami,FL,33176,850000,SINGLE_FAMILY,2178.0,0.41184573002755,3,2.0,1977.0,48,,,,2.0,True,True,,N/A,850000,3,8,19,25.644869,-80.37535,False,,979075.0,8,448.9952636352106
64726824,8567 SW 109th Ave #8567,Miami,FL,33173,349000,TOWNHOUSE,987.0,,2,3.0,1996.0,29,266.0,,,0.0,False,,,N/A,349000,3,7,19,25.689096,-80.36922,False,2.0,362433.3333333333,3,367.2070246538331
44277069,9780 SW 103 Avenue Rd,Miami,FL,33176,862500,SINGLE_FAMILY,1665.0,0.27490817263545,3,2.0,1966.0,59,,,Ranch,2.0,True,True,,N/A,862500,3,7,20,25.679321,-80.36487,False,,855662.5,8,421.2124120928795
44216619,7466 SW 112th Pl,Miami,FL,33173,547000,SINGLE_FAMILY,1256.0,4250.0,2,2.0,1986.0,39,75.0,,,0.0,False,,,N/A,547000,3,7,21,25.69816,-80.37594,False,,584100.0,8,381.6095873198738
44218066,7716 SW 102nd Pl,Miami,FL,33173,450000,TOWNHOUSE,1375.0,,2,2.0,1970.0,55,255.0,,,0.0,False,,,N/A,450000,3,7,21,25.6962,-80.35941,False,1.0,554075.0,8,337.8999087976482
44222234,7727 SW 86th St #A1-304,Miami,FL,33143,2000,CONDO,809.0,,1,1.0,1969.0,56,,,,,False,,,N/A,267000,3,7,28,25.6911,-80.31934,False,,2399.0,6,2.5343429820124777
44307499,11771 SW 94th St,Miami,FL,33186,670000,SINGLE_FAMILY,1663.0,5079.0,4,2.0,1989.0,36,120.0,,,0.0,True,,,N/A,670000,3,9,21,25.681047,-80.38587,False,,637971.0,7,340.99076953852165
44274485,9641 SW 77th Ave APT 101D,Miami,FL,33156,285000,CONDO,677.0,,1,1.0,1967.0,58,298.0,Completely Renovated,,0.0,False,,,N/A,285000,3,7,22,25.681646,-80.31813,False,3.0,337700.0,7,335.0971611830164
2094379428,11410 SW 110th Ln UNIT 11410,Miami,FL,33176,550000,TOWNHOUSE,1584.0,,3,2.0,1977.0,48,294.0,,,2.0,True,,,N/A,550000,3,9,22,25.665232,-80.380295,False,2.0,531416.6666666666,6,346.32729766595406
44216815,10969 SW 73rd Ter,Miami,FL,33173,451400,SINGLE_FAMILY,1350.0,3619.0,3,2.0,1989.0,36,80.0,,,,False,,,N/A,451400,3,7,23,25.699533,-80.37178,False,,611753.0,8,376.4522430165448
44275781,10177 SW 77th Ct,Miami,FL,33156,477000,TOWNHOUSE,1152.0,1205.0,2,2.0,1988.0,37,388.0,,,,False,,,N/A,477000,3,7,23,25.67599,-80.320175,False,,443550.0,8,384.0226108632941
44279168,11256 SW 90th Ln,Miami,FL,33176,515000,SINGLE_FAMILY,1656.0,3060.0,3,2.0,1981.0,44,180.0,,Other,0.0,False,True,,N/A,515000,3,9,23,25.684198,-80.37728,False,,549278.25,8,319.3927451520252
44285543,9453 SW 125th Ter,Miami,FL,33176,1700000,SINGLE_FAMILY,3695.0,0.37878787878788,5,4.0,1998.0,27,455.0,,,2.0,True,True,,N/A,1700000,3,10,23,25.653402,-80.34774,False,,2148225.0,8,606.9420323315957
70788024,13100 SW 92nd Ave #A-303,Miami,FL,33176,305000,CONDO,1253.0,,2,2.0,1974.0,51,685.0,,,0.0,False,,,N/A,305000,3,10,23,25.647623,-80.344444,False,4.0,286871.4285714286,7,302.29371519586624
2078864211,7785 SW 86th St #E-124,Miami,FL,33143,277500,CONDO,809.0,,1,2.0,1969.0,56,509.0,Updated/Remodeled,,1.0,True,,,N/A,277500,3,7,23,25.691092,-80.319336,False,4.0,243866.55555555556,9,279.49310084726443
44218454,10445 SW 80th St,Miami,FL,33173,615000,TOWNHOUSE,1680.0,,3,3.0,1973.0,52,234.0,Updated/Remodeled,,0.0,False,,,N/A,615000,3,7,26,25.69443,-80.362076,False,2.0,568162.5,8,322.7430381588571
44275569,9354 SW 77th Ave APT I4,Miami,FL,33156,340000,CONDO,1262.0,,3,2.0,1967.0,58,761.0,New Construction,,1.0,True,,,N/A,340000,3,7,26,25.683947,-80.32032,False,2.0,307714.28571428574,7,279.13536849199767
44282082,10801 SW 109th Ct APT D314,Miami,FL,33176,225000,CONDO,725.0,,1,2.0,1971.0,54,329.0,New Construction,,0.0,False,,,N/A,225000,3,9,26,25.670078,-80.37131,False,4.0,259787.5,8,696.0110277889428
44307396,11859 SW 98th Ter,Miami,FL,33186,515000,TOWNHOUSE,1382.0,,3,3.0,1990.0,35,497.0,Updated/Remodeled,,1.0,True,,,N/A,515000,3,9,26,25.676708,-80.387596,False,2.0,469916.6666666667,6,356.3294410072618
44326111,11716 SW 110th Ter,Miami,FL,33186,440000,TOWNHOUSE,942.0,,2,2.0,1981.0,44,118.0,,,1.0,True,,,N/A,440000,3,9,26,25.665524,-80.38443,False,1.0,458842.85714285716,7,423.976175126303
83160934,7280 SW 89th St UNIT D603,Miami,FL,33156,335000,CONDO,777.0,,1,1.0,2007.0,18,739.0,,,1.0,True,,,N/A,335000,3,7,26,25.687557,-80.31317,False,7.0,283100.0,5,292.0939160482324
44213632,6705 SW 113th Ave,Miami,FL,33173,465000,TOWNHOUSE,1378.0,,3,2.0,1974.0,51,165.0,,,0.0,False,,,N/A,465000,3,7,27,25.704771,-80.376175,False,2.0,463862.5,8,331.0730538653173
44213884,6985 SW 110th Ct,Miami,FL,33173,455000,TOWNHOUSE,1378.0,,3,2.0,1974.0,51,160.0,,,0.0,False,,,N/A,455000,3,7,27,25.70338,-80.37233,False,2.0,448460.0,5,325.44267053701014
44214788,7133 SW 115th Pl APT G,Miami,FL,33173,405000,TOWNHOUSE,1330.0,,2,3.0,1979.0,46,805.0,Updated/Remodeled,,0.0,False,,,N/A,405000,3,7,27,25.701113,-80.379265,False,2.0,405675.0,4,282.36960257787325
44274663,8401 SW 102nd St,Miami,FL,33156,1900000,SINGLE_FAMILY,4464.0,0.73500918273646,5,5.0,1993.0,32,,,,2.0,True,True,,N/A,1900000,3,7,27,25.67574,-80.331406,False,,1426851.4285714286,7,507.5096871890607
44278598,10850 N Kendall Dr APT 417,Miami,FL,33176,340000,CONDO,1242.0,,2,2.0,1974.0,51,641.0,Updated/Remodeled,,0.0,False,,,N/A,340000,3,9,27,25.685247,-80.36966,False,4.0,296200.0,8,248.7721339128626
44283026,10970 SW 107th Ave,Miami,FL,33176,822000,SINGLE_FAMILY,1593.0,0.30594582185491,3,2.0,1969.0,56,,,,1.0,True,,,N/A,822000,3,9,27,25.66795,-80.36778,False,,839814.2857142857,7,472.6365126734912
44217853,8032 SW 103rd Ave,Miami,FL,33173,545000,TOWNHOUSE,1240.0,1999.0,2,2.0,1969.0,56,129.0,,,,False,,,N/A,545000,3,7,28,25.693922,-80.36064,False,,488683.3333333333,6,351.1331596243224
44279772,10878 SW 112th Ave,Miami,FL,33176,480000,TOWNHOUSE,1080.0,3894.0,2,1.0,1975.0,50,140.0,,,,False,,,N/A,480000,3,9,28,25.66755,-80.376205,False,,530340.0,5,355.1206146172117
44286381,10005 SW 122nd Ter,Miami,FL,33176,1600000,SINGLE_FAMILY,2906.0,0.45661157024793,4,3.0,1980.0,45,,,,2.0,True,True,,N/A,1600000,3,8,29,25.656017,-80.357254,False,,1573028.5714285714,7,432.12078507261896
64857934,9960 SW 88th St #614-6,Miami,FL,33176,240000,CONDO,755.0,,1,1.0,1968.0,57,119.0,,,1.0,True,,,N/A,240000,3,7,29,25.685663,-80.356995,False,2.0,259600.0,7,299.88256768206105
83157925,7285 SW 90th St #D719,Miami,FL,33156,665000,CONDO,1738.0,,2,3.0,2007.0,18,,,,2.0,True,True,,N/A,665000,3,7,29,25.687023,-80.31319,False,7.0,334285.71428571426,7,394.34298497382264
44275871,7880 SW 102nd Ln,Miami,FL,33156,531000,TOWNHOUSE,1348.0,,3,3.0,1995.0,30,656.0,,,2.0,True,,,N/A,531000,3,7,30,25.674503,-80.322266,False,2.0,421950.0,6,387.8600526285996
252195645,10509 SW 118th Ave,Miami,FL,33186,620000,TOWNHOUSE,1774.0,1934.0,4,3.0,2019.0,6,,,,,False,,,N/A,620000,3,9,30,25.670626,-80.38639,False,,604325.0,4,350.22406222576154
44215453,10901 N Kendall Dr #203,Miami,FL,33176,257000,CONDO,910.0,,2,2.0,1970.0,55,386.0,,,0.0,False,,,N/A,257000,3,9,33,25.687042,-80.370125,False,2.0,258742.85714285713,7,258.16610210319817
44217985,10251 SW 80th St,Miami,FL,33173,625000,SINGLE_FAMILY,1508.0,9933.0,3,2.0,1976.0,49,172.0,,,2.0,True,,,N/A,625000,3,7,33,25.694487,-80.35942,False,,569300.0,2,446.3499245852187
44221372,8500 SW 84th Ter,Miami,FL,33143,960000,SINGLE_FAMILY,2732.0,0.26728650137741,3,2.0,1967.0,58,,,,,False,,,N/A,960000,3,7,33,25.690985,-80.33162,False,,1054744.625,8,418.9055595971687
44274815,7800 SW 96th St,Miami,FL,33156,1050000,SINGLE_FAMILY,,0.37835169880624,3,2.0,1955.0,70,,,,0.0,False,True,,N/A,1050000,3,7,33,25.68099,-80.32137,False,,1270542.857142857,7,584.5002828638283
44277317,10630 SW 103rd St,Miami,FL,33176,800000,SINGLE_FAMILY,1777.0,0.2626492194674,3,2.0,1967.0,58,,,,1.0,True,True,,N/A,800000,3,7,33,25.672743,-80.36725,False,,824133.3333333334,6,404.29275021094116
44214721,6927 SW 115th Pl #C38,Miami,FL,33173,462500,TOWNHOUSE,1478.0,,3,3.0,1979.0,46,805.0,Updated/Remodeled,Split Level,0.0,False,True,,N/A,462500,3,7,34,25.703205,-80.380135,False,2.0,453220.0,5,320.19338676101773
44275641,9452 SW 77th Ave UNIT R3,Miami,FL,33156,305000,CONDO,1178.0,,2,2.0,1967.0,58,579.0,Substantially Remodeled,,0.0,False,,,N/A,305000,3,7,34,25.683947,-80.32031,False,2.0,291637.5,8,279.69953808217815
44276953,10320 SW 93rd St,Miami,FL,33176,1025000,SINGLE_FAMILY,2071.0,10200.0,4,3.0,1965.0,60,,,Ranch,0.0,False,True,,N/A,1025000,3,7,34,25.681854,-80.36169,False,,916600.0,8,413.9262863765065
44291759,9006 SW 137th St #19,Miami,FL,33176,295000,CONDO,976.0,,2,2.0,1973.0,52,334.0,,,,False,,,N/A,295000,3,10,34,25.641636,-80.3393,False,,266350.0,8,295.57614525374356
58455382,8161 SW 119th Ct,Miami,FL,33183,590000,TOWNHOUSE,2152.0,2204.0,4,3.0,2002.0,23,168.0,,,,False,,,N/A,590000,3,7,34,25.69214,-80.386185,False,,523271.4285714286,7,282.12015785787406
64725562,10425 N Kendall Dr APT C113,Miami,FL,33176,195000,CONDO,750.0,,1,1.0,1977.0,48,403.0,,,0.0,False,,,N/A,195000,3,7,34,25.688723,-80.3621,False,2.0,256262.5,8,274.7489951643639
44284943,9545 SW 126th Ter,Miami,FL,33176,860000,SINGLE_FAMILY,2207.0,0.34435261707989,3,2.0,1979.0,46,,,Ranch,1.0,True,,,N/A,860000,3,10,35,25.652506,-80.3493,False,,1508213.875,8,507.1785664217772
446169209,10878 SW 112th Ave #10878,Miami,FL,33176,480000,TOWNHOUSE,1080.0,,2,2.0,1975.0,50,299.0,,,1.0,True,,,N/A,480000,3,9,35,25.667555,-80.37628,False,1.0,530340.0,5,355.1206146172117
44219009,8415 SW 107th Ave APT 248W,Miami,FL,33173,315000,CONDO,985.0,,2,2.0,1981.0,44,594.0,,,0.0,False,,,N/A,315000,3,7,36,25.689997,-80.36429,False,3.0,278387.375,8,257.4574522604404
44280028,11195 SW 112th Ter,Miami,FL,33176,770000,SINGLE_FAMILY,1934.0,8505.0,4,2.0,1977.0,48,,,Ranch,2.0,True,True,,N/A,770000,3,9,36,25.664368,-80.37535,False,,756450.0,8,396.34587865700263
122018584,13405 SW 106th Ave,Miami,FL,33176,1900000,SINGLE_FAMILY,3273.0,0.35835629017447,5,4.0,2013.0,12,,,,2.0,True,True,,N/A,1900000,3,8,36,25.644444,-80.3656,False,,1586212.5,8,442.64703580780895
44275556,9350 SW 77th Ave APT G7,Miami,FL,33156,290000,CONDO,1262.0,,3,2.0,1967.0,58,761.0,,,0.0,False,,,N/A,290000,3,7,37,25.683947,-80.32032,False,2.0,314857.14285714284,7,284.795318684436
44279743,10904 SW 119th St,Miami,FL,33176,1050000,SINGLE_FAMILY,1981.0,0.34421487603306,4,3.0,1970.0,55,,,,2.0,True,True,,N/A,1050000,3,9,37,25.657934,-80.37174,False,,969230.0,8,410.87692072928826
44280411,11351 SW 112 Circle Ln N,Miami,FL,33176,495000,SINGLE_FAMILY,1080.0,3661.0,2,2.0,1977.0,48,63.0,,,,False,,,N/A,495000,3,8,37,25.65738,-80.358475,False,,1017800.0,4,494.17598426112477
44282950,10985 SW 107th Ave,Miami,FL,33176,850000,SINGLE_FAMILY,1775.0,9353.0,4,2.0,1969.0,56,,,,1.0,True,,,N/A,850000,3,8,37,25.667332,-80.3674,False,,886500.0,7,448.651600985781
72572647,9066 SW 73rd Ct APT 1701,Miami,FL,33156,325000,CONDO,797.0,,1,1.0,2006.0,19,989.0,,,1.0,True,,,N/A,325000,3,7,37,25.686531,-80.31442,False,26.0,371400.0,9,386.5615154417723
2081989138,10509 SW 118th Ave #10509,Miami,FL,33186,620000,TOWNHOUSE,1774.0,,4,3.0,2019.0,6,265.0,New Construction,,1.0,True,,,N/A,620000,3,9,37,25.670622,-80.38639,False,2.0,604325.0,4,350.22406222576154
44283245,10180 SW 118th Ter,Miami,FL,33176,1680000,SINGLE_FAMILY,2969.0,0.33477961432507,4,3.0,1994.0,31,,Updated/Remodeled,,2.0,True,True,,N/A,1680000,3,8,40,25.659101,-80.35883,False,,1403583.3333333333,6,410.90508720348345
44286899,10860 SW 125th St,Miami,FL,33176,1120000,SINGLE_FAMILY,2588.0,0.34435261707989,5,3.0,1973.0,52,,,,2.0,True,True,,N/A,1120000,3,8,40,25.652615,-80.37051,False,,1035562.5,8,465.19783053687536
44307313,9913 SW 117th Pl,Miami,FL,33186,570000,SINGLE_FAMILY,1619.0,3005.0,3,2.5,1989.0,36,305.0,,,,False,,,N/A,570000,3,9,40,25.676056,-80.3852,False,,548170.1428571428,7,329.5378068231732
60797798,8735 SW 107th St,Miami,FL,33176,2975000,SINGLE_FAMILY,0.0,0.35998622589532,4,5.0,2023.0,2,,"New Construction,Under Construction",Modern/Contemporary,2.0,True,True,,N/A,2975000,3,10,40,25.670912,-80.33574,False,,1268557.142857143,7,462.34511944747607
70788768,13870 SW 90th Ave #101,Miami,FL,33176,235000,CONDO,758.0,,1,1.0,1972.0,53,350.0,,,0.0,False,,,N/A,235000,3,10,40,25.64041,-80.341324,False,2.0,1900.0,1,2.5065963060686016
443053162,8161 SW 119th Ct #8161,Miami,FL,33183,590000,TOWNHOUSE,2152.0,,4,2.0,2002.0,23,225.0,,,1.0,True,,,N/A,590000,3,7,40,25.692152,-80.38619,False,2.0,523271.4285714286,7,282.120157857874
2071275604,10177 SW 77th Ct UNIT 10177,Miami,FL,33156,477000,TOWNHOUSE,1152.0,,2,2.0,1988.0,37,614.0,,,0.0,False,,,N/A,477000,3,7,40,25.676003,-80.320175,False,2.0,443485.71428571426,7,383.8234600342409
44284550,8831 SW 124th St,Miami,FL,33176,1649000,SINGLE_FAMILY,2704.0,0.9,4,2.0,1972.0,53,,,,2.0,True,True,,N/A,1649000,3,10,41,25.655218,-80.33728,False,,1770898.4285714286,7,502.33176163311884
44326134,11725 SW 112th Ter,Miami,FL,33186,480000,TOWNHOUSE,1236.0,,2,2.0,1984.0,41,125.0,,,0.0,False,,,N/A,480000,3,9,41,25.664373,-80.38471,False,1.0,474200.0,7,357.5144272915008
441683452,7346 SW 72nd Pl,Miami,FL,33143,3200000,SINGLE_FAMILY,3462.0,0.32011019283747,4,5.0,2024.0,1,445.0,New Construction,,3.0,True,,,N/A,3200000,3,7,41,25.68836,-80.3131,False,,,0,
44221207,8230 SW 86th Ter,Miami,FL,33143,1085000,SINGLE_FAMILY,2589.0,0.34435261707989,4,3.0,1963.0,62,,,,2.0,True,True,,N/A,1085000,3,7,42,25.68943,-80.326584,False,,1229625.0,8,521.5437098171689
441754622,11664 SW 91st Ter #11664,Miami,FL,33176,465000,TOWNHOUSE,1724.0,,3,3.0,1984.0,41,340.0,,,0.0,False,,,N/A,465000,3,9,42,25.683416,-80.38311,False,2.0,519628.5714285714,7,291.8923993018185
44279392,11664 SW 91st Ter,Miami,FL,33176,465000,TOWNHOUSE,1724.0,2678.0,3,2.0,1984.0,41,310.0,,,,False,,,N/A,465000,3,9,43,25.683414,-80.383095,False,,519628.5714285714,7,291.89239930181856
44281724,10845 SW 112th Ave APT 202,Miami,FL,33176,285000,CONDO,936.0,,2,2.0,1983.0,42,455.0,,,1.0,True,,,N/A,285000,3,9,43,25.667261,-80.37547,False,3.0,267700.0,8,306.58609677750064
64843524,9974 SW 88th St #1003,Miami,FL,33176,300000,CONDO,1050.0,,2,2.0,1968.0,57,480.0,,,0.0,False,,,N/A,300000,3,7,43,25.684763,-80.35656,False,2.0,278340.0,5,278.6033794162826
103436160,7275 SW 90th Way APT 304,Miami,FL,33156,360000,CONDO,852.0,,2,2.0,2008.0,17,933.0,,,1.0,True,,,N/A,360000,3,7,43,25.686049,-80.313,False,7.0,389350.0,6,310.6363196212714
44282572,10361 SW 113th St,Miami,FL,33176,949000,SINGLE_FAMILY,1524.0,0.34449035812672,3,2.0,1968.0,57,,,Modern/Contemporary,2.0,True,True,,N/A,949000,3,8,44,25.664509,-80.36203,False,,1066625.0,8,464.6988843671219
72579122,9055 SW 73rd Ct APT 2105,Miami,FL,33156,406000,CONDO,1350.0,,2,2.0,2006.0,19,1575.0,,,2.0,True,,,N/A,406000,3,7,44,25.686604,-80.31404,False,26.0,431555.55555555556,9,421.05878371675544
247679656,9880 SW 87th Ave,Miami,FL,33176,4150000,SINGLE_FAMILY,5202.0,0.74848484848485,5,7.0,2018.0,7,,,,3.0,True,True,,N/A,4150000,3,7,44,25.677984,-80.33572,False,,1898380.0,5,675.4524930982836
448088350,11351 SW 112th Circle Ln N,Miami,FL,33176,495000,SINGLE_FAMILY,1080.0,3661.0,2,2.0,1977.0,48,63.0,,,0.0,False,,,N/A,495000,3,9,44,25.664108,-80.378395,False,,,0,
44278566,10850 N Kendall Dr UNIT 217,Miami,FL,33176,315000,CONDO,1242.0,,2,2.0,1974.0,51,573.0,,,1.0,True,,,N/A,315000,3,9,46,25.685247,-80.36966,False,4.0,299325.0,8,251.2882369724439
44215530,10907 N Kendall Dr APT 430,Miami,FL,33176,270000,CONDO,1150.0,,2,3.0,1970.0,55,500.0,,,0.0,False,,,N/A,270000,3,9,47,25.687548,-80.37067,False,3.0,218579.16666666666,6,202.50376962760697
44217953,8524 SW 103rd Ave,Miami,FL,33173,465000,TOWNHOUSE,1335.0,1999.0,3,2.0,1968.0,57,129.0,,,,False,,,N/A,465000,3,7,47,25.68933,-80.36051,False,,462812.5,8,361.9355697210237
44218091,10359 N Kendall Dr APT A4,Miami,FL,33176,245000,CONDO,765.0,,1,1.0,1971.0,54,257.0,,,0.0,False,,,N/A,245000,3,7,47,25.688402,-80.36165,False,2.0,259328.57142857142,7,286.4240702395802
44286221,13030 SW 104th Ct,Miami,FL,33176,2100000,SINGLE_FAMILY,2590.0,0.40771349862259,4,3.0,1976.0,49,,Updated/Remodeled,,2.0,True,True,,N/A,2100000,3,8,47,25.647558,-80.36421,False,,1068819.375,8,385.53028240352063
64495913,10431 N Kendall Dr APT D305,Miami,FL,33176,240000,CONDO,1010.0,,2,2.0,1977.0,48,710.0,,,0.0,False,,,N/A,240000,3,7,47,25.68856,-80.36342,False,4.0,251157.14285714287,7,259.02640726271886
64632578,8547 SW 109th Ave #8547,Miami,FL,33173,358000,TOWNHOUSE,987.0,,2,3.0,1996.0,29,266.0,,,0.0,False,,,N/A,358000,3,7,47,25.689096,-80.36922,False,2.0,359433.3333333333,3,364.16751097602156
72562662,9066 SW 73rd Ct APT 701,Miami,FL,33156,470000,CONDO,1187.0,,2,3.0,2006.0,19,1350.0,,,2.0,True,,,N/A,470000,3,7,47,25.686531,-80.31442,False,26.0,359075.0,8,385.3871808618843
72567642,9066 SW 73rd Ct APT 1405,Miami,FL,33156,420000,CONDO,1350.0,,2,2.0,2006.0,19,1433.0,,,2.0,True,,,N/A,420000,3,7,47,25.686531,-80.31442,False,26.0,371400.0,9,386.5615154417723
72579970,9055 SW 73rd Ct APT 1507,Miami,FL,33156,373350,CONDO,1150.0,,2,2.0,2006.0,19,1291.0,,,0.0,False,,,N/A,373350,3,7,47,25.686604,-80.31404,False,26.0,431555.55555555556,9,421.05878371675544
79859064,7350 SW 89th St APT 403S,Miami,FL,33156,338000,CONDO,759.0,,1,1.0,2007.0,18,792.0,Updated/Remodeled,,1.0,True,,,N/A,338000,3,7,47,25.68752,-80.314606,False,27.0,439972.22222222225,9,391.93398837488064
83160955,7275 SW 90th St #C510,Miami,FL,33156,515000,CONDO,1496.0,,3,2.0,2007.0,18,1139.0,,,1.0,True,,,N/A,515000,3,7,47,25.687027,-80.312584,False,7.0,466950.0,8,365.51385469869933
44278589,10850 N Kendall Dr APT 407,Miami,FL,33176,282500,CONDO,1137.0,,2,2.0,1974.0,51,505.0,,,0.0,False,,,N/A,282500,3,9,48,25.685247,-80.36966,False,4.0,303387.5,8,251.9335277835028
44285327,13158 SW 90th Pl,Miami,FL,33176,639000,TOWNHOUSE,1396.0,,3,2.0,1979.0,46,150.0,,,0.0,False,,,N/A,639000,3,10,48,25.648014,-80.34135,False,1.0,552700.0,1,395.9169054441261
123867508,9301 SW 120th St,Miami,FL,33176,3387500,SINGLE_FAMILY,3761.0,0.72800734618916,4,4.0,2014.0,11,,,,3.0,True,True,,N/A,3387500,3,10,48,25.658766,-80.34496,False,,2202440.0,5,638.669860702939
44275561,9352 SW 77th Ave APT H4,Miami,FL,33156,211000,CONDO,1178.0,,2,2.0,1967.0,58,311.0,,,,False,,,N/A,211000,3,7,49,25.683947,-80.32031,False,,291637.5,8,279.69953808217815
44283102,11325 SW 99th Ct,Miami,FL,33176,1372500,SINGLE_FAMILY,2229.0,0.34449035812672,4,3.0,1971.0,54,,,,2.0,True,True,,N/A,1372500,3,8,49,25.664007,-80.356514,False,,1037537.5,8,432.05766173597067
63620044,7713 SW 88th St #A103,Miami,FL,33156,235500,CONDO,648.0,,1,1.0,1965.0,60,266.0,,,0.0,False,,,N/A,235500,3,7,49,25.689144,-80.31815,False,3.0,280883.3333333333,6,326.5242751046488
79855969,7350 SW 89th St APT 601S,Miami,FL,33156,450000,CONDO,1330.0,,2,2.0,2007.0,18,1485.0,,,2.0,True,,,N/A,450000,3,7,49,25.68752,-80.314606,False,27.0,439972.22222222225,9,391.93398837488064
44285749,10540 SW 125th St,Miami,FL,33176,1000000,SINGLE_FAMILY,2202.0,0.34442148760331,4,3.0,1968.0,57,,,Ranch,2.0,True,True,,N/A,1000000,3,8,50,25.652714,-80.36608,False,,962787.5,8,456.9591566101041
44276266,8877 SW 99th St,Miami,FL,33176,3900000,SINGLE_FAMILY,4886.0,0.83500918273646,6,8.0,2012.0,13,,,,3.0,True,True,,N/A,3900000,3,7,51,25.678236,-80.33867,False,,2161337.4285714286,7,526.6984547999217
44281313,10975 SW 107th St APT 118,Miami,FL,33176,327600,CONDO,983.0,,2,2.0,1979.0,46,628.0,,,1.0,True,,,N/A,327600,3,9,51,25.6702,-80.372986,False,3.0,280542.85714285716,7,295.55113982886115
64916560,9960 SW 88th St #621-6,Miami,FL,33176,255000,CONDO,755.0,,1,1.0,1968.0,57,354.0,,,,False,,,N/A,255000,3,7,51,25.687162,-80.35699,False,,267344.44444444444,9,266.49311489007863
44218483,7654 SW 106th Ave,Miami,FL,33173,290000,TOWNHOUSE,1788.0,2038.0,3,2.0,1979.0,46,195.0,,,,False,,,N/A,290000,3,7,54,25.69674,-80.36454,False,,561291.6666666666,6,299.5146680218507
44276667,9120 SW 103rd St,Miami,FL,33176,2199990,SINGLE_FAMILY,3943.0,0.8,5,4.0,1982.0,43,279.0,,,2.0,True,True,,N/A,2199990,3,7,54,25.673605,-80.3429,False,,2215100.0,8,501.6117145183737
44278834,11460 SW 96th Ter,Miami,FL,33176,1050000,SINGLE_FAMILY,2298.0,0.35009182736455,4,4.0,1979.0,46,,Updated/Remodeled,,2.0,True,True,,N/A,1050000,3,9,54,25.678568,-80.37977,False,,993925.0,8,439.3460993312354
44280297,11533 SW 109th Rd #21G,Miami,FL,33176,430000,TOWNHOUSE,1425.0,,3,3.0,1975.0,50,680.0,,Split Level,0.0,False,,,N/A,430000,3,9,54,25.66788,-80.38123,False,2.0,451150.0,2,314.9878108239883
44217619,8515 SW 97th Rd,Miami,FL,33173,1200000,SINGLE_FAMILY,3095.0,9033.0,4,3.0,1961.0,64,,,,0.0,False,True,,N/A,1200000,3,7,55,25.690186,-80.35035,False,,719437.5,8,495.3835936760361
44276723,9220 SW 103rd St,Miami,FL,33176,1700000,SINGLE_FAMILY,3183.0,0.88999081726354,5,4.0,1978.0,47,279.0,,,2.0,True,True,,N/A,1700000,3,7,55,25.673563,-80.34429,False,,2151500.0,8,526.3818877454763
44282465,10541 SW 102nd Ave,Miami,FL,33176,800000,SINGLE_FAMILY,2644.0,0.30360422405877,4,3.0,1969.0,56,,Fixer,,2.0,True,True,,N/A,800000,3,8,55,25.670727,-80.35799,False,,964962.5,8,442.42395831009287
44283703,11785 SW 90th Ave,Miami,FL,33176,2325000,SINGLE_FAMILY,3872.0,0.76600091827365,5,4.0,1988.0,37,,,Modern/Contemporary,2.0,True,True,,N/A,2325000,3,10,55,25.660717,-80.340454,False,,2413800.0,8,495.1306956343107
63620176,7737 SW 88th St #C112,Miami,FL,33156,200000,CONDO,980.0,,2,1.0,1965.0,60,235.0,,,,False,,,N/A,200000,3,7,55,25.689962,-80.31787,False,,224755.22222222222,9,278.40027832589254
63620306,7803 SW 88th St #F203,Miami,FL,33156,220000,APARTMENT,648.0,,1,1.0,1965.0,60,235.0,,,,False,,,N/A,220000,3,7,55,25.689135,-80.31995,False,,,0,
44215609,11456 SW 86th Ln,Miami,FL,33173,250000,TOWNHOUSE,1359.0,4199.0,3,2.0,1980.0,45,175.0,,,,False,,,N/A,250000,3,9,56,25.687613,-80.37919,False,,556916.6666666666,6,333.84747503232813
44221253,8450 SW 85th St,Miami,FL,33143,1193000,SINGLE_FAMILY,2073.0,0.26515151515152,4,3.0,1966.0,59,,,,2.0,True,True,,N/A,1193000,3,7,57,25.6903,-80.33099,False,,1086050.0,8,493.1693680899159
44222037,7915 SW 86th St APT 729,Miami,FL,33143,278000,CONDO,833.0,,1,1.0,1976.0,49,534.0,,,0.0,False,,,N/A,278000,3,7,57,25.691023,-80.322655,False,2.0,333066.6666666667,6,331.1098214414567
44279816,11253 SW 111th St,Miami,FL,33176,385000,TOWNHOUSE,1380.0,,2,2.0,1975.0,50,294.0,As Is,,1.0,True,,,N/A,385000,3,9,57,25.665508,-80.37714,False,2.0,542720.0,5,329.9247885207627
443190079,9960 N Kendall Dr APT 621-6,Miami,FL,33176,255000,CONDO,755.0,,1,1.0,1968.0,57,345.0,Updated/Remodeled,,1.0,True,,,N/A,255000,3,7,57,25.686522,-80.357,False,2.0,394616.6666666667,6,295.81137757210314
2056460860,11172 SW 91st Ave,Miami,FL,33176,2200000,SINGLE_FAMILY,3608.0,0.42594123048669,5,6.0,2023.0,2,,Under Construction,,3.0,True,,,N/A,2200000,3,10,58,25.665848,-80.34175,False,,1940641.7142857143,7,618.0985316802064
44217892,8234 SW 103rd Ave,Miami,FL,33173,435000,TOWNHOUSE,1335.0,1999.0,3,2.0,1969.0,56,173.0,,,,False,,,N/A,435000,3,7,61,25.691975,-80.3602,False,,469000.0,7,326.6817230361829
44277671,9741 SW 92nd Ter,Miami,FL,33176,625000,TOWNHOUSE,1632.0,,3,3.0,1972.0,53,,Updated/Remodeled,,0.0,False,,,N/A,625000,3,7,61,25.683527,-80.35271,False,2.0,484600.0,6,294.81331699346407
44281837,10400 SW 108th Ave APT A203,Miami,FL,33176,2400,CONDO,930.0,,2,2.0,1971.0,54,,,,,False,,,N/A,260000,3,9,26,25.671421,-80.37046,False,,2216.6666666666665,6,2.314352938054027
44282254,9830 SW 114th St,Miami,FL,33176,1300000,SINGLE_FAMILY,1732.0,0.92800734618916,3,2.0,1955.0,70,,,,0.0,False,True,,N/A,1300000,3,10,61,25.663204,-80.35371,False,,2201260.0,5,602.741230053588
70787473,8600 SW 109th Ave #4225,Miami,FL,33173,213000,CONDO,801.0,,1,2.0,1969.0,56,370.0,,Split Level,0.0,False,,,N/A,213000,3,9,61,25.688545,-80.370705,False,2.0,254571.42857142858,7,262.2514582005585
72568269,9066 SW 73rd Ct APT 405,Miami,FL,33156,395000,CONDO,890.0,,1,1.0,2006.0,19,950.0,,,,False,,,N/A,395000,3,7,61,25.68658,-80.31459,False,,433500.0,8,389.1273068125046
2071329653,8524 SW 103rd Ave UNIT 8524,Miami,FL,33173,465000,TOWNHOUSE,1335.0,,3,3.0,1968.0,57,173.0,,,1.0,True,,,N/A,465000,3,7,61,25.68934,-80.36053,False,2.0,455762.5,8,359.8992416432177
44214225,6211 SW 116th Pl,Miami,FL,33173,470000,CONDO,1340.0,,2,2.0,1976.0,49,515.0,,,,False,,,N/A,470000,3,7,62,25.709259,-80.38182,False,,345200.0,5,251.1437302934756
44291550,9341 SW 140th St,Miami,FL,33176,4200000,SINGLE_FAMILY,4329.0,0.53719008264463,4,4.0,1991.0,34,,,,2.0,True,True,,N/A,4200000,3,10,62,25.64009,-80.34471,False,,2372428.5714285714,7,643.393307593961
350772449,11175 SW 91st Ave,Miami,FL,33176,2273802,SINGLE_FAMILY,3608.0,0.42504591368228,5,6.0,2023.0,2,,Under Construction,,3.0,True,,,N/A,2273802,3,10,62,25.665848,-80.34175,False,,1930098.5714285714,7,615.1763745690249
44214761,7019 SW 115th Pl #H31,Miami,FL,33173,380000,TOWNHOUSE,1330.0,,2,3.0,1979.0,46,680.0,,,1.0,True,,,N/A,380000,3,7,63,25.702143,-80.38002,False,1.0,393300.0,6,279.0098633458386
44218982,8415 SW 107th Ave APT 221W,Miami,FL,33173,200000,CONDO,985.0,,1,2.0,1983.0,42,505.0,,,0.0,False,,,N/A,200000,3,7,64,25.689997,-80.36429,False,3.0,292762.375,8,272.051360889882
442748746,11456 SW 86th Ln #11456,Miami,FL,33173,250000,TOWNHOUSE,1359.0,,3,2.0,1980.0,45,207.0,,,1.0,True,,,N/A,250000,3,9,64,25.687613,-80.37919,False,1.0,556916.6666666666,6,333.84747503232813
447172555,9811 SW 93rd Ter #9811,Miami,FL,33176,437000,TOWNHOUSE,1630.0,,2,3.0,1976.0,49,200.0,,,0.0,False,,,N/A,437000,3,7,64,25.682648,-80.35397,False,2.0,408387.5,8,246.89199325511515
44217444,8301 SW 99th Ct,Miami,FL,33173,999900,SINGLE_FAMILY,1765.0,8625.0,4,3.0,1961.0,64,,,,0.0,False,True,,N/A,999900,3,7,65,25.691622,-80.35494,False,,679783.5,8,456.7541811812287
44214978,6666 SW 115th Ct APT 110,Miami,FL,33173,350000,CONDO,1240.0,,2,2.0,1981.0,44,,,Split Level,0.0,False,,,N/A,350000,3,7,68,25.70579,-80.37974,False,4.0,335271.4285714286,7,247.70823949274106
44274008,7745 SW 118th Pl,Miami,FL,33183,915000,SINGLE_FAMILY,2069.0,6750.0,4,3.0,1984.0,41,370.0,"Updated/Remodeled,Completely Renovated",Modern/Contemporary,2.0,True,True,,N/A,915000,3,7,68,25.69558,-80.38337,False,,752242.8571428572,7,408.4468037362577
442661706,6211 SW 116th Pl APT E,Miami,FL,33173,470000,TOWNHOUSE,1340.0,,2,2.0,1976.0,49,680.0,Updated/Remodeled,,0.0,False,,,N/A,470000,3,7,68,25.708323,-80.38133,False,2.0,369600.0,2,266.56053927923256
445997930,8234 SW 103rd Ave #8234,Miami,FL,33173,435000,TOWNHOUSE,1335.0,,3,2.0,1969.0,56,173.0,Updated/Remodeled,Split Level,1.0,True,,,N/A,435000,3,7,68,25.691996,-80.36022,False,2.0,469000.0,7,326.6817230361829
44289891,14000 SW 99th Ct,Miami,FL,33176,1350000,SINGLE_FAMILY,3124.0,0.39003673094582,4,3.0,1989.0,36,,,,2.0,True,,,N/A,1350000,3,8,69,25.639296,-80.355545,False,,1303206.25,8,394.96311396400546
44214349,11561 SW 64th St APT A,Miami,FL,33173,377500,TOWNHOUSE,1330.0,,2,2.0,1976.0,49,680.0,,,0.0,False,,,N/A,377500,3,7,71,25.708443,-80.38058,False,2.0,322750.0,2,243.33627663210666
250760911,11359 SW 112th Circle Ln N,Miami,FL,33176,470000,MULTI_FAMILY,1080.0,3580.0,2,2.0,1977.0,48,,,,,False,,,N/A,470000,3,9,71,25.664038,-80.37869,False,,527400.0,1,488.3333333333333
44278414,11028 SW 91st St,Miami,FL,33176,1420000,SINGLE_FAMILY,1974.0,1.16,4,3.0,1956.0,69,,,,1.0,True,True,,N/A,1420000,3,9,72,25.683651,-80.3751,False,,1369971.4285714286,7,589.9424467605091
121347560,12740 SW 93rd Ave,Miami,FL,33176,1860000,SINGLE_FAMILY,4176.0,0.39853076216713,5,4.0,2012.0,13,,Updated/Remodeled,,2.0,True,True,,N/A,1860000,3,10,72,25.651588,-80.34482,False,,1883155.2,5,484.94722640131283
44214872,7124 SW 114th Pl APT C,Miami,FL,33173,330000,TOWNHOUSE,1310.0,,2,3.0,1980.0,45,680.0,,,1.0,True,,,N/A,330000,3,7,75,25.701296,-80.378586,False,2.0,392700.0,2,274.08065618591934
44285614,10481 SW 126th St,Miami,FL,33176,1880000,SINGLE_FAMILY,4535.0,0.45,5,4.0,1982.0,43,,,,2.0,True,True,,N/A,1880000,3,8,75,25.652294,-80.36491,False,,1360457.142857143,7,435.65769421627505
44290291,9860 SW 140th St,Miami,FL,33176,1020000,SINGLE_FAMILY,2051.0,0.4592056932966,4,3.0,1960.0,65,,,,0.0,False,True,,N/A,1020000,3,8,75,25.639353,-80.35335,False,,949900.0,7,440.73278179854344
64758401,9972 N Kendall Dr APT 1118,Miami,FL,33176,300000,CONDO,1050.0,,2,2.0,1968.0,57,480.0,,,0.0,False,,,N/A,300000,3,7,75,25.685663,-80.356995,False,2.0,259600.0,7,299.88256768206105
337203120,11213 SW 88th St #B-211,Miami,FL,33173,228000,CONDO,736.0,,1,1.0,1969.0,56,332.0,,,0.0,False,,,N/A,228000,3,9,75,25.68845,-80.37491,False,2.0,243572.22222222222,9,274.38753049945615
44282225,11401 SW 102nd Ave,Miami,FL,33176,1925000,SINGLE_FAMILY,2425.0,1.25,3,2.0,1971.0,54,,,,4.0,True,True,,N/A,1925000,3,8,76,25.663225,-80.3588,False,,1335712.5,8,527.0900956981527
44276789,9370 SW 87th Ave APT S10,Miami,FL,33176,330000,APARTMENT,858.0,,2,1.0,1968.0,57,,,,,False,,,N/A,330000,3,7,77,25.68296,-80.33598,False,,293050.0,2,341.55011655011657
44287186,12924 SW 108th Ave,Miami,FL,33176,1225000,SINGLE_FAMILY,2812.0,0.34435261707989,4,3.0,1976.0,49,125.0,,,2.0,True,True,,N/A,1225000,3,8,77,25.648558,-80.36895,False,,1054657.25,8,384.91695886756344
2077041109,11359 SW 112th Circle Ln N UNIT 11359,Miami,FL,33176,470000,SINGLE_FAMILY,1080.0,,2,2.0,1977.0,48,,,,0.0,False,,,N/A,470000,3,9,77,25.66406,-80.37887,False,1.0,697850.0,2,390.23918636436724
44291024,10280 SW 142nd St,Miami,FL,33176,1320000,SINGLE_FAMILY,4123.0,0.34724517906336,5,5.0,1987.0,38,,,Mediterranean,2.0,True,,,N/A,1320000,3,8,79,25.637295,-80.36013,False,,1393887.5,8,423.75277321531655
44219882,8075 SW 107th Ave APT 319,Miami,FL,33173,280000,CONDO,1040.0,,3,2.0,1981.0,44,246.0,,,0.0,False,,,N/A,280000,3,7,82,25.692968,-80.36526,False,3.0,257800.0,8,272.78007373808896
44277088,10515 SW 96th Ter,Miami,FL,33176,974900,SINGLE_FAMILY,1554.0,9350.0,3,2.0,1966.0,59,,,,1.0,True,,,N/A,675000,3,7,0,25.67969,-80.36589,False,,871375.0,8,436.4888168700853
44286318,10253 SW 126th St,Miami,FL,33176,1100000,SINGLE_FAMILY,2812.0,0.4219696969697,4,3.0,1974.0,51,,,,2.0,True,True,,N/A,1100000,3,8,82,25.652506,-80.36068,False,,1328562.5,8,430.4313805833033
44326076,10969 SW 117th Pl,Miami,FL,33186,450000,TOWNHOUSE,924.0,3306.0,2,2.0,1981.0,44,105.0,,,,False,,,N/A,450000,3,9,82,25.665499,-80.38587,False,,429225.0,8,442.2590616258302
83160833,7280 SW 89th St #D302,Miami,FL,33156,330000,CONDO,941.0,,1,1.0,2007.0,18,727.0,,,1.0,True,,,N/A,330000,3,7,82,25.687557,-80.31317,False,7.0,284100.0,5,308.1848513740242
72568511,9066 SW 73rd Ct APT 1007,Miami,FL,33156,400000,CONDO,1150.0,,2,2.0,2006.0,19,,,,1.0,True,,,N/A,400000,3,7,83,25.686531,-80.31442,False,0.0,371400.0,9,386.5615154417723
342852988,7351 SW 90th St TOWNHOUSE 101S,Miami,FL,33156,740000,CONDO,2509.0,,4,3.0,2007.0,18,2802.0,,,0.0,False,,,N/A,740000,3,7,83,25.687927,-80.31454,False,27.0,422242.85714285716,7,389.99163214475004
44277914,10790 N Kendall Dr APT C22,Miami,FL,33176,2230,CONDO,800.0,,2,1.0,,N/A,,,,,False,,,N/A,220000,3,10,25,25.662445,-80.35473,False,,,0,
44280731,11435 SW 109th Rd #46D,Miami,FL,33176,475000,TOWNHOUSE,1220.0,,3,2.0,1977.0,48,539.0,,,1.0,True,,,N/A,368000,3,9,19,25.669651,-80.38007,False,2.0,458650.0,2,317.80791505791507
44215252,11460 SW 80th St,Miami,FL,33173,675000,SINGLE_FAMILY,2347.0,5015.0,4,2.0,1976.0,49,,,,0.0,False,,,N/A,675000,3,7,85,25.69336,-80.37942,False,,565177.75,8,314.2939157512452
44326462,10524 SW 118th Pl,Miami,FL,33186,820000,SINGLE_FAMILY,1658.0,5092.0,3,3.0,1990.0,35,65.0,Updated/Remodeled,,2.0,True,True,,N/A,820000,3,9,85,25.669664,-80.38765,False,,709945.8571428572,7,314.123980386048
44218416,10453 SW 78th St,Miami,FL,33173,425000,SINGLE_FAMILY,1966.0,2000.0,3,3.0,1973.0,52,250.0,,,0.0,False,,,N/A,425000,3,7,89,25.69517,-80.36188,False,,641400.0,1,312.8780487804878
44277927,10784 N Kendall Dr APT D3,Miami,FL,33176,235000,CONDO,920.0,,2,2.0,1968.0,57,497.0,,,1.0,True,,,N/A,235000,3,9,89,25.684721,-80.36794,False,2.0,221842.85714285713,7,335.2918735061593
44278531,10861 SW 93rd St,Miami,FL,33176,1250000,SINGLE_FAMILY,2561.0,1.15,4,3.0,1971.0,54,,,,0.0,False,True,,N/A,1250000,3,9,89,25.682802,-80.37211,True,,1458342.857142857,7,522.2376496161436
44280631,10516 SW 112th Ave,Miami,FL,33176,400000,TOWNHOUSE,1380.0,3841.0,2,2.0,1977.0,48,140.0,,,,False,,,N/A,400000,3,9,89,25.670877,-80.37634,False,,486225.0,8,363.6396943343472
44286313,10300 SW 125th St,Miami,FL,33176,985000,SINGLE_FAMILY,2872.0,0.42332415059688,5,3.0,1975.0,50,,Fixer,,2.0,True,True,,N/A,985000,3,8,89,25.652946,-80.3613,False,,1327337.5,8,416.2622336405218
44219871,8075 SW 107th Ave APT 116,Miami,FL,33173,189000,MULTI_FAMILY,705.0,,1,1.5,1981.0,44,349.0,,,,False,,,N/A,189000,3,7,90,25.692778,-80.36526,False,,298800.0,1,309.6373056994819
44277731,9811 SW 93rd Ter,Miami,FL,33176,437000,TOWNHOUSE,1630.0,2067.0,2,3.0,1976.0,49,,,,,False,,,N/A,437000,3,7,91,25.682655,-80.35401,False,,405837.5,8,247.44093964081802
44282585,10440 SW 112th St,Miami,FL,33176,935000,SINGLE_FAMILY,1953.0,0.35296143250689,3,2.0,1969.0,56,,,,0.0,False,,,N/A,935000,3,8,91,25.664822,-80.36467,False,,887712.5,8,486.7273946980923
70788777,13868 SW 90th Ave #206,Miami,FL,33176,245000,CONDO,758.0,,1,1.0,1972.0,53,339.0,,,,False,,,N/A,245000,3,10,91,25.64002,-80.3385,False,,234082.25,8,268.6403165571552
44216422,7499 SW 109th Ave,Miami,FL,33173,495000,TOWNHOUSE,1340.0,1694.0,3,3.0,1987.0,38,175.0,,,,False,,,N/A,495000,3,7,92,25.698656,-80.369934,False,,490142.85714285716,7,380.4353106607249
44277883,10794 N Kendall Dr APT B15,Miami,FL,33176,235000,CONDO,630.0,,1,1.0,1968.0,57,375.0,Updated/Remodeled,,0.0,False,,,N/A,235000,3,9,92,25.686237,-80.36797,False,2.0,243416.66666666666,6,279.7132581849292
44282645,11503 SW 107th Ave,Miami,FL,33176,805000,SINGLE_FAMILY,1893.0,0.34377869605142,3,2.0,1968.0,57,,,,,False,,,N/A,805000,3,8,92,25.661797,-80.36726,False,,897212.5,8,447.69442520775726
44284763,9205 SW 128th St,Miami,FL,33176,899999,SINGLE_FAMILY,1956.0,0.39249311294766,4,2.0,1961.0,64,,Updated/Remodeled,,0.0,False,,,N/A,635250,3,10,92,25.651257,-80.34285,False,,1104675.25,8,383.13068917259636
44281244,10985 SW 107th St APT 103,Miami,FL,33176,299000,CONDO,983.0,,2,2.0,1979.0,46,669.0,,,1.0,True,,,N/A,215000,3,9,47,25.669971,-80.37383,False,3.0,253062.5,8,307.25579998634504
63833511,9021 SW 94th St APT 206,Miami,FL,33176,480000,CONDO,1142.0,,2,2.0,2003.0,22,715.0,Updated/Remodeled,,2.0,True,,,N/A,480000,3,7,93,25.683187,-80.341965,False,8.0,403964.28571428574,7,353.2686359747977
353482567,10969 SW 117th Pl #10969,Miami,FL,33186,450000,TOWNHOUSE,942.0,,2,2.0,1981.0,44,118.0,,,1.0,True,,,N/A,450000,3,9,93,25.665503,-80.38587,False,1.0,431050.0,8,445.3596765098846
44220035,8790 SW 85th Ter,Miami,FL,33173,900000,SINGLE_FAMILY,1704.0,10000.0,3,2.0,1961.0,64,,Updated/Remodeled,,1.0,True,True,,N/A,900000,3,7,96,25.690062,-80.33559,False,,961025.0,8,490.8375598650972
44291157,9750 SW 143rd St,Miami,FL,33176,1395000,SINGLE_FAMILY,2456.0,0.34623507805326,4,3.0,2001.0,24,,,,2.0,True,True,,N/A,1395000,3,8,96,25.636688,-80.351105,False,,1237950.0,8,399.7646433886298
103437346,7275 SW 90th Way APT 507,Miami,FL,33156,425000,CONDO,1041.0,,2,2.0,2008.0,17,961.0,,,,False,,,N/A,425000,3,7,97,25.68611,-80.31303,False,,458200.0,8,388.71941486824073
44279393,11666 SW 91st Ter,Miami,FL,33176,450000,TOWNHOUSE,1724.0,2713.0,3,2.0,1984.0,41,310.0,,,,False,,,N/A,450000,3,9,98,25.683334,-80.37786,False,,565400.0,4,299.2328462693929
44280664,11336 SW 114 Lane Cir,Miami,FL,33176,505000,TOWNHOUSE,1080.0,2478.0,2,2.0,1978.0,47,39.0,,,,False,,,N/A,505000,3,9,98,25.661419,-80.37911,False,,462100.0,6,427.87037037037044
44290834,14060 SW 104th Ave,Miami,FL,33176,1485000,SINGLE_FAMILY,3659.0,0.3732782369146,5,3.0,1982.0,43,,,,2.0,True,True,,N/A,1485000,3,8,99,25.638361,-80.362816,False,,1337885.7142857143,7,373.8812409619829
44278946,11451 SW 103rd St,Miami,FL,33176,1050000,SINGLE_FAMILY,3660.0,9350.0,4,3.0,1981.0,44,,,,2.0,True,True,,N/A,1050000,3,9,100,25.673208,-80.37987,False,,1002412.5,8,336.3700459026519
64797488,7911 SW 104th St APT 210-G,Pinecrest,FL,33156,265000,CONDO,854.0,,1,1.0,1971.0,54,612.0,,,0.0,False,,,N/A,265000,3,7,100,25.674772,-80.32403,False,2.0,202957.14285714287,7,209.09932071997193
44275226,8620 SW 103rd St,Miami,FL,33156,550000,SINGLE_FAMILY,1965.0,0.42148760330579,3,2.0,1967.0,58,,,,1.0,True,,,N/A,550000,3,7,103,25.674194,-80.33482,False,,1471462.5,8,513.6464750759824
44276308,9999 SW 89th Ct,Miami,FL,33176,1700000,SINGLE_FAMILY,3200.0,0.87235996326905,4,2.0,1967.0,58,,,,,False,,,N/A,1700000,3,7,103,25.677217,-80.339745,False,,2497977.125,8,71414.0893497859
44278300,10832 N Kendall Dr #U4,Miami,FL,33176,231900,CONDO,555.0,,1,1.0,1968.0,57,373.0,,,0.0,False,,,N/A,231900,3,9,104,25.685253,-80.36757,False,2.0,170971.25,8,272.13405902222206
441948698,11666 SW 91st Ter #11666,Miami,FL,33176,450000,TOWNHOUSE,1724.0,,3,3.0,1984.0,41,364.0,,,0.0,False,,,N/A,450000,3,9,104,25.683414,-80.38319,False,2.0,528485.7142857143,7,298.29518969227286
44217521,9835 SW 81st St,Miami,FL,33173,805000,SINGLE_FAMILY,1539.0,7500.0,4,2.0,1961.0,64,,,,0.0,False,True,,N/A,805000,3,7,105,25.693504,-80.35285,False,,765037.5,8,402.33777536815546
44218523,10688 SW 76th Ter,Miami,FL,33173,485000,TOWNHOUSE,1924.0,,2,3.0,1979.0,46,248.0,,,1.0,True,,,N/A,485000,3,7,107,25.696203,-80.36554,False,2.0,535000.0,8,298.71569324648954
44218802,8401 SW 107th Ave APT 274E,Miami,FL,33173,230000,CONDO,1067.0,,1,2.0,1974.0,51,458.0,,,0.0,False,,,N/A,230000,3,7,107,25.689573,-80.362495,False,3.0,278711.1111111111,9,238.91477907755714
44221211,8251 SW 87th Ter,Miami,FL,33143,815000,SINGLE_FAMILY,1513.0,0.34435261707989,3,2.0,1964.0,61,,,,2.0,True,True,,N/A,815000,3,7,107,25.689013,-80.326965,False,,1409862.5,8,492.6809442789264
44279189,9068 SW 112th Ct,Miami,FL,33176,350000,SINGLE_FAMILY,1358.0,3060.0,2,2.0,1984.0,41,164.0,,,2.0,True,,,N/A,350000,3,9,107,25.683527,-80.37704,False,,553790.75,8,304.9469601072758
44279527,11201 SW 108th Ct,Miami,FL,33176,840000,SINGLE_FAMILY,2192.0,0.34710743801653,5,3.0,,N/A,,,,0.0,False,True,,N/A,840000,3,9,107,25.664583,-80.37035,False,,914487.5,8,433.94228520511354
44284998,9210 SW 136 Street Cir,Miami,FL,33176,250000,TOWNHOUSE,1600.0,5248.0,2,2.0,1980.0,45,96.0,,,,False,,,N/A,250000,3,10,107,25.64523,-80.34202,False,,479725.0,7,309.0116149019885
44214971,6666 SW 115th Ct APT 208,Miami,FL,33173,405000,CONDO,1400.0,,2,2.0,1981.0,44,835.0,Completely Renovated,,1.0,True,,,N/A,290000,3,7,29,25.70579,-80.37974,False,4.0,327414.28571428574,7,246.7042895256575
44216876,7269 SW 114th Ct,Miami,FL,33173,570000,SINGLE_FAMILY,1065.0,3500.0,2,2.0,1991.0,34,197.0,Completely Renovated,,1.0,True,,,N/A,570000,3,7,110,25.700027,-80.37845,False,,561246.375,8,357.42612879980567
44217961,8612 SW 103rd Ave,Miami,FL,33173,439000,TOWNHOUSE,1335.0,,3,3.0,1968.0,57,173.0,,,1.0,True,,,N/A,439000,3,7,110,25.68907,-80.360504,False,2.0,445812.5,8,352.6863668419261
44276675,10120 SW 93rd Ave,Miami,FL,33176,2000000,SINGLE_FAMILY,4494.0,0.63999081726354,4,5.0,1990.0,35,279.0,,Split Level,3.0,True,True,,N/A,2000000,3,7,110,25.6759,-80.345535,False,,2098345.625,8,455.90681542665743
44282887,10341 SW 110th St,Miami,FL,33176,967500,SINGLE_FAMILY,1603.0,0.34591368227732,3,2.0,1969.0,56,,,,1.0,True,True,,N/A,967500,3,8,110,25.667189,-80.36278,False,,918550.0,8,438.95106997121263
44214765,7049 SW 115th Pl APT D,Miami,FL,33173,430000,CONDO,1470.0,,3,2.0,1979.0,46,680.0,Updated/Remodeled,,1.0,True,,,N/A,430000,3,7,111,25.701561,-80.37971,False,2.0,383283.3333333333,6,270.063253371524
44215746,8568 SW 113th Pl,Miami,FL,33173,520000,TOWNHOUSE,1580.0,3598.0,3,2.0,1980.0,45,175.0,,,,False,,,N/A,520000,3,9,111,25.688984,-80.378174,False,,628566.6666666666,6,412.9584403559132
44284793,12050 SW 89th Ave,Miami,FL,33176,4125000,SINGLE_FAMILY,5035.0,0.96000918273646,5,8.0,2023.0,2,,"New Construction,Under Construction",,2.0,True,True,,N/A,4125000,3,10,113,25.657614,-80.339195,False,,1626128.5714285714,7,546.9979924137953
44214195,6435 SW 116th Pl APT G,Miami,FL,33173,390000,CONDO,1330.0,,2,2.0,1975.0,50,515.0,,,,False,,,N/A,390000,3,7,114,25.708338,-80.38134,False,,362971.4285714286,7,260.30528725693455
44275495,7810 SW 99th St,Miami,FL,33156,750000,TOWNHOUSE,1900.0,2265.0,3,3.5,1986.0,39,,,,,False,,,N/A,750000,3,7,114,25.678293,-80.321236,False,,587450.0,4,364.6006592428818
44286357,13251 SW 107th Ave,Miami,FL,33176,1450000,SINGLE_FAMILY,4805.0,0.40436179981635,5,5.0,1992.0,33,,,,2.0,True,True,,N/A,1450000,3,8,114,25.645914,-80.366714,False,,1482237.5,8,388.4804013524848
63833516,9021 SW 94th St APT 208,Miami,FL,33176,468000,TOWNHOUSE,1145.0,,2,2.0,2003.0,22,1123.0,,,,False,,,N/A,468000,3,7,114,25.68312,-80.341995,False,,,0,
72571939,9055 SW 73rd Court UNIT 610,Miami,FL,33156,375000,CONDO,997.0,,2,1.0,2006.0,19,1045.0,As Is,,1.0,True,,,N/A,375000,3,7,114,25.686594,-80.31402,False,26.0,390400.0,5,371.0906282388022
92450880,7280 SW 90th St APT 401,Miami,FL,33156,385000,CONDO,1000.0,1141.0,2,2.0,2008.0,17,584.0,,,,False,,,N/A,385000,3,7,114,25.686651,-80.312584,False,,373600.0,4,403.1047397928765
44214737,6967 SW 115th Pl #G34,Miami,FL,33173,365000,TOWNHOUSE,1330.0,,2,2.0,1979.0,46,680.0,Updated/Remodeled,,0.0,False,,,N/A,365000,3,7,117,25.702353,-80.380035,False,2.0,366666.6666666667,3,255.20511234796948
44215297,11460 SW 80th Ter,Miami,FL,33173,550000,SINGLE_FAMILY,1759.0,5893.0,3,2.0,1976.0,49,,,,,False,,,N/A,550000,3,7,117,25.692656,-80.37932,False,,662925.0,8,370.93862510702763
44277328,10627 SW 102nd St,Miami,FL,33176,965000,SINGLE_FAMILY,1797.0,9350.0,4,2.0,1967.0,58,,,Ranch,1.0,True,,,N/A,965000,3,7,117,25.674162,-80.367,False,,857100.0,8,427.07848684946475
44277895,10790 N Kendall Dr APT C3,Miami,FL,33176,220000,CONDO,630.0,,1,1.0,1968.0,57,242.0,,,,False,,,N/A,220000,3,9,117,25.684958,-80.36814,False,,255525.0,8,300.04143840427025
44280249,10661 SW 108th Ave APT 3F,Miami,FL,33176,210000,CONDO,840.0,,1,2.0,1975.0,50,375.0,,,0.0,False,,,N/A,210000,3,9,117,25.669685,-80.3689,False,4.0,270285.71428571426,7,265.2515559858033
44281828,10400 SW 108th Ave APT A101,Miami,FL,33176,275000,CONDO,930.0,,2,2.0,1971.0,54,421.0,,,0.0,False,,,N/A,275000,3,9,117,25.671421,-80.37046,False,4.0,224487.5,8,240.84347142639035
44284395,8620 SW 127th St,Miami,FL,33156,700000,SINGLE_FAMILY,1110.0,7875.0,3,2.0,1955.0,70,,,,1.0,True,,,N/A,700000,3,10,117,25.651834,-80.33386,False,,667062.5,8,501.2739857452476
44305672,11708 SW 95th St,Miami,FL,33186,750000,SINGLE_FAMILY,2141.0,0.31388888888889,3,2.0,1982.0,43,,,Ranch,2.0,True,,,N/A,750000,3,9,117,25.679804,-80.38486,False,,875412.5,8,372.97394859051866
44305684,9612 SW 117th Ct,Miami,FL,33186,800000,SINGLE_FAMILY,2057.0,8800.0,3,3.0,1983.0,42,,,,2.0,True,True,,N/A,800000,3,9,117,25.678556,-80.385666,False,,835675.0,8,376.48995204655023
72562967,9066 SW 73rd Ct APT 1207,Miami,FL,33156,385000,CONDO,1150.0,,2,2.0,2006.0,19,352.0,,,1.0,True,,,N/A,385000,3,7,117,25.686531,-80.31442,False,26.0,369700.0,8,393.0338787850373
79859547,7355 SW 89th St APT 416N,Miami,FL,33156,339000,CONDO,777.0,,1,1.0,2007.0,18,810.0,,,1.0,True,,,N/A,339000,3,7,117,25.687876,-80.3146,True,7.0,417112.5,8,404.7956287172692
44213180,7112 SW 113th Ave,Miami,FL,33173,460000,CONDO,1378.0,1799.0,3,0.0,1972.0,53,146.0,,,,False,,,N/A,460000,3,7,118,25.701357,-80.375984,False,,,0,
44219436,8035 SW 107th Ave APT 115,Miami,FL,33173,275000,CONDO,965.0,,2,2.0,1980.0,45,689.0,,,0.0,False,,,N/A,275000,3,7,118,25.692812,-80.36136,False,3.0,280450.0,8,290.6217616580311
44224030,(Undisclosed Address),Miami,FL,33143,1750000,SINGLE_FAMILY,3413.0,0.37304866850321,5,4.0,1995.0,30,449.0,,,2.0,True,True,,N/A,1750000,3,7,118,,,False,,1679744.4444444445,9,535.4732815241201
44279156,8965 SW 112th Pl,Miami,FL,33176,470000,SINGLE_FAMILY,1358.0,3060.0,2,2.0,1981.0,44,164.0,,,1.0,True,,,N/A,470000,3,9,118,25.685472,-80.378,False,,602900.0,6,344.1152778605897
44287015,13005 SW 109th Ct,Miami,FL,33176,1272000,SINGLE_FAMILY,1948.0,0.36363636363636,4,2.0,1975.0,50,,Updated/Remodeled,,2.0,True,True,,N/A,1272000,3,8,118,25.647615,-80.37117,False,,949100.0,8,433.20352126013415
44219408,8035 SW 107th Ave APT 305,Miami,FL,33173,280000,CONDO,965.0,,2,2.0,1980.0,45,689.0,,,0.0,False,,,N/A,280000,3,7,119,25.69299,-80.361664,False,3.0,291662.5,8,299.1863043045038
44221992,7985 SW 86th St #432,Miami,FL,33143,195000,APARTMENT,833.0,,1,1.0,1975.0,50,422.0,,,,False,,,N/A,195000,3,7,119,25.691048,-80.32265,False,,340400.0,2,298.59649122807014
44283579,8900 SW 115th Ter,Miami,FL,33176,2065000,SINGLE_FAMILY,2926.0,0.82899449035813,4,3.0,1960.0,65,,,,2.0,True,True,,N/A,2065000,3,10,119,25.662527,-80.33919,False,,2027687.5,8,559.784600987975
407979244,7810 SW 99th St #7810,Miami,FL,33156,750000,TOWNHOUSE,1900.0,,3,3.0,1986.0,39,100.0,,,1.0,True,,,N/A,750000,3,7,119,25.67828,-80.321236,False,2.0,587450.0,4,364.6006592428818
439655433,7112 SW 113th Ave #7112,Miami,FL,33173,460000,TOWNHOUSE,1378.0,,3,2.0,1972.0,53,159.0,,,0.0,False,,,N/A,460000,3,7,119,25.701347,-80.37599,False,2.0,419166.6666666667,6,317.9717256909808
44219640,8015 SW 107th Ave APT 111,Miami,FL,33173,310000,CONDO,1040.0,,3,2.0,1980.0,45,246.0,"Updated/Remodeled,Completely Renovated",,0.0,False,,,N/A,310000,3,7,120,25.693672,-80.36345,False,3.0,265124.875,8,299.0579736839222
44282142,10825 SW 112th Ave APT 115,Miami,FL,33176,253000,CONDO,787.0,,1,2.0,1981.0,44,393.0,,,1.0,True,,,N/A,253000,3,9,120,25.66802,-80.373215,False,3.0,201928.57142857142,7,213.77833126159035
44286429,13540 SW 98th Ct,Miami,FL,33176,1800000,SINGLE_FAMILY,3499.0,0.46944444444444,4,4.0,1977.0,48,,"Updated/Remodeled,Completely Renovated",,2.0,True,True,,N/A,1800000,3,8,120,25.64362,-80.3532,False,,1040842.1428571428,7,414.3911014197652
44290769,10600 SW 140th St,Miami,FL,33176,1700000,SINGLE_FAMILY,3750.0,0.50298438934803,5,3.0,1987.0,38,,,,,False,,,N/A,1700000,3,8,120,25.638979,-80.36597,False,,1299912.5,8,415.56046061281506
44274621,9190 SW 82nd Ave,Miami,FL,33156,2750000,SINGLE_FAMILY,5344.0,0.36078971533517,5,4.0,1994.0,31,,,,2.0,True,True,,N/A,2750000,3,7,121,25.685064,-80.327644,False,,1317350.0,8,504.32977457309335
44306243,11734 SW 92nd Ter,Miami,FL,33186,645000,TOWNHOUSE,1830.0,,3,3.0,1986.0,39,207.0,,,0.0,False,,,N/A,645000,3,9,121,25.682497,-80.38567,False,2.0,543400.0,6,328.27127052360294
70787460,8600 SW 109th Ave #4207,Miami,FL,33173,235000,CONDO,801.0,,1,2.0,1969.0,56,524.0,,,1.0,True,,,N/A,235000,3,9,121,25.688545,-80.370705,False,2.0,251428.57142857142,7,258.32779135554335
44214006,11005 SW 70th Ter,Miami,FL,33173,539000,TOWNHOUSE,1378.0,,3,2.0,1974.0,51,160.0,Updated/Remodeled,,0.0,False,,,N/A,450000,3,7,33,25.702837,-80.372375,False,2.0,478560.0,5,339.51237162495124
44217905,8308 SW 103rd Ave,Miami,FL,33173,320000,TOWNHOUSE,1205.0,1999.0,2,2.0,1969.0,56,129.0,,,,False,,,N/A,320000,3,7,124,25.691471,-80.360565,False,,450012.5,8,352.93144572246143
44222717,7785 SW 86th St APT 424,Miami,FL,33143,259000,CONDO,809.0,,1,1.0,1969.0,56,443.0,,,,False,,,N/A,259000,3,7,124,25.69028,-80.32101,False,,277012.5,8,316.69581868066933
44283367,11355 SW 97th Ave,Miami,FL,33176,4500000,SINGLE_FAMILY,5760.0,0.91400367309458,6,8.0,2024.0,1,,New Construction,,3.0,True,True,,N/A,4500000,3,10,124,25.664055,-80.350716,False,,2155050.0,8,521.5943237673499
64812151,10431 N Kendall Dr APT D110,Miami,FL,33176,275000,CONDO,1010.0,,2,2.0,1977.0,48,448.0,,,0.0,False,,,N/A,275000,3,7,124,25.68856,-80.36342,False,4.0,246157.14285714287,7,254.0759122132139
64877567,9974 SW 88th St #1020,Miami,FL,33176,290000,CONDO,1050.0,,2,2.0,1968.0,57,480.0,,Ranch,1.0,True,,,N/A,290000,3,7,124,25.684763,-80.35656,False,2.0,280340.0,5,280.5081413210445
67710938,10785 SW 108th Ave APT 308,Miami,FL,33176,265000,CONDO,1050.0,,2,2.0,1986.0,39,552.0,,,0.0,False,,,N/A,265000,3,9,124,25.669436,-80.370316,False,3.0,299862.375,8,285.58321428571423
79856228,7350 SW 89th St APT 409S,Miami,FL,33156,330000,CONDO,759.0,,1,1.0,2007.0,18,791.0,,,1.0,True,,,N/A,330000,3,7,124,25.68752,-80.314606,False,27.0,439972.22222222225,9,391.93398837488064
44214598,6634 SW 114th Pl APT H,Miami,FL,33173,365000,TOWNHOUSE,1330.0,,2,2.0,1978.0,47,680.0,,,0.0,False,,,N/A,365000,3,7,125,25.705168,-80.37835,False,2.0,397355.6,5,272.3625628498728
44214734,6967 SW 115th Pl #D34,Miami,FL,33173,385000,CONDO,1470.0,,3,2.0,1979.0,46,,,,0.0,False,,,N/A,385000,3,7,125,25.7024,-80.38001,False,2.0,355433.3333333333,6,252.13420455901664
44278715,10854 N Kendall Dr APT 301,Miami,FL,33176,313500,CONDO,1247.0,,2,2.0,1974.0,51,536.0,"Updated/Remodeled,Completely Renovated",,1.0,True,,,N/A,313500,3,9,125,25.685247,-80.36966,False,4.0,301066.6666666667,9,251.54767602059428
63833534,9301 SW 92nd Ave APT A311,Miami,FL,33176,230000,CONDO,670.0,,1,1.0,1977.0,48,522.0,,,0.0,False,,,N/A,230000,3,7,125,25.683275,-80.342705,False,4.0,291171.4285714286,7,388.63627552908423
44283883,8305 SW 117th Ter,Miami,FL,33156,895000,SINGLE_FAMILY,1540.0,0.34469696969697,3,2.0,1956.0,69,,,,2.0,True,True,,N/A,895000,3,10,126,25.661312,-80.32872,False,,1042862.5,8,468.1627431822508
44284382,8560 SW 126th Ter,Miami,FL,33156,587000,SINGLE_FAMILY,1425.0,7875.0,3,2.0,1955.0,70,,,,0.0,False,,,N/A,587000,3,10,126,25.65259,-80.33253,False,,776912.5,8,456.57249703511764
44279895,11411 SW 112th St,Miami,FL,33176,510000,SINGLE_FAMILY,1380.0,3419.0,2,1.5,1977.0,48,140.0,,,,False,,,N/A,510000,3,9,127,25.664785,-80.380554,False,,595550.0,2,289.8827458733314
72572936,9055 SW 73rd Ct APT 807,Miami,FL,33156,480000,CONDO,1150.0,,2,2.0,2006.0,19,1197.0,,,2.0,True,,,N/A,480000,3,7,127,25.686604,-80.31404,False,26.0,431555.55555555556,9,421.05878371675544
44216652,11444 SW 75th Ter,Miami,FL,33173,3200,SINGLE_FAMILY,1659.0,4450.0,3,1.0,,N/A,,,,,False,,,N/A,650000,3,7,67,25.69743,-80.3788,False,,3762.25,4,2.1871641812633102
44280798,11750 SW 113th Pl,Miami,FL,33176,755000,SINGLE_FAMILY,1934.0,8200.0,4,2.0,1977.0,48,,,,1.0,True,,,N/A,755000,3,9,128,25.658619,-80.379585,False,,750337.5,8,414.06189949888716
64785725,8569 SW 109th Ave #8569,Miami,FL,33173,321000,CONDO,987.0,,2,2.0,1996.0,29,,,,,False,,,N/A,321000,3,7,128,25.688948,-80.36922,False,,260200.0,6,352.83302353163305
44214774,7039 SW 115th Pl #A-27,Miami,FL,33173,330000,TOWNHOUSE,1330.0,,2,3.0,1979.0,46,,,,0.0,False,,,N/A,330000,3,7,131,25.70164,-80.379326,False,8.0,434000.0,1,281.8181818181818
44214778,7039 SW 115th Pl #E27,Miami,FL,33173,420000,CONDO,1470.0,,3,2.0,1979.0,46,680.0,Updated/Remodeled,,1.0,True,,,N/A,420000,3,7,131,25.70164,-80.379326,False,2.0,349840.0,5,249.85235816814765
44215899,11203 SW 88th St #208A,Miami,FL,33173,315000,CONDO,986.0,,2,2.0,1969.0,56,451.0,,,1.0,True,,,N/A,315000,3,9,131,25.686779,-80.37387,False,2.0,253033.33333333334,3,289.1447350328631
44219987,8721 SW 87th Ct,Miami,FL,33173,1210000,SINGLE_FAMILY,1977.0,0.30870064279155,4,3.0,1961.0,64,,,Ranch,2.0,True,True,,N/A,1210000,3,7,131,25.688416,-80.33419,False,,947928.5714285715,7,438.18726180087464
44220025,8841 SW 87th St,Miami,FL,33173,1200000,SINGLE_FAMILY,2690.0,10000.0,4,3.0,1961.0,64,,,,2.0,True,True,,N/A,1200000,3,7,131,25.689053,-80.33648,False,,1053175.0,8,516.2970648666919
44278998,11430 SW 103rd St,Miami,FL,33176,930000,SINGLE_FAMILY,,9983.0,4,4.0,1981.0,44,,,,6.0,True,True,,N/A,930000,3,9,131,25.672775,-80.3794,False,,1016812.5,8,340.08619748299463
44279176,11265 SW 91st Ter,Miami,FL,33176,640000,SINGLE_FAMILY,2000.0,3060.0,4,3.0,1982.0,43,164.0,As Is,,1.0,True,,,N/A,640000,3,9,131,25.683384,-80.37695,False,,511307.125,8,286.59049489404066
44286235,12701 SW 99th Ave,Miami,FL,33176,860000,SINGLE_FAMILY,2362.0,0.34435261707989,3,2.0,1977.0,48,,,,2.0,True,,,N/A,860000,3,10,131,25.651548,-80.353806,False,,1062212.5,8,419.3463249108345
44217718,9800 SW 84th St,Miami,FL,33173,420000,SINGLE_FAMILY,1247.0,8001.0,2,1.0,1961.0,64,,,,,False,,,N/A,420000,3,7,132,25.690845,-80.352036,False,,687875.0,8,487.7401362033572
44277004,9501 SW 105th Ave,Miami,FL,33176,975000,SINGLE_FAMILY,2520.0,0.34077134986226,5,4.0,1966.0,59,,,Multi Level,2.0,True,True,,N/A,975000,3,7,132,25.680782,-80.365685,False,,907012.5,8,439.8648727952007
44213940,11086 SW 70th Ln,Miami,FL,33173,456500,TOWNHOUSE,1378.0,1855.0,3,2.0,1974.0,51,137.0,,,,False,,,N/A,456500,3,7,133,25.702679,-80.37387,False,,443414.28571428574,7,310.2486943454979
44284393,8645 SW 127th St,Miami,FL,33156,585000,SINGLE_FAMILY,1104.0,10500.0,3,2.0,1955.0,70,,,,0.0,False,,,N/A,585000,3,10,133,25.65221,-80.334114,False,,740800.0,8,527.6581985153216
44287234,13005 SW 112th Ct,Miami,FL,33176,1549000,SINGLE_FAMILY,2432.0,0.35009182736455,4,3.0,1977.0,48,,Updated/Remodeled,Modern/Contemporary,0.0,False,True,,N/A,925000,3,8,42,25.647741,-80.37584,False,,871370.125,8,405.9710425313368
440315089,8569 SW 109th Ave,Miami,FL,33173,321000,SINGLE_FAMILY,987.0,,2,3.0,1996.0,29,266.0,,,0.0,False,,,N/A,321000,3,7,133,25.689096,-80.36922,False,,,0,
44216493,7506 SW 109th Pl,Miami,FL,33173,435000,TOWNHOUSE,1336.0,,3,3.0,1985.0,40,181.0,Fixer,,0.0,False,,,N/A,435000,3,7,134,25.698225,-80.37194,False,2.0,468628.5714285714,7,376.0775697239257
44218337,7710 SW 103rd Pl,Miami,FL,33173,480000,TOWNHOUSE,1680.0,,3,3.0,1973.0,52,234.0,,,0.0,False,,,N/A,480000,3,7,134,25.696213,-80.3608,False,2.0,560262.5,8,314.2575186131264
44291306,14540 SW 95th Ave,Miami,FL,33176,1200000,SINGLE_FAMILY,2472.0,0.38930211202938,4,4.0,1960.0,65,,,Ranch,4.0,True,True,,N/A,1200000,3,10,134,25.635168,-80.34833,False,,1177087.5,8,432.0553423761917
44213320,11337 SW 71st St,Miami,FL,33173,480000,TOWNHOUSE,1480.0,1742.0,3,2.0,1972.0,53,137.0,,,,False,,,N/A,480000,3,7,135,25.70186,-80.37727,False,,458150.0,8,321.23688677266756
44213695,6935 SW 111th Ct,Miami,FL,33173,260000,TOWNHOUSE,1378.0,5370.0,3,2.0,1974.0,51,137.0,,,,False,,,N/A,260000,3,7,135,25.704853,-80.37319,False,,463357.14285714284,7,329.3529542288231
44218298,7771 SW 103rd Pl,Miami,FL,33173,555000,TOWNHOUSE,1680.0,,3,3.0,1972.0,53,234.0,Updated/Remodeled,Split Level,0.0,False,,,N/A,555000,3,7,135,25.695963,-80.36022,False,2.0,544375.0,8,300.2626012276995
44219113,8415 SW 107th Ave APT 374W,Miami,FL,33173,205000,CONDO,670.0,,1,2.0,1981.0,44,346.0,,,0.0,False,,,N/A,205000,3,7,135,25.69035,-80.36457,False,3.0,300277.77777777775,9,304.8505358150028
44291117,9882 SW 147th St,Miami,FL,33176,1450000,SINGLE_FAMILY,2824.0,0.34582185491276,4,3.0,1989.0,36,,,,2.0,True,,,N/A,1450000,3,8,135,25.633043,-80.35388,False,,1654750.0,8,397.2661383326098
44291490,9300 SW 142nd St,Miami,FL,33176,1899000,SINGLE_FAMILY,2985.0,0.53719008264463,4,3.0,1973.0,52,,,,2.0,True,True,,N/A,1899000,3,10,135,25.637783,-80.343895,False,,2350875.0,8,611.7767053600116
70788567,14036 SW 90th Ave #203,Miami,FL,33176,210000,CONDO,758.0,,1,1.0,1972.0,53,339.0,,,,False,,,N/A,210000,3,10,135,25.640024,-80.3385,False,,237577.77777777778,9,291.87043644339343
442453736,7785 SW 86th St #E-424,Miami,FL,33143,259000,CONDO,809.0,,1,2.0,1969.0,56,450.0,,,0.0,False,,,N/A,259000,3,7,138,25.691092,-80.319336,False,4.0,243866.55555555556,9,279.49310084726443
44217800,10201 SW 86th St,Miami,FL,33173,670000,SINGLE_FAMILY,1548.0,9840.0,3,2.0,1968.0,57,,,,1.0,True,True,,N/A,670000,3,7,140,25.689016,-80.35773,False,,695171.4285714285,7,393.9796347068642
44219792,8005 SW 107th Ave APT 313,Miami,FL,33173,310000,CONDO,965.0,,2,2.0,1981.0,44,246.0,,,0.0,False,,,N/A,310000,3,7,140,25.69348,-80.36457,False,3.0,282571.4285714286,7,298.21217073449463
44274777,9525 SW 79th Ct,Miami,FL,33156,1150000,SINGLE_FAMILY,1564.0,0.43138200183655,3,2.0,1961.0,64,,,Ranch,2.0,True,True,,N/A,1150000,3,7,140,25.681704,-80.32404,False,,1326200.0,8,648.875145223556
64810739,10405 N Kendall Dr APT A214,Miami,FL,33176,300000,CONDO,1600.0,,3,3.0,1977.0,48,1111.0,,Split Level,1.0,True,,,N/A,300000,3,7,140,25.688017,-80.36206,False,3.0,179707.14285714287,7,225.81793670438472
439074075,11086 SW 70th Ln #11086,Miami,FL,33173,456500,TOWNHOUSE,1378.0,,3,2.0,1974.0,51,159.0,,,2.0,True,,,N/A,456500,3,7,141,25.702684,-80.37387,False,2.0,443414.28571428574,7,310.2486943454979
70788078,13120 SW 92nd Ave #B-201,Miami,FL,33176,295000,CONDO,1077.0,,2,1.0,1974.0,51,551.0,,,0.0,False,,,N/A,295000,3,10,142,25.647562,-80.34543,False,6.0,284888.375,8,286.5426657256295
44221972,7985 SW 86th St APT 404,Miami,FL,33143,299000,CONDO,833.0,,1,1.0,1975.0,50,534.0,,,2.0,True,,,N/A,299000,3,7,145,25.691236,-80.32298,False,2.0,313542.85714285716,7,325.7059365099423
44275875,7840 SW 102nd Ln,Miami,FL,33156,525000,TOWNHOUSE,1348.0,,3,3.0,1996.0,29,614.0,,,2.0,True,,,N/A,525000,3,7,145,25.67496,-80.32183,False,2.0,434000.0,6,399.07675878197784
44278999,11431 SW 104th St,Miami,FL,33176,912000,SINGLE_FAMILY,3873.0,9983.0,6,5.0,1981.0,44,,,,2.0,True,True,,N/A,912000,3,9,145,25.67247,-80.379425,False,,1053285.7142857143,7,355.7718025163618
44281859,10400 SW 108th Ave APT A408,Miami,FL,33176,229000,CONDO,725.0,,1,2.0,1971.0,54,328.0,,,0.0,False,,,N/A,229000,3,9,145,25.671421,-80.37046,False,4.0,230237.5,8,238.32307839709853
44281974,10700 SW 108th Ave APT C303,Miami,FL,33176,265000,CONDO,930.0,,2,1.0,1971.0,54,325.0,,,,False,,,N/A,265000,3,9,146,25.67073,-80.37062,False,,257500.0,7,276.8817204301075
44287464,11400 SW 123rd St,Miami,FL,33176,927000,SINGLE_FAMILY,2192.0,0.36570247933884,4,3.0,1979.0,46,,,,0.0,True,True,,N/A,927000,3,8,146,25.655352,-80.37894,False,,1027387.5,8,463.95730348561824
79858859,7350 SW 89th St APT 1809S,Miami,FL,33156,350000,CONDO,816.0,,1,1.0,2007.0,18,854.0,,,1.0,True,,,N/A,350000,3,7,146,25.68752,-80.314606,False,27.0,439972.22222222225,9,391.93398837488064
44216023,11235 SW 88th St #206E,Miami,FL,33173,210000,CONDO,736.0,,1,1.0,1969.0,56,333.0,,,1.0,True,,,N/A,210000,3,9,147,25.68845,-80.37491,False,2.0,247768.75,8,273.02021094232293
44277836,10120 SW 91st Ter,Miami,FL,33176,420000,SINGLE_FAMILY,2288.0,8385.0,4,2.0,1978.0,47,,,,,False,,,N/A,420000,3,7,147,25.683962,-80.357544,False,,829850.0,6,425.086942617095
441776094,11337 SW 71st St #11337,Miami,FL,33173,480000,TOWNHOUSE,1482.0,,3,2.0,1972.0,53,158.0,,,0.0,False,,,N/A,480000,3,7,147,25.701862,-80.3773,False,2.0,450387.5,8,315.65843334788843
44213631,6709 SW 113th Ave,Miami,FL,33173,505000,TOWNHOUSE,1378.0,,3,2.0,1974.0,51,158.0,,,0.0,False,,,N/A,505000,3,7,148,25.70473,-80.37632,False,2.0,460487.5,8,331.566713631569
44278814,11561 SW 98th St,Miami,FL,33176,830000,SINGLE_FAMILY,1674.0,8800.0,3,2.0,1979.0,46,,,,2.0,True,,,N/A,830000,3,9,148,25.677402,-80.382355,False,,802142.5,8,359.47525382502124
44279067,10828 SW 91st Ln,Miami,FL,33176,615000,SINGLE_FAMILY,1687.0,3400.0,3,3.0,1993.0,32,110.0,,,1.0,True,,,N/A,615000,3,9,148,25.683493,-80.371315,False,,766128.5714285715,7,333.2573873436055
44287504,12705 SW 112th Ct,Miami,FL,33176,985000,SINGLE_FAMILY,2445.0,0.38048668503214,4,3.0,1980.0,45,,,,,False,,,N/A,985000,3,8,148,25.650293,-80.37628,False,,963257.1428571428,7,486.78967277406355
44214456,6514 SW 114th Pl #D78,Miami,FL,33173,375000,TOWNHOUSE,1470.0,,3,2.0,1977.0,48,780.0,,,0.0,False,,,N/A,375000,3,7,152,25.707485,-80.37881,False,2.0,352500.0,4,247.2223171565277
44214821,7024 SW 114th Pl #H52,Miami,FL,33173,340000,TOWNHOUSE,1330.0,,2,3.0,1979.0,46,680.0,,,0.0,False,,,N/A,340000,3,7,152,25.70264,-80.37851,False,2.0,364333.3333333333,3,273.9348370927318
44220185,9140 SW 85th Ter,Miami,FL,33173,1165000,SINGLE_FAMILY,2230.0,10000.0,4,3.0,1962.0,63,,,,2.0,True,True,,N/A,1165000,3,7,152,25.689835,-80.34103,False,,1003822.2857142857,7,446.3355213302273
44281857,10400 SW 108th Ave APT A208,Miami,FL,33176,220000,CONDO,725.0,,1,2.0,1971.0,54,329.0,,,0.0,False,,,N/A,220000,3,9,152,25.671421,-80.37046,False,4.0,231362.5,8,239.87480253502957
44284697,12420 SW 93rd Ct,Miami,FL,33176,815000,SINGLE_FAMILY,1922.0,0.35206611570248,3,2.0,1958.0,67,,,Ranch,0.0,False,,,N/A,815000,3,10,152,25.654125,-80.345856,False,,950137.5,8,505.58617911629017
44284744,9040 SW 125th Ter,Miami,FL,33176,1010000,SINGLE_FAMILY,2325.0,0.34435261707989,3,2.0,1959.0,66,,,,0.0,False,,,N/A,1010000,3,10,152,25.653246,-80.34099,False,,1103887.5,8,497.8052535278375
44286645,12307 SW 102nd Ave,Miami,FL,33176,925000,SINGLE_FAMILY,2216.0,0.59795684113866,3,2.0,1990.0,35,,Fixer,,2.0,True,,,N/A,925000,3,8,152,25.654932,-80.35775,False,,1342075.0,8,419.23300932068975
44277426,9741 SW 99th St,Miami,FL,33176,850000,SINGLE_FAMILY,1543.0,0.27038567493113,3,2.0,1968.0,57,,,,,False,,,N/A,850000,3,7,153,25.677622,-80.35269,False,,899485.7142857143,7,462.7513627480648
44284831,8933 SW 128th St,Miami,FL,33176,542000,SINGLE_FAMILY,1162.0,7920.0,3,2.0,1969.0,56,,,Other,0.0,False,,,N/A,542000,3,10,153,25.651356,-80.33914,False,,624975.0,8,466.0534983572645
44286162,9744 SW 126th Ter,Miami,FL,33176,975000,SINGLE_FAMILY,2138.0,0.43487144168962,3,2.0,1973.0,52,,,,2.0,True,True,,N/A,975000,3,10,153,25.65219,-80.35195,False,,1074112.5,8,425.2003877900003
44213587,6515 SW 113th Ave,Miami,FL,33173,400000,TOWNHOUSE,1482.0,,3,2.0,1973.0,52,159.0,,,0.0,False,,,N/A,400000,3,7,154,25.706015,-80.37585,False,2.0,447183.3333333333,6,316.7806126346345
44221922,7965 SW 86th St APT 102,Miami,FL,33143,365000,CONDO,1042.0,,2,2.0,1975.0,50,422.0,,,,False,,,N/A,365000,3,7,154,25.691048,-80.32265,False,,299300.0,6,324.0751211755201
44275660,9456 SW 77th Ave APT T6,Miami,FL,33156,329900,CONDO,1178.0,,2,2.0,1967.0,58,687.0,,,0.0,False,,,N/A,329900,3,7,154,25.683947,-80.32032,False,2.0,311750.0,8,277.9201510755059
44276727,9340 SW 103rd St,Miami,FL,33176,1857000,SINGLE_FAMILY,4303.0,0.78999081726354,5,4.0,1981.0,44,279.0,,,2.0,True,True,,N/A,1857000,3,7,154,25.673477,-80.346794,False,,2356387.5,8,600.0604791113421
44283094,11701 SW 100th Ave,Miami,FL,33176,895000,SINGLE_FAMILY,1524.0,0.4,3,2.0,1971.0,54,,,,2.0,True,True,,N/A,895000,3,8,154,25.660269,-80.357376,False,,1059837.5,8,501.79984280896474
44285243,9057 SW 129th Ln,Miami,FL,33176,650000,SINGLE_FAMILY,1396.0,3140.0,3,2.0,1979.0,46,150.0,,,0.0,False,,,N/A,650000,3,10,154,25.649376,-80.341156,False,,589100.0,8,412.61403596909065
44285473,13000 SW 92nd Ave APT B211,Miami,FL,33176,313000,CONDO,1070.0,,2,2.0,1981.0,44,320.0,,,,False,,,N/A,313000,3,10,154,25.648512,-80.34469,False,,292600.0,4,324.10528273809524
252196030,9531 SW 93rd St,Miami,FL,33176,2450000,SINGLE_FAMILY,3967.0,0.3534435261708,5,4.0,2022.0,3,,New Construction,Ranch,2.0,True,True,,N/A,2450000,3,7,154,25.683155,-80.35016,False,,2232320.0,5,630.4874218117257
44213323,11331 SW 71st St,Miami,FL,33173,480000,TOWNHOUSE,1378.0,,3,2.0,1972.0,53,158.0,,,2.0,True,,,N/A,480000,3,7,155,25.70186,-80.37704,False,2.0,453587.5,8,317.89248250379705
44215902,11205 SW 88th St #110-A,Miami,FL,33173,240000,CONDO,736.0,,1,1.0,1969.0,56,333.0,,,0.0,False,,,N/A,240000,3,9,155,25.686918,-80.37405,False,2.0,250250.0,6,292.5074686921245
44216146,11269 SW 88th St #108J,Miami,FL,33173,308000,CONDO,986.0,,2,2.0,1969.0,56,450.0,,,1.0,True,,,N/A,308000,3,9,155,25.68845,-80.37491,False,2.0,235518.75,8,269.639318667872
44282347,10265 SW 111th St,Miami,FL,33176,950000,SINGLE_FAMILY,1713.0,0.34710743801653,3,3.0,1958.0,67,,,Modern/Contemporary,0.0,False,True,,N/A,950000,3,8,155,25.666409,-80.360985,False,,1155300.0,8,449.9757216694845
44282979,10471 SW 110th St,Miami,FL,33176,850000,SINGLE_FAMILY,2027.0,0.3458448117539,4,2.0,1969.0,56,,,,1.0,True,True,,N/A,850000,3,8,155,25.66718,-80.36501,False,,882938.875,8,403.0274607448747
44286711,12103 SW 107th Ct,Miami,FL,33176,1220000,SINGLE_FAMILY,2198.0,0.52892561983471,4,2.0,1972.0,53,,,,2.0,True,True,,N/A,1220000,3,8,155,25.65658,-80.36816,False,,952275.0,8,513.6320271252249
79860097,7355 SW 89th St APT 603N,Coral Gables,FL,33156,335000,CONDO,759.0,,1,1.0,2007.0,18,792.0,,,1.0,True,,,N/A,335000,3,7,155,25.687876,-80.3146,False,27.0,417612.5,8,404.1610302565838
44279400,11680 SW 91st Ter,Miami,FL,33176,593000,SINGLE_FAMILY,1890.0,2869.0,4,3.0,1985.0,40,364.0,,,1.0,True,,,N/A,593000,3,9,156,25.68345,-80.38385,False,,631700.0,2,334.23280423280426
44218667,8401 SW 107th Ave APT 117E,Miami,FL,33173,305000,CONDO,1235.0,,2,2.0,1974.0,51,534.0,,,0.0,False,,,N/A,255000,3,7,96,25.689573,-80.362495,False,3.0,275425.0,8,237.90868111812222
44221216,8341 SW 87th Ter,Miami,FL,33143,1325000,SINGLE_FAMILY,2886.0,0.34435261707989,4,3.0,1963.0,62,,,,2.0,True,True,,N/A,1325000,3,7,159,25.688965,-80.32875,False,,1290814.2857142857,7,523.9512255191866
44285222,12220 SW 87th Ave,Miami,FL,33176,1515000,SINGLE_FAMILY,2615.0,0.86000918273646,5,4.0,1980.0,45,,,,0.0,False,True,,N/A,1515000,3,10,159,25.656101,-80.3349,False,,1738225.0,8,512.1889592095837
64889652,8529 SW 109th Ave #8529,Miami,FL,33173,355000,TOWNHOUSE,987.0,,2,3.0,1996.0,29,266.0,,,0.0,False,,,N/A,355000,3,7,159,25.688845,-80.368774,False,2.0,387800.0,1,392.9078014184397
44276242,9301 SW 93rd Ave,Miami,FL,33176,3475000,SINGLE_FAMILY,3808.0,0.91000918273646,5,4.0,2023.0,2,,New Construction,,2.0,True,True,,N/A,3475000,3,7,160,25.683151,-80.34529,False,,2211112.5,8,623.60117968475
44275341,9202 SW 78th Pl,Miami,FL,33156,935000,SINGLE_FAMILY,2142.0,4500.0,3,2.0,1978.0,47,300.0,,Other,0.0,True,,,N/A,935000,3,7,161,25.684889,-80.323044,False,,844125.0,8,402.3984769772193
44280300,11535 SW 109th Rd #22-C,Miami,FL,33176,385000,CONDO,1100.0,,2,2.0,1975.0,50,306.0,,,1.0,True,,,N/A,385000,3,9,161,25.667933,-80.381615,False,2.0,397358.8333333333,6,280.5165756527818
44283869,8305 SW 116th Ter,Miami,FL,33156,949900,SINGLE_FAMILY,1710.0,0.34609733700643,3,2.0,1956.0,69,,,,2.0,True,,,N/A,949900,3,10,161,25.66283,-80.329384,False,,1686562.5,8,633.5429009497176
44213806,11164 SW 71st Ln,Miami,FL,33173,470000,TOWNHOUSE,1468.0,,3,2.0,1981.0,44,159.0,,,0.0,False,,,N/A,470000,3,7,162,25.701107,-80.37304,False,2.0,462671.4285714286,7,332.5937753606102
44276673,9240 SW 101st St,Miami,FL,33176,1650000,SINGLE_FAMILY,4562.0,0.48999081726354,5,4.0,1990.0,35,75.0,,,,False,,,N/A,1650000,3,7,162,25.675694,-80.34473,False,,2421570.625,8,572.9415112649132
122019223,12680 SW 91st Ave,Miami,FL,33176,1405000,SINGLE_FAMILY,2371.0,0.27447199265381,4,4.0,2013.0,12,,,,2.0,True,True,,N/A,1405000,3,10,162,25.652294,-80.341805,False,,1537214.2857142857,7,515.7440284128687
44216271,10826 SW 72nd St APT 25,Miami,FL,33173,429000,TOWNHOUSE,1569.0,,4,3.0,1981.0,44,490.0,,,2.0,True,,,N/A,429000,3,7,163,25.700249,-80.369545,False,2.0,444000.0,2,325.8257236104701
44276183,9669 SW 96th St,Miami,FL,33176,3950000,SINGLE_FAMILY,7957.0,0.66000918273646,6,6.0,1993.0,32,,,,4.0,True,True,,N/A,3950000,3,7,163,25.680494,-80.3511,False,,1663877.5714285714,7,459.46163191825605
44278192,10806 N Kendall Dr #P28,Miami,FL,33176,260000,CONDO,1205.0,,2,1.0,1968.0,57,242.0,,,,False,,,N/A,260000,3,9,163,25.686007,-80.36823,False,,257371.42857142858,7,274.72524164643124
44274639,8455 SW 92nd St,Miami,FL,33156,1800000,SINGLE_FAMILY,3026.0,1.25,4,3.0,1956.0,69,,,,0.0,False,True,,N/A,1800000,3,7,166,25.684906,-80.33278,False,,1399050.0,8,539.8853186085021
44275023,8390 SW 97th St,Miami,FL,33156,1840000,SINGLE_FAMILY,2598.0,0.45814967860422,4,3.0,1969.0,56,,,,1.0,True,True,,N/A,1840000,3,7,166,25.679789,-80.331,False,,1423671.4285714286,7,583.4234389711061
44277937,10786 N Kendall Dr APT D13,Miami,FL,33176,235000,CONDO,,,1,1.0,1968.0,57,373.0,,,0.0,False,,,N/A,235000,3,9,166,25.685253,-80.36757,False,2.0,170971.25,8,272.13405902222206
44284450,12601 SW 84 Avenue Rd,Miami,FL,33156,700000,SINGLE_FAMILY,1643.0,7501.0,3,2.0,1955.0,70,,,,,False,,,N/A,700000,3,10,166,25.653152,-80.33049,False,,701675.0,8,497.8990292130517
44307572,11796 SW 93rd Ter,Miami,FL,33186,635000,SINGLE_FAMILY,1593.0,5098.0,3,2.0,1990.0,35,150.0,,Split Level,1.0,True,,,N/A,635000,3,9,166,25.681295,-80.38623,False,,627699.5714285715,7,343.49172657785687
64542557,10765 SW 108th Ave APT 207,Miami,FL,33176,299000,CONDO,1050.0,,2,2.0,1986.0,39,551.0,,,0.0,False,,,N/A,299000,3,9,166,25.669168,-80.370094,False,3.0,274875.0,8,282.9566123531641
72566603,8601 SW 94th St APT 224W,Miami,FL,33156,252000,CONDO,866.0,,2,1.0,1968.0,57,487.0,,,2.0,True,,,N/A,252000,3,7,166,25.683083,-80.3347,False,2.0,315075.0,4,340.62210354873145
44216698,11267 SW 73rd Ln,Miami,FL,33173,625000,SINGLE_FAMILY,1300.0,4564.0,3,2.0,1988.0,37,55.0,,,0.0,False,True,,N/A,625000,3,7,167,25.699657,-80.37422,False,,625357.1428571428,7,384.1985805233855
44283410,8860 SW 112th St,Miami,FL,33176,4250000,SINGLE_FAMILY,6891.0,0.95,7,7.0,2011.0,14,,,Mediterranean,2.0,True,True,,N/A,4250000,3,10,167,25.665617,-80.33802,False,,2412663.1428571427,7,631.7260611833279
44326035,11769 SW 108th Ln,Miami,FL,33186,490000,TOWNHOUSE,1156.0,,3,2.0,1982.0,43,120.0,,,2.0,True,,,N/A,490000,3,9,167,25.667143,-80.3854,False,1.0,437812.5,8,427.0294720979437
79855862,7350 SW 89th St APT 624S,Miami,FL,33156,495000,CONDO,1885.0,,2,3.0,2007.0,18,1940.0,,,2.0,True,,,N/A,495000,3,7,167,25.68752,-80.314606,False,27.0,439972.22222222225,9,391.93398837488064
44218338,7700 SW 103rd Pl,Miami,FL,33173,560000,TOWNHOUSE,1680.0,1999.0,3,2.0,1973.0,52,195.0,,,,False,,,N/A,560000,3,7,168,25.696297,-80.36082,False,,550328.5714285715,7,312.39814017789604
44285256,13125 SW 90th Ct,Miami,FL,33176,615000,SINGLE_FAMILY,1727.0,2886.0,3,2.0,1979.0,46,150.0,,,0.0,False,,,N/A,615000,3,10,168,25.648125,-80.340225,False,,559234.4285714285,7,413.96353366290816
63620164,7737 SW 88th St #C108,Miami,FL,33156,233000,CONDO,648.0,,1,1.0,1965.0,60,266.0,,,0.0,False,,,N/A,233000,3,7,168,25.689962,-80.31787,False,3.0,224755.22222222222,9,278.40027832589254
79858842,7350 SW 89th St APT 615S,Miami,FL,33156,330000,CONDO,849.0,,1,1.0,2007.0,18,485.0,,,,False,,,N/A,330000,3,7,169,25.687935,-80.31461,False,,533552.8571428572,7,371.1647292957737
156297993,11886 SW 81st St,Miami,FL,33183,660000,TOWNHOUSE,2152.0,,4,3.0,2005.0,20,230.0,,,1.0,True,,,N/A,660000,3,7,169,25.692503,-80.38563,False,2.0,574000.0,6,283.32479691587497
44275820,10269 SW 77th Ct,Miami,FL,33156,370000,TOWNHOUSE,1152.0,,2,3.0,1990.0,35,614.0,,,2.0,True,,,N/A,370000,3,7,170,25.67501,-80.320885,False,1.0,442483.3333333333,6,384.1001157407407
44287923,10800 SW 135th Ter,Miami,FL,33176,1350000,SINGLE_FAMILY,4016.0,0.33833792470156,5,4.0,1994.0,31,,,Mediterranean,2.0,True,,,N/A,1350000,3,8,170,25.643034,-80.36928,False,,1438043.75,8,440.83202569288824
70787505,8550 SW 109th Ave #5218,Miami,FL,33173,220000,CONDO,801.0,,1,2.0,1969.0,56,369.0,,,0.0,False,,,N/A,220000,3,9,170,25.689154,-80.37076,False,3.0,218300.0,8,241.58516596013263
70788318,13855 SW 90th Ave #101-F,Miami,FL,33176,241400,MULTI_FAMILY,758.0,,1,1.0,1972.0,53,339.0,,,,False,,,N/A,241400,3,10,170,25.64002,-80.3385,False,,242600.0,1,320.0527704485488
44274379,9159 SW 77th Ave APT 209,Miami,FL,33156,240000,CONDO,733.0,,1,1.0,1966.0,59,309.0,,,0.0,False,,,N/A,240000,3,7,173,25.685255,-80.31792,False,3.0,242942.85714285713,7,255.22352758331405
44276686,10124 SW 94th Ct,Miami,FL,33176,1950000,SINGLE_FAMILY,4962.0,0.50218089990817,4,3.0,1983.0,42,75.0,,,,False,,,N/A,1950000,3,7,173,25.675184,-80.34822,False,,2119942.8571428573,7,509.2142971315005
72563263,9055 SW 73rd Ct APT 1706,Miami,FL,33156,485000,CONDO,1350.0,,2,2.0,2006.0,19,1392.0,,,1.0,True,,,N/A,485000,3,7,173,25.686604,-80.31404,False,26.0,424875.0,8,428.7837242739424
448491858,12601 SW 84th Avenue Rd,Miami,FL,33156,700000,SINGLE_FAMILY,1962.0,7500.0,3,2.0,1955.0,70,,"Updated/Remodeled,Completely Renovated",,0.0,False,True,,N/A,700000,3,10,173,25.65317,-80.33051,False,,685837.5,8,502.5632256445705
44283019,10700 SW 109th Ter,Miami,FL,33176,1015000,SINGLE_FAMILY,2349.0,0.35870064279155,5,2.0,1969.0,56,,,,0.0,False,True,,N/A,1015000,3,9,174,25.667002,-80.367874,False,,969787.5,8,407.28178303151924
44291495,9414 SW 142nd St,Miami,FL,33176,1260000,SINGLE_FAMILY,2581.0,0.53719008264463,5,3.0,1972.0,53,692.0,,,,False,,,N/A,1260000,3,10,174,25.637676,-80.34574,False,,2690400.0,7,694.5638654904526
44273959,11906 SW 78th Ter,Miami,FL,33183,825000,SINGLE_FAMILY,1846.0,6499.0,3,2.0,1981.0,44,300.0,,,,False,,,N/A,825000,3,7,175,25.694721,-80.384254,False,,743124.625,8,299.8120312063867
44283777,8600 SW 112th St,Miami,FL,33156,1800000,SINGLE_FAMILY,1552.0,1.1,3,2.0,1956.0,69,,,,,False,,,N/A,1800000,3,10,175,25.665583,-80.33404,False,,2418646.25,8,601.0041924608398
44281106,10525 SW 112th Ave APT 314,Miami,FL,33176,247000,CONDO,727.0,,1,1.0,1978.0,47,503.0,,,0.0,False,,,N/A,247000,3,9,176,25.67069,-80.37468,False,3.0,232142.85714285713,7,242.60716543519337
64568742,7953 SW 104th St APT 108-D,Miami,FL,33156,275000,CONDO,1020.0,,2,1.0,1971.0,54,1145.0,,,,False,,,N/A,275000,3,7,176,25.67477,-80.32403,False,,263261.625,8,270.06965368739475
72562133,9055 SW 73rd Ct APT 402,Miami,FL,33156,310000,APARTMENT,600.0,,1,1.0,2006.0,19,658.0,,,,False,,,N/A,310000,3,7,176,25.686594,-80.31402,False,,384666.6666666667,3,333.5416444686091
44275945,10204 SW 77th Ct,Miami,FL,33156,489000,TOWNHOUSE,1152.0,,2,3.0,1988.0,37,614.0,Updated/Remodeled,,0.0,False,,,N/A,489000,3,7,177,25.675713,-80.32098,False,2.0,450800.0,5,391.31944444444446
44218732,8401 SW 107th Ave APT 204E,Miami,FL,33173,210000,CONDO,1067.0,,1,2.0,1974.0,51,458.0,,,0.0,False,,,N/A,210000,3,7,180,25.689573,-80.362495,False,3.0,287300.0,8,244.1774394894308
44284126,8195 SW 107th St,Miami,FL,33156,1100000,SINGLE_FAMILY,2171.0,0.37860422405877,3,2.0,1960.0,65,,,,0.0,False,True,,N/A,1100000,3,10,180,25.671019,-80.32641,False,,1213887.5,8,581.0834500307424
44213816,7125 SW 111th Ct,Miami,FL,33173,497500,TOWNHOUSE,1468.0,,3,2.0,1975.0,50,159.0,,Split Level,0.0,False,,,N/A,497500,3,7,181,25.701605,-80.37256,False,2.0,473912.5,8,316.40566025657205
44280588,11240 SW 104th St,Miami,FL,33176,465000,SINGLE_FAMILY,1380.0,2531.0,2,3.0,1977.0,48,299.0,,,2.0,True,,,N/A,465000,3,9,181,25.67166,-80.377106,False,,,0,
44281118,10665 SW 113th Pl #95D,Miami,FL,33176,422500,TOWNHOUSE,1220.0,,3,2.0,1978.0,47,681.0,,,1.0,True,,,N/A,422500,3,9,181,25.670319,-80.377846,False,2.0,449800.0,1,395.2548330404218
44286173,13505 SW 103rd Ct,Miami,FL,33176,1018500,SINGLE_FAMILY,2238.0,0.40771349862259,4,2.0,1974.0,51,,,,2.0,True,True,,N/A,1018500,3,8,181,25.643969,-80.360954,False,,991217.5,8,418.0568352288842
44276782,9370 SW 87th Ave APT S3,Miami,FL,33176,210000,CONDO,649.0,,1,1.0,1968.0,57,,,,,False,,,N/A,210000,3,7,182,25.682964,-80.33598,False,,314242.85714285716,7,356.00630432387914
44280639,11306 SW 114 Circle Ter,Miami,FL,33176,479500,TOWNHOUSE,1080.0,2130.0,2,2.0,1977.0,48,39.0,,,,False,,,N/A,479500,3,9,182,25.662577,-80.37855,False,,459625.0,4,425.57870370370375
44306411,11706 SW 92nd Ln,Miami,FL,33186,619000,SINGLE_FAMILY,1666.0,4625.0,3,2.0,1988.0,37,145.0,,,1.0,True,,,N/A,619000,3,9,182,25.681942,-80.38478,False,,587629.7142857143,7,332.51559090048937
66177128,10431 N Kendall Dr APT D211,Miami,FL,33176,290000,CONDO,,,2,1.0,1977.0,48,466.0,,,0.0,False,,,N/A,200500,3,7,19,25.68856,-80.36342,False,4.0,249762.5,8,256.35107665190867
44215943,11215 SW 88th St #215B,Miami,FL,33173,200000,CONDO,736.0,,1,1.0,1969.0,56,330.0,,,,False,,,N/A,200000,3,9,183,25.68938,-80.375,False,,266037.5,8,310.94783490607637
44283521,9290 SW 117th Ter,Miami,FL,33176,12000,SINGLE_FAMILY,4323.0,0.88599632690542,6,5.0,1955.0,70,,,,,False,,,N/A,2050000,3,10,176,25.660583,-80.34453,False,,9456.666666666666,6,3.066738511631927
44305757,11755 SW 103rd Ln,Miami,FL,33186,400000,TOWNHOUSE,1209.0,2238.0,3,2.0,1985.0,40,114.0,,,,False,,,N/A,400000,3,9,183,25.672686,-80.38514,False,,481057.14285714284,7,392.88159531153036
439740499,7700 SW 103rd Pl #7700,Miami,FL,33173,560000,TOWNHOUSE,1680.0,,3,3.0,1973.0,52,234.0,,,0.0,False,,,N/A,560000,3,7,183,25.696318,-80.360825,False,2.0,550328.5714285715,7,312.39814017789604
2143354225,7350 SW 89 ST UNIT 615-S,Miami,FL,33156,330000,CONDO,846.0,,1,1.0,2007.0,18,886.0,,,1.0,True,,,N/A,330000,3,7,183,25.687935,-80.31461,False,27.0,533552.8571428572,7,371.1647292957737
44284853,8965 SW 126th Ter,Miami,FL,33176,900000,SINGLE_FAMILY,2162.0,0.35870064279155,3,2.0,1969.0,56,,,,2.0,True,True,,N/A,900000,3,10,185,25.652746,-80.340004,False,,766887.5,8,413.1266617019423
44284934,12663 SW 94th Pl,Miami,FL,33176,1100000,SINGLE_FAMILY,2750.0,0.43569788797062,4,3.0,1986.0,39,,,,0.0,False,True,,N/A,1100000,3,10,187,25.651722,-80.34801,False,,1258712.5,8,454.7983828044826
44279445,9044 SW 113th Ave,Miami,FL,33176,835000,SINGLE_FAMILY,1974.0,6901.0,4,3.0,1995.0,30,80.0,,,2.0,True,,,N/A,835000,3,9,189,25.684422,-80.37884,False,,855685.7142857143,7,404.1285470871465
44283072,11341 SW 100th Ave,Miami,FL,33176,775000,SINGLE_FAMILY,1352.0,0.38838383838384,3,1.0,1971.0,54,,,,,False,,,N/A,775000,3,8,189,25.65738,-80.358475,False,,947800.0,4,465.45310457670666
44283940,8465 SW 107th St,Miami,FL,33156,1250000,SINGLE_FAMILY,1646.0,0.35126262626263,4,3.0,1960.0,65,,,,0.0,False,True,,N/A,1250000,3,10,189,25.671007,-80.33218,False,,1070250.0,8,542.3575353378958
44214757,7019 SW 115th Pl #D31,Miami,FL,33173,400000,TOWNHOUSE,1470.0,,3,2.0,1979.0,46,680.0,Updated/Remodeled,,0.0,False,,,N/A,400000,3,7,190,25.702133,-80.37999,False,2.0,380616.6666666667,6,272.8679653679654
44216233,11291 SW 88th St #204M,Miami,FL,33173,275000,CONDO,986.0,,2,2.0,1969.0,56,425.0,,,0.0,False,,,N/A,275000,3,9,190,25.68845,-80.37491,False,2.0,243572.22222222222,9,274.38753049945615
44218913,8415 SW 107th Ave APT 130W,Miami,FL,33173,277000,CONDO,985.0,,2,2.0,1983.0,42,504.0,,,1.0,True,,,N/A,277000,3,7,190,25.689997,-80.36429,False,3.0,283137.375,8,262.2797872858211
44220217,8955 N Kendall Dr,Miami,FL,33176,1250000,SINGLE_FAMILY,2284.0,0.3458448117539,4,3.0,1965.0,60,,,,2.0,True,,,N/A,1250000,3,7,190,25.68829,-80.3387,False,,1068687.5,8,482.94212607405393
44290384,9735 SW 142nd Dr,Miami,FL,33176,660000,SINGLE_FAMILY,1975.0,0.38879706152433,3,2.0,1968.0,57,,,,,False,,,N/A,660000,3,8,190,25.639013,-80.35121,False,,1051162.5,8,452.94590153220577
64792945,10431 N Kendall Dr APT D304,Miami,FL,33176,245000,CONDO,890.0,,2,1.0,1977.0,48,605.0,Updated/Remodeled,,0.0,False,,,N/A,245000,3,7,190,25.68856,-80.36342,False,4.0,250442.85714285713,7,253.6468163341236
79856487,7350 SW 89th St APT 714S,Miami,FL,33156,470000,CONDO,1260.0,,2,2.0,2007.0,18,485.0,,,,False,,,N/A,470000,3,7,190,25.687935,-80.31461,False,,533552.8571428572,7,371.1647292957737
44214884,7004 SW 114th Pl APT C,Miami,FL,33173,485000,TOWNHOUSE,1478.0,,3,3.0,1980.0,45,680.0,,,0.0,False,,,N/A,485000,3,7,191,25.70234,-80.37916,False,2.0,405000.0,1,274.01894451962113
44274839,8120 SW 97th St,Miami,FL,33156,1425000,SINGLE_FAMILY,2543.0,0.35651974288338,4,4.0,1999.0,26,,,,2.0,True,,,N/A,1425000,3,7,191,25.680096,-80.32689,False,,1288487.5,8,591.017593274633
44279655,10962 SW 117th St,Miami,FL,33176,1075000,SINGLE_FAMILY,1719.0,1.0609,3,2.0,1971.0,54,,,,2.0,True,,,N/A,1075000,3,9,191,25.659986,-80.37288,False,,1051287.5,8,465.9642482709362
44283779,8501 SW 112th St,Miami,FL,33156,7000000,SINGLE_FAMILY,1957.0,3.82,3,2.0,1957.0,68,,"Fixer,New Construction",,0.0,False,,,N/A,7000000,3,10,191,25.666668,-80.33317,False,,2300908.5714285714,7,597.8222247106904
450011526,11306 SW 114th Circle Ter,Miami,FL,33176,479500,TOWNHOUSE,1080.0,,2,2.0,1977.0,48,,Updated/Remodeled,,0.0,False,,,N/A,479500,3,9,191,25.66258,-80.37853,False,1.0,454240.0,5,420.5925925925926
44216108,11259 SW 88th St UNIT 104H,Miami,FL,33173,298700,CONDO,986.0,,2,2.0,1969.0,56,451.0,,,0.0,False,,,N/A,298700,3,9,194,25.68845,-80.37491,False,2.0,236681.25,8,270.81832475306464
44277189,10510 SW 99th St,Miami,FL,33176,1050000,SINGLE_FAMILY,2566.0,9939.0,4,2.0,1967.0,58,,,,1.0,True,True,,N/A,1050000,3,7,194,25.67711,-80.365265,False,,799250.0,8,448.7997683252829
44286950,10900 SW 128th St,Miami,FL,33176,1310000,SINGLE_FAMILY,2256.0,0.34618916437098,4,2.0,1973.0,52,,,Modern/Contemporary,2.0,True,True,,N/A,1310000,3,8,194,25.649689,-80.370926,False,,981457.1428571428,7,426.899754568451
44306233,11711 SW 92nd Ter,Miami,FL,33186,425000,TOWNHOUSE,1830.0,2474.0,3,2.0,1987.0,38,170.0,,,,False,,,N/A,425000,3,9,194,25.682894,-80.385155,False,,521787.5,8,304.5202662795614
44326087,11770 SW 110th Ln,Miami,FL,33186,450000,TOWNHOUSE,942.0,,2,2.0,1981.0,44,118.0,,,1.0,True,,,N/A,450000,3,9,194,25.664732,-80.38554,False,1.0,426800.0,8,401.24340087925
72577628,9055 SW 73rd Ct APT 1605,Miami,FL,33156,475000,CONDO,1350.0,,2,2.0,2006.0,19,1400.0,Updated/Remodeled,,1.0,True,,,N/A,475000,3,7,194,25.686604,-80.31404,False,28.0,431555.55555555556,9,421.05878371675544
44216335,10810 SW 72nd St APT 163,Miami,FL,33173,449900,TOWNHOUSE,1593.0,,3,3.0,1986.0,39,490.0,,,1.0,True,,,N/A,449900,3,7,195,25.700375,-80.36847,False,2.0,485450.0,4,309.4008922880816
44275796,10211 SW 77th Ct,Miami,FL,33156,475000,TOWNHOUSE,970.0,,2,2.0,1989.0,36,617.0,,,0.0,False,,,N/A,475000,3,7,195,25.675573,-80.320435,False,2.0,438450.0,6,391.25449611427103
44214126,7001 SW 109th Pl,Miami,FL,33173,490000,TOWNHOUSE,1360.0,2975.0,3,2.0,1974.0,51,137.0,,,,False,,,N/A,490000,3,7,197,25.70281,-80.371185,False,,443742.85714285716,7,317.60657353278765
44286123,9864 SW 124th Ter,Miami,FL,33176,1225000,SINGLE_FAMILY,2321.0,0.41152433425161,4,2.0,1976.0,49,,,,2.0,True,True,,N/A,1225000,3,10,197,25.653751,-80.353294,False,,1102575.0,8,461.2289117769194
44216077,11249 SW 88th St #203G,Miami,FL,33173,250000,CONDO,736.0,,1,1.0,1969.0,56,332.0,,,0.0,False,,,N/A,250000,3,9,198,25.686684,-80.37699,True,2.0,301716.6666666667,6,319.60830246641393
44276821,9350 SW 93rd Pl,Miami,FL,33176,1950000,SINGLE_FAMILY,4037.0,0.6771349862259,5,5.0,1994.0,31,140.0,,,2.0,True,True,,N/A,1950000,3,7,198,25.682976,-80.347466,False,,2412840.0,5,563.0313139081323
44282329,10625 SW 112th St,Miami,FL,33176,999999,SINGLE_FAMILY,1188.0,0.3495867768595,3,2.0,1956.0,69,,Updated/Remodeled,,1.0,True,True,,N/A,580000,3,8,15,25.66528,-80.36702,False,,1001525.0,8,483.82268173296495
103449503,7275 SW 90th Way APT 312,Miami,FL,33156,407000,CONDO,1129.0,,2,2.0,2008.0,17,1043.0,New Construction,,0.0,False,,,N/A,407000,3,7,198,25.686049,-80.313,False,7.0,381516.6666666667,6,320.9761858039001
44216712,11324 SW 74th St,Miami,FL,33173,335000,CONDO,1850.0,3772.0,2,2.5,1988.0,37,41.0,,,,False,,,N/A,335000,3,7,201,25.69868,-80.375206,False,,,0,
44218189,10383 N Kendall Dr APT N6,Miami,FL,33176,215000,CONDO,891.0,,2,1.0,1971.0,54,297.0,,,0.0,False,,,N/A,215000,3,7,201,25.689022,-80.36137,False,2.0,223581.25,8,254.28128631860596
44278673,10852 N Kendall Dr #418,Miami,FL,33176,295000,CONDO,1137.0,,2,2.0,1974.0,51,400.0,,,0.0,False,,,N/A,295000,3,9,201,25.685247,-80.36966,False,4.0,301066.6666666667,9,251.54767602059428
44280517,10905 SW 113th Pl UNIT 67C,Miami,FL,33176,450000,CONDO,1100.0,,2,2.0,1974.0,51,299.0,"As Is,Substantially Remodeled",,1.0,True,,,N/A,450000,3,9,201,25.667475,-80.37759,False,2.0,395662.5,8,296.81732373740573
44285021,9261 SW 136 Street Cir,Miami,FL,33176,560000,CONDO,1600.0,4138.0,2,2.0,1979.0,46,96.0,,,,False,,,N/A,560000,3,10,201,25.6451,-80.34312,False,,,0,
44285452,13000 SW 92nd Ave APT B106,Miami,FL,33176,315000,CONDO,1120.0,,2,2.0,1981.0,44,450.0,,,0.0,False,,,N/A,315000,3,10,201,25.648903,-80.34369,False,4.0,241133.33333333334,3,221.37509735202494
44214286,6415 SW 116th Pl APT F,Miami,FL,33173,290000,CONDO,1310.0,,2,2.0,1976.0,49,515.0,,,,False,,,N/A,290000,3,7,202,25.70773,-80.38189,False,,362185.71428571426,7,259.90830197817576
44274400,9159 SW 77th Ave APT 402,Miami,FL,33156,180000,CONDO,666.0,,1,1.0,1966.0,59,195.0,,,,False,,,N/A,180000,3,7,202,25.685143,-80.31787,False,,217881.25,8,228.05680265376736
44274795,7800 SW 94th St,Miami,FL,33156,800000,SINGLE_FAMILY,2532.0,0.45417814508724,3,2.0,1971.0,54,,,,,False,,,N/A,800000,3,7,202,25.68278,-80.32143,False,,1331180.0,5,611.1808910523662
44281347,10975 SW 107th St APT 316,Miami,FL,33176,285000,CONDO,983.0,,2,2.0,1979.0,46,629.0,,,0.0,False,,,N/A,285000,3,9,202,25.6702,-80.372986,False,3.0,286628.5714285714,7,301.7421004450506
2095750450,7001 SW 109th Pl #7001,Miami,FL,33173,490000,TOWNHOUSE,1365.0,,3,2.0,1974.0,51,150.0,Updated/Remodeled,,0.0,False,,,N/A,490000,3,7,202,25.70282,-80.37124,False,2.0,443742.85714285716,7,317.79511048603047
44216690,11319 SW 74th Ter,Miami,FL,33173,630000,SINGLE_FAMILY,1519.0,4095.0,3,2.0,1989.0,36,75.0,,,0.0,False,,,N/A,630000,3,7,203,25.698742,-80.376366,False,,509777.625,8,280.80673455912597
44273960,11910 SW 78th Ter,Miami,FL,33183,850000,SINGLE_FAMILY,2525.0,6500.0,3,3.0,1981.0,44,350.0,,,2.0,True,True,,N/A,850000,3,7,203,25.69475,-80.38437,False,,786728.25,8,318.6742842371267
44285230,9109 SW 129th Ln,Miami,FL,33176,640000,SINGLE_FAMILY,1376.0,2469.0,3,2.0,1979.0,46,130.0,,,,False,,,N/A,640000,3,10,203,25.649343,-80.342125,False,,587434.8,5,388.07251480440726
63833510,9021 SW 94th Street UNIT 305,Miami,FL,33176,467000,CONDO,1145.0,,2,2.0,2003.0,22,715.0,,,2.0,True,,,N/A,467000,3,7,203,25.68312,-80.341995,False,8.0,494966.6666666667,6,408.6448617824504
44214186,6619 SW 116th Pl #F7,Miami,FL,33173,420000,CONDO,1550.0,,3,2.0,1975.0,50,,,,,False,,,N/A,420000,3,7,204,25.704948,-80.38176,False,,342605.3333333333,6,244.97660982016907
44218218,10391 N Kendall Dr APT T3,Miami,FL,33176,250000,CONDO,954.0,,2,2.0,1971.0,54,188.0,,,,False,,,N/A,250000,3,7,204,25.69061,-80.36123,False,,231423.42857142858,7,262.9240177616056
44219873,8075 SW 107th Ave APT 316,Miami,FL,33173,242000,CONDO,705.0,,1,2.0,1981.0,44,589.0,,,0.0,False,,,N/A,242000,3,7,204,25.692968,-80.36526,False,3.0,262550.0,8,263.52611847349544
44278293,10826 N Kendall Dr #T13,Miami,FL,33176,230000,CONDO,709.0,,1,1.0,1968.0,57,373.0,,,0.0,False,,,N/A,230000,3,9,204,25.685253,-80.36757,False,2.0,170971.25,8,272.13405902222206
44279473,10883 SW 88th Ter,Miami,FL,33176,480000,TOWNHOUSE,1500.0,1428.0,2,2.5,2000.0,25,104.0,,,,False,,,N/A,480000,3,9,204,25.686495,-80.37209,False,,503840.0,5,312.6609582424714
44282339,10250 SW 110th St,Miami,FL,33176,1550000,SINGLE_FAMILY,3829.0,0.34710743801653,6,5.0,1993.0,32,,Updated/Remodeled,,1.0,True,True,,N/A,1550000,3,8,205,25.666828,-80.36064,False,,970125.0,8,524.0123488971667
79854205,6706 SW 115th Ct APT 310,Miami,FL,33173,330000,CONDO,1130.0,,3,2.0,2006.0,19,486.0,,,0.0,False,,,N/A,330000,3,7,205,25.705032,-80.37894,False,2.0,313616.6666666667,6,331.7545640688112
44219570,8045 SW 107th Ave APT 311,Miami,FL,33173,315000,CONDO,1040.0,,3,2.0,1980.0,45,246.0,"Updated/Remodeled,Completely Renovated",,0.0,False,,,N/A,315000,3,7,208,25.692993,-80.36264,False,3.0,235187.5,8,264.4503546099291
44279200,9123 SW 112th Ct,Miami,FL,33176,3650,SINGLE_FAMILY,1952.0,,3,3.0,,N/A,,,,,False,True,,N/A,3650,3,9,208,25.683245,-80.3766,False,,511163.25,8,278.74181624712764
44280243,10661 SW 108th Ave APT 2H,Miami,FL,33176,260000,CONDO,911.0,,2,2.0,1975.0,50,445.0,,,1.0,True,,,N/A,260000,3,9,208,25.669685,-80.3689,False,4.0,263142.85714285716,7,260.19431904053124
44281317,10975 SW 107th St APT 204,Miami,FL,33176,295000,CONDO,936.0,,2,2.0,1979.0,46,425.0,,,0.0,False,,,N/A,295000,3,9,208,25.6702,-80.372986,False,2.0,285200.0,7,298.13607890922236
44281352,11840 SW 112th Ave Cir,Miami,FL,33176,1050000,SINGLE_FAMILY,2409.0,0.34435261707989,4,3.0,1987.0,38,,,,0.0,False,,,N/A,1050000,3,9,208,25.65838,-80.37645,False,,1147087.5,8,388.26564777805686
70787500,8550 SW 109th Ave #5211,Miami,FL,33173,235000,CONDO,801.0,,1,2.0,1969.0,56,369.0,,,0.0,False,,,N/A,235000,3,9,208,25.689154,-80.37076,False,3.0,216425.0,8,239.2443419900952
72572309,8475 SW 94th St APT 126E,Miami,FL,33156,275000,CONDO,866.0,,2,1.0,1968.0,57,487.0,,,0.0,False,,,N/A,275000,3,7,208,25.683132,-80.333046,False,2.0,268557.14285714284,7,301.1805469426343
44217355,10001 SW 81st St,Miami,FL,33173,650000,SINGLE_FAMILY,2111.0,7800.0,3,2.0,1961.0,64,,,,1.0,True,,,N/A,650000,3,7,209,25.693903,-80.355774,False,,659966.6666666666,6,441.4450815616637
44283945,8545 SW 107th St,Miami,FL,33156,1337500,SINGLE_FAMILY,2341.0,0.35126262626263,3,3.0,1959.0,66,,Updated/Remodeled,,2.0,True,True,,N/A,1337500,3,10,209,25.670918,-80.33382,False,,986000.0,8,514.0288169832523
44285047,9180 SW 128th Ln,Miami,FL,33176,540000,TOWNHOUSE,1606.0,2613.0,3,2.5,1986.0,39,608.0,,,,False,,,N/A,540000,3,10,209,25.64985,-80.3417,False,,544200.0,6,347.0352533199635
44280721,11385 SW 109th Rd #44E,Miami,FL,33176,400000,TOWNHOUSE,1465.0,,2,2.0,1977.0,48,515.0,,,0.0,False,,,N/A,400000,3,9,210,25.670065,-80.37988,False,2.0,507600.0,1,342.97297297297297
44291769,9000 SW 137th St #29,Miami,FL,33176,250000,CONDO,976.0,,2,2.0,1973.0,52,462.0,,,0.0,False,,,N/A,250000,3,10,210,25.641687,-80.33929,False,2.0,276150.0,8,268.87130137985025
44276655,10300 SW 90th Ave,Miami,FL,33176,3000000,SINGLE_FAMILY,4585.0,0.49586776859504,5,5.0,1999.0,26,196.0,,,2.0,True,True,,N/A,3000000,3,7,211,25.67401,-80.341034,False,,1800566.25,8,468.5716295138561
44285471,13000 SW 92nd Ave APT B410,Miami,FL,33176,290000,CONDO,1120.0,,2,2.0,1981.0,44,320.0,,,,False,,,N/A,290000,3,10,211,25.648512,-80.34469,False,,292600.0,4,324.10528273809524
44214856,7074 SW 114th Pl APT C,Miami,FL,33173,442000,CONDO,1540.0,,3,2.0,1980.0,45,680.0,,,0.0,False,True,,N/A,442000,3,7,212,25.70168,-80.37819,False,2.0,368857.14285714284,7,263.5628496101106
44220147,8640 SW 89th Ave,Miami,FL,33173,850000,SINGLE_FAMILY,1575.0,0.25309917355372,3,2.0,1964.0,61,,,,1.0,True,,,N/A,850000,3,7,212,25.688887,-80.33779,False,,1155112.5,8,499.8066071095052
409158884,6619 SW 116th Pl APT F,Miami,FL,33173,420000,CONDO,1550.0,,3,2.0,1975.0,50,710.0,,,0.0,False,,,N/A,420000,3,7,212,25.705217,-80.38161,False,0.0,339333.0,4,246.22637483212122
44214865,7114 SW 114th Pl APT D,Miami,FL,33173,380000,CONDO,1470.0,,3,2.0,1980.0,45,680.0,,,2.0,True,,,N/A,380000,3,7,215,25.701107,-80.3782,False,2.0,358650.0,6,264.58685749766505
44277985,10776 N Kendall Dr APT F17,Miami,FL,33176,185000,CONDO,490.0,,1,1.0,1968.0,57,242.0,,,,False,,,N/A,185000,3,9,215,25.684958,-80.36814,False,,255525.0,8,300.04143840427025
44307350,9838 SW 118th Ave,Miami,FL,33186,580000,SINGLE_FAMILY,1610.0,3132.0,3,3.0,1990.0,35,180.0,,,1.0,True,,,N/A,580000,3,9,215,25.676975,-80.38641,False,,573450.0,4,347.93348288252577
44213196,7113 SW 113th Ave,Miami,FL,33173,484800,TOWNHOUSE,1228.0,,3,2.0,1972.0,53,149.0,,,0.0,False,,,N/A,484800,3,7,216,25.7013,-80.37559,False,2.0,430228.5714285714,7,313.3934172525396
44291817,9001 SW 138th St #13,Miami,FL,33176,305000,APARTMENT,976.0,,2,2.0,1973.0,52,334.0,,,,False,,,N/A,305000,3,10,216,25.641636,-80.3393,False,,289500.0,1,296.6188524590164
381023596,9180 SW 128th Ln #9180,Miami,FL,33176,540000,TOWNHOUSE,1548.0,,3,3.0,1984.0,41,170.0,,,0.0,False,,,N/A,540000,3,10,216,25.649832,-80.34169,False,2.0,544200.0,6,344.93556899664105
44218013,7707 SW 102nd Pl,Miami,FL,33173,560000,TOWNHOUSE,1200.0,2199.0,2,2.0,1970.0,55,195.0,,,,False,,,N/A,560000,3,7,217,25.696571,-80.35863,False,,525483.3333333334,6,358.7027044782121
64476485,7927 SW 104th St #108,Miami,FL,33156,278000,CONDO,854.0,,1,1.0,1971.0,54,1145.0,,,,False,,,N/A,278000,3,7,217,25.67477,-80.32403,False,,263261.625,8,270.06965368739475
252194529,11705 SW 106th Ter,Miami,FL,33186,620000,TOWNHOUSE,1774.0,2029.0,4,3.0,2018.0,7,,,,,False,,,N/A,620000,3,9,217,25.670046,-80.384315,False,,448203.14285714284,7,257.61007022596476
44214559,6604 SW 114th Pl #A72,Miami,FL,33173,395000,TOWNHOUSE,1330.0,,2,2.0,1978.0,47,680.0,,,0.0,False,,,N/A,395000,3,7,219,25.706291,-80.37883,False,2.0,366266.6666666667,3,263.25586694007745
44279976,11471 SW 109th Rd #8A,Miami,FL,33176,485000,TOWNHOUSE,1480.0,,3,2.0,1975.0,50,521.0,Updated/Remodeled,,0.0,False,,,N/A,485000,3,9,219,25.6694,-80.38091,False,1.0,3300.0,1,2.2
70787471,8600 SW 109th Ave #4-222,Miami,FL,33173,212000,CONDO,801.0,,1,2.0,1969.0,56,369.0,,Split Level,0.0,False,,,N/A,212000,3,9,219,25.688545,-80.370705,False,3.0,254714.2857142857,7,262.4298066935138
44283512,9475 SW 117th Ter,Miami,FL,33176,1299000,SINGLE_FAMILY,1655.0,0.84600550964187,4,3.0,1957.0,68,,,,0.0,False,True,,N/A,1299000,3,10,222,25.661089,-80.34797,False,,2657800.0,8,585.2838189031208
64492095,9972 SW 88th St #1114,Miami,FL,33176,330000,CONDO,1050.0,,2,2.0,1968.0,57,480.0,,,0.0,False,,,N/A,330000,3,7,222,25.685663,-80.356995,False,2.0,247866.66666666666,6,297.4820432481188
72562985,8475 SW 94th St APT 103E,Miami,FL,33156,250000,CONDO,866.0,,2,1.0,1968.0,57,487.0,,,0.0,False,,,N/A,250000,3,7,222,25.683115,-80.333015,False,2.0,272128.5714285714,7,305.3045984107966
79854643,7350 SW 89th St APT 407S,Miami,FL,33156,325000,CONDO,759.0,,1,1.0,2007.0,18,791.0,,,1.0,True,,,N/A,325000,3,7,222,25.68752,-80.314606,False,27.0,454343.75,8,387.40136274519267
2099635120,10883 SW 88th Ter #10883,Miami,FL,33176,480000,TOWNHOUSE,1500.0,,2,3.0,2000.0,25,200.0,,,2.0,True,,,N/A,480000,3,9,222,25.686481,-80.37207,False,2.0,503840.0,5,312.6609582424714
44282197,10815 SW 112th Ave APT 215,Miami,FL,33176,265900,CONDO,787.0,,1,2.0,1984.0,41,344.0,Updated/Remodeled,,0.0,False,,,N/A,265900,3,9,223,25.667982,-80.37444,False,3.0,280300.0,7,310.75482887875216
44282764,10311 SW 119th St,Miami,FL,33176,964900,SINGLE_FAMILY,2169.0,0.34729109274564,4,3.0,1969.0,56,,,,0.0,False,True,,N/A,964900,3,8,223,25.658884,-80.36118,False,,1073050.0,8,472.4698847268486
44283007,10501 SW 108th St,Miami,FL,33176,935000,SINGLE_FAMILY,2017.0,10120.0,3,2.0,1969.0,56,,,,2.0,True,True,,N/A,935000,3,8,223,25.66946,-80.36388,False,,780207.75,8,922.1206524873481
44284971,9264 SW 136 Street Cir,Miami,FL,33176,570000,TOWNHOUSE,1770.0,4573.0,3,2.0,1976.0,49,160.0,,,,False,,,N/A,570000,3,10,223,25.644815,-80.34397,False,,561571.4285714285,7,321.78268765133174
70787472,8600 SW 109th Ave #4224,Miami,FL,33173,267000,APARTMENT,1140.0,,2,3.0,1969.0,56,291.0,,,,False,,,N/A,267000,3,9,223,25.689182,-80.3707,False,,229750.0,2,256.2212234706617
2075686590,7707 SW 102nd Pl #7707,Miami,FL,33173,560000,TOWNHOUSE,1280.0,,4,4.0,1970.0,55,225.0,,,0.0,False,,,N/A,560000,3,7,223,25.696604,-80.35862,False,2.0,525483.3333333334,6,363.5638155893232
44222247,7727 SW 86th St UNIT A1-407,South Miami,FL,33143,268000,CONDO,715.0,,1,1.0,1969.0,56,410.0,,,0.0,False,,,N/A,268000,3,7,224,25.691092,-80.319336,False,4.0,240849.875,8,267.57659160002567
44277954,10780 N Kendall Dr APT E6,Miami,FL,33176,200000,APARTMENT,650.0,,1,1.0,1968.0,57,242.0,,,,False,,,N/A,200000,3,9,224,25.684958,-80.36814,False,,216400.0,1,343.4920634920635
44287588,10900 SW 124th Rd,Miami,FL,33176,1100000,SINGLE_FAMILY,1752.0,0.34419191919192,3,2.0,1980.0,45,,,,2.0,True,,,N/A,918000,3,8,22,25.652634,-80.37222,False,,563437.5,8,296.44329870756883
79852872,7350 SW 89th St APT 1805S,Miami,FL,33156,487500,CONDO,1286.0,,2,2.0,2007.0,18,1325.0,,,1.0,True,,,N/A,487500,3,7,224,25.68752,-80.314606,False,24.0,434031.25,8,393.5404336557999
44214454,6514 SW 114th Pl #B-78,Miami,FL,33173,235000,TOWNHOUSE,1330.0,,2,2.0,1977.0,48,680.0,Fixer,,0.0,False,,,N/A,235000,3,7,225,25.707485,-80.37881,False,2.0,387500.0,4,266.8248950297823
44275764,10089 SW 77th Ct,Miami,FL,33156,497500,TOWNHOUSE,1161.0,1193.0,2,2.5,1988.0,37,375.0,,,,False,,,N/A,497500,3,7,225,25.676792,-80.32011,False,,461457.14285714284,7,400.5704365079365
44280324,11750 SW 112 Avenue Rd,Miami,FL,33176,715000,SINGLE_FAMILY,1326.0,7501.0,3,2.0,1976.0,49,,,,,False,,,N/A,715000,3,9,225,25.658892,-80.378174,False,,737914.2857142857,7,472.65019130280234
349494093,11411 SW 112th St #11411,Miami,FL,33176,510000,TOWNHOUSE,1080.0,,2,2.0,1977.0,48,187.0,Updated/Remodeled,,1.0,True,,,N/A,510000,3,9,225,25.66476,-80.38048,False,1.0,578940.0,5,334.74159997800206
370659910,9264 SW 136th Street Cir #9264,Miami,FL,33176,570000,TOWNHOUSE,1770.0,,2,2.0,1976.0,49,160.0,Updated/Remodeled,,0.0,False,,,N/A,570000,3,10,225,25.64486,-80.34393,False,2.0,561571.4285714285,7,321.78268765133174
44216860,7236 SW 114th Pl,Miami,FL,33173,561000,SINGLE_FAMILY,1423.0,3500.0,3,2.0,1991.0,34,158.0,,,1.0,True,,,N/A,561000,3,7,229,25.700127,-80.37984,False,,590875.0,8,360.0305525929906
44218238,10395 N Kendall Dr APT V7,Miami,FL,33176,260000,CONDO,954.0,,2,2.0,1971.0,54,318.0,,,0.0,False,,,N/A,260000,3,7,229,25.690378,-80.36158,False,2.0,237699.875,8,278.6475556060045
44219065,8415 SW 107th Ave APT 326W,Miami,FL,33173,282000,CONDO,985.0,,2,2.0,1983.0,42,505.0,,,1.0,True,,,N/A,282000,3,7,229,25.69035,-80.36457,False,3.0,300277.77777777775,9,304.8505358150028
44276095,9229 SW 87th Ave APT D8,Miami,FL,33176,227500,CONDO,690.0,,1,1.0,1972.0,53,360.0,,,0.0,False,,,N/A,227500,3,7,229,25.684029,-80.3347,False,2.0,251550.0,8,280.22777506185525
44276538,9651 SW 96th Court,Miami,FL,33176,1500000,SINGLE_FAMILY,4356.0,0.76999540863177,8,4.0,1971.0,54,,Resale,Ranch,2.0,True,True,,N/A,1500000,3,7,229,25.679596,-80.3503,False,1.0,1413677.125,8,418.23935144766097
44276708,9220 SW 102nd St,Miami,FL,33176,1800000,SINGLE_FAMILY,3596.0,0.48661616161616,5,4.0,1983.0,42,279.0,,,2.0,True,True,,N/A,1800000,3,7,229,25.674505,-80.34398,False,,1932025.0,8,496.9034380452348
44278600,10852 N Kendall Dr #102,Miami,FL,33176,295000,CONDO,1247.0,,2,2.0,1974.0,51,536.0,,,0.0,False,,,N/A,295000,3,9,229,25.685247,-80.36966,False,4.0,301825.0,8,253.42016519437948
44278965,11460 SW 99th Ter,Miami,FL,33176,950000,SINGLE_FAMILY,2098.0,8800.0,3,3.0,1980.0,45,,,,2.0,True,True,,N/A,950000,3,9,229,25.675726,-80.380066,False,,852957.1428571428,7,422.7907839770063
44283338,10400 SW 92nd Ave,Miami,FL,33176,2150000,SINGLE_FAMILY,3685.0,1.0,5,4.0,1989.0,36,75.0,,Mediterranean,2.0,True,True,,N/A,2150000,3,10,229,25.672857,-80.34351,False,,2230123.75,8,527.5392164026603
70788116,13120 SW 92nd Ave #B-109,Miami,FL,33176,275000,CONDO,840.0,,1,1.0,1974.0,51,430.0,,,,False,,,N/A,275000,3,10,229,25.647331,-80.34356,False,,301890.3333333333,6,266.52423999097016
70788728,13962 SW 90th Ave #209,Miami,FL,33176,230000,CONDO,758.0,,1,1.0,1972.0,53,295.0,,,0.0,False,,,N/A,230000,3,10,229,25.639837,-80.339806,False,2.0,312600.0,3,284.4725964041033
92435805,7280 SW 90th St APT 311,Miami,FL,33156,400000,CONDO,1090.0,,2,2.0,2008.0,17,627.0,,,2.0,True,,,N/A,400000,3,7,229,25.686766,-80.312584,False,7.0,395850.0,4,401.831560362045
44219609,8045 SW 107th Ave APT 324,Miami,FL,33173,280000,CONDO,965.0,,2,2.0,1980.0,45,690.0,,,0.0,False,,,N/A,280000,3,7,230,25.692993,-80.36264,False,3.0,239562.5,8,266.04150148119254
44274456,9621 SW 77th Ave APT 207B,Miami,FL,33156,251000,CONDO,677.0,,1,1.0,1967.0,58,275.0,,,1.0,True,,,N/A,251000,3,7,230,25.681963,-80.31847,False,3.0,266850.0,6,258.25553986744364
44290898,13835 SW 102nd Ct,Miami,FL,33176,1050000,SINGLE_FAMILY,2189.0,0.35296143250689,4,2.0,1976.0,49,,,,2.0,True,True,,N/A,1050000,3,8,230,25.640308,-80.359245,False,,1115742.0,8,417.72453047731153
156225705,8015 SW 101st Ave,Miami,FL,33173,820000,SINGLE_FAMILY,1012.0,0.26026170798898,3,2.0,1961.0,64,,,,1.0,True,True,,N/A,820000,3,7,230,25.694778,-80.35672,False,,754328.5714285715,7,512.6850077623067
351985982,11705 SW 106th Ter #11705,Miami,FL,33186,620000,TOWNHOUSE,1774.0,,4,3.0,2018.0,7,265.0,,,1.0,True,,,N/A,620000,3,9,230,25.670029,-80.3843,False,2.0,448203.14285714284,7,257.61007022596476
377013993,10089 SW 77th Ct #10089,Miami,FL,33156,497500,TOWNHOUSE,1152.0,,2,3.0,1988.0,37,650.0,Updated/Remodeled,,0.0,False,,,N/A,497500,3,7,230,25.676811,-80.3201,True,2.0,461457.14285714284,7,400.09218884582253
44274393,9159 SW 77th Ave APT 309,Miami,FL,33156,230000,CONDO,733.0,,1,1.0,1966.0,59,195.0,,,,False,,,N/A,230000,3,7,231,25.685143,-80.31787,False,,217881.25,8,228.05680265376736
44275375,9015 SW 78th Ct,Miami,FL,33156,969000,SINGLE_FAMILY,2077.0,4260.0,3,2.0,1978.0,47,300.0,,,0.0,False,,,N/A,969000,3,7,231,25.686396,-80.32168,False,,690805.0,5,384.03385857023375
44283246,11915 SW 102 Avenue,Miami,FL,33176,1268000,SINGLE_FAMILY,3656.0,0.30606060606061,4,3.0,1998.0,27,100.0,Resale,,2.0,True,True,,N/A,1268000,3,8,231,25.65876,-80.3587,False,1.0,1457350.0,6,461.00190309082126
83159567,7266 SW 88th St APT A502,Miami,FL,33156,433000,CONDO,1119.0,,2,2.0,2007.0,18,809.0,,,1.0,True,,,N/A,433000,3,7,231,25.68815,-80.31264,False,7.0,513000.0,5,364.705808071115
448490152,11750 SW 112th Avenue Rd,Miami,FL,33176,715000,SINGLE_FAMILY,1326.0,7500.0,3,2.0,1976.0,49,,,,2.0,True,,,N/A,715000,3,9,231,25.65864,-80.378746,False,,745228.5714285715,7,414.10588859929385
448491862,7927 SW 104th St APT 108-E,Miami,FL,33156,278000,CONDO,854.0,,1,1.0,1971.0,54,,,,0.0,False,,,N/A,278000,3,7,231,25.674772,-80.32403,False,2.0,210712.5,8,221.74996183606441
44215958,11219 SW 88th St #106-C,Miami,FL,33173,240000,CONDO,736.0,,1,1.0,1969.0,56,332.0,,,0.0,False,,,N/A,240000,3,9,232,25.68831,-80.37508,False,2.0,256742.85714285713,7,306.3983108235798
44278433,9500 SW 112th Ave,Miami,FL,33176,1065000,SINGLE_FAMILY,1790.0,0.76999540863177,3,2.0,1962.0,63,,,,2.0,True,,,N/A,1065000,3,9,232,25.679857,-80.37648,False,,1861387.375,8,508.54437919256054
44280970,11570 SW 112th Ave,Miami,FL,33176,479000,SINGLE_FAMILY,1060.0,,2,1.0,1979.0,46,91.0,,,2.0,True,,,N/A,479000,3,9,232,25.661104,-80.37715,False,1.0,595650.0,2,416.50855863598656
44214165,6639 SW 116th Pl #A-1,Miami,FL,33173,350000,TOWNHOUSE,1330.0,,2,2.0,1975.0,50,680.0,,,0.0,False,,,N/A,350000,3,7,233,25.704819,-80.38166,False,2.0,374600.0,2,260.6626243026922
44278843,9741 SW 115th Ave,Miami,FL,33176,865000,SINGLE_FAMILY,1717.0,10570.0,3,2.0,1979.0,46,,,Ranch,2.0,True,True,,N/A,865000,3,9,233,25.677153,-80.3801,False,,865350.0,8,407.64265691609796
44279111,11640 SW 92nd St,Miami,FL,33176,670600,SINGLE_FAMILY,2364.0,8585.0,3,2.0,1981.0,44,,,,,False,,,N/A,670600,3,9,233,25.68294,-80.383286,False,,761925.0,4,366.698391539125
44281111,10661 SW 113th Pl #94A,Miami,FL,33176,74400,CONDO,1480.0,,3,2.0,1978.0,47,140.0,,,,False,,,N/A,74400,3,9,233,25.670088,-80.3779,False,,404640.0,5,317.70534038402894
44281585,10875 SW 112th Ave APT 110,Miami,FL,33176,285000,CONDO,927.0,,2,2.0,1981.0,44,350.0,,,,False,,,N/A,285000,3,9,233,25.666754,-80.375565,False,,295200.0,7,310.82517572853277
72572524,9055 SW 73rd Ct APT 1708,Miami,FL,33156,396000,CONDO,1150.0,,2,2.0,2006.0,19,1197.0,,,1.0,True,,,N/A,396000,3,7,233,25.686604,-80.31404,False,24.0,431555.55555555556,9,421.05878371675544
156313411,12725 SW 100th Ct,Miami,FL,33176,1610000,SINGLE_FAMILY,3562.0,0.33849862258953,4,4.0,1988.0,37,,Updated/Remodeled,,2.0,True,True,,N/A,1610000,3,8,233,25.65112,-80.357765,False,,1207413.75,8,365.50941061010093
44214752,7009 SW 115th Pl #G30,Miami,FL,33173,375000,TOWNHOUSE,1330.0,,2,2.0,1979.0,46,680.0,,,1.0,True,,,N/A,375000,3,7,236,25.702072,-80.37973,False,2.0,421850.0,2,293.65516062884484
44215496,10907 N Kendall Dr APT 316,Miami,FL,33176,265000,CONDO,1020.0,,2,2.0,1970.0,55,465.0,,,0.0,False,,,N/A,265000,3,9,236,25.687548,-80.37067,False,3.0,219412.5,6,198.33355081544445
44216806,7254 SW 109th Path,Miami,FL,33173,655000,SINGLE_FAMILY,1350.0,3960.0,3,2.0,1989.0,36,120.0,,,1.0,True,,,N/A,655000,3,7,236,25.700285,-80.37202,False,,590596.875,8,380.30980718599903
44275896,7879 SW 102nd Ln,Miami,FL,33156,485000,TOWNHOUSE,1152.0,,2,3.0,1995.0,30,614.0,,,0.0,False,,,N/A,485000,3,7,236,25.6755,-80.3227,False,2.0,443487.5,8,393.24949311452957
44214490,6534 SW 114th Pl #F75,Miami,FL,33173,465000,TOWNHOUSE,1535.0,,3,2.0,1977.0,48,680.0,Updated/Remodeled,,0.0,False,,,N/A,465000,3,7,237,25.707016,-80.37853,False,2.0,280275.0,4,195.9965034965035
44283000,10870 SW 106th Ave,Miami,FL,33176,1171000,SINGLE_FAMILY,2618.0,0.39715335169881,6,4.0,1969.0,56,,New Construction,,0.0,False,True,,N/A,1171000,3,8,237,25.669596,-80.36554,False,,866842.8571428572,7,458.1710862153118
44213352,11332 SW 69th Ter,Miami,FL,33173,470000,TOWNHOUSE,1378.0,2029.0,2,2.0,1972.0,53,137.0,,,,False,,,N/A,470000,3,7,238,25.703152,-80.37677,False,,465114.28571428574,7,327.3834077210443
44276627,10401 SW 89th Ave,Miami,FL,33176,2200000,SINGLE_FAMILY,3995.0,0.38980716253444,4,4.0,1988.0,37,196.0,,Modern/Contemporary,2.0,True,True,,N/A,2200000,3,10,238,25.673042,-80.3385,False,,2101812.5,8,495.38698481445385
44214316,6465 SW 116th Pl APT D,Miami,FL,33173,430000,TOWNHOUSE,1310.0,,2,3.0,1976.0,49,680.0,,,0.0,False,,,N/A,430000,3,7,239,25.70696,-80.38155,False,1.0,364397.5,4,263.60230956783477
44274974,8255 SW 97th St,Miami,FL,33156,1420000,SINGLE_FAMILY,1754.0,0.38567493112948,4,2.0,1958.0,67,,,,0.0,False,True,,N/A,1420000,3,7,239,25.680298,-80.32858,True,,1250824.875,8,530.0731553970618
44214924,6701 SW 116th Ct APT 302,Miami,FL,33173,350000,CONDO,1400.0,,2,2.0,1981.0,44,515.0,,,,False,,,N/A,350000,3,7,240,25.705374,-80.38103,False,,332185.71428571426,7,245.05410415439522
44215598,11425 SW 87th Ter,Miami,FL,33173,685000,SINGLE_FAMILY,1825.0,3600.0,3,3.0,1981.0,44,286.0,,,1.0,True,,,N/A,685000,3,9,240,25.687311,-80.37869,False,,,0,
44222480,7757 SW 86th St #C-316,Miami,FL,33143,265000,CONDO,715.0,,1,1.0,1969.0,56,410.0,,Old Spanish,0.0,False,,,N/A,265000,3,7,240,25.691528,-80.31989,False,4.0,300000.0,7,310.07210622573666
44274380,9159 SW 77th Ave APT 210,Miami,FL,33156,285000,CONDO,1148.0,,2,2.0,1966.0,59,458.0,,,0.0,False,,,N/A,285000,3,7,240,25.685225,-80.31796,False,4.0,236514.2857142857,7,266.5326298020474
44275339,9122 SW 78th Pl,Miami,FL,33156,925000,SINGLE_FAMILY,2320.0,2840.0,3,3.0,1978.0,47,300.0,Updated/Remodeled,,0.0,False,,,N/A,925000,3,7,240,25.685163,-80.32306,False,,842328.5714285715,7,403.61563873628995
44276928,10470 SW 93rd St,Miami,FL,33176,720000,SINGLE_FAMILY,2220.0,0.25252525252525,4,2.0,1965.0,60,,,,1.0,True,,,N/A,720000,3,7,240,25.682465,-80.365486,False,,748964.375,8,346.6211894218641
44282432,11340 SW 102nd Ct,Miami,FL,33176,1025000,SINGLE_FAMILY,1972.0,0.34435261707989,4,2.0,1968.0,57,,,,2.0,True,True,,N/A,1025000,3,8,240,25.663523,-80.36004,False,,975700.0,8,500.7279977542694
353481518,11332 SW 69th Ter #11332,Miami,FL,33173,470000,TOWNHOUSE,1378.0,,2,2.0,1972.0,53,159.0,,,1.0,True,,,N/A,470000,3,7,240,25.703161,-80.37673,False,2.0,468842.85714285716,7,334.3819725090828
44282296,10421 SW 111th St,Miami,FL,33176,660000,SINGLE_FAMILY,2000.0,0.3495867768595,3,3.0,1956.0,69,,,,0.0,False,,,N/A,660000,3,8,243,25.666332,-80.36409,False,,838703.4285714285,7,404.96342812672725
44285000,9206 SW 136 Street Cir,Miami,FL,33176,625000,CONDO,1548.0,2761.0,2,2.0,1980.0,45,96.0,,,,False,,,N/A,625000,3,10,243,25.645384,-80.342155,False,,,0,
44287497,12505 SW 112th Ct,Miami,FL,33176,1920000,SINGLE_FAMILY,3556.0,0.47245179063361,8,6.0,1980.0,45,,,,2.0,True,,,N/A,1920000,3,8,243,25.652317,-80.37725,True,,925283.25,8,432.6134705851265
70770806,13100 SW 92nd Ave #A-204,Miami,FL,33176,335000,CONDO,1253.0,,2,2.0,1974.0,51,644.0,,,0.0,False,,,N/A,335000,3,10,243,25.647623,-80.344444,False,4.0,282585.71428571426,7,298.873352637435
83161309,7280 SW 89th St UNIT D705,Miami,FL,33156,460000,CONDO,1340.0,,2,2.0,2007.0,18,1050.0,,,1.0,True,,,N/A,460000,3,7,243,25.687273,-80.31314,False,7.0,413700.0,5,360.6449240553763
44214445,6524 SW 114th Pl #A77,Miami,FL,33173,350000,TOWNHOUSE,1330.0,,2,2.0,1977.0,48,680.0,Updated/Remodeled,,0.0,False,,,N/A,350000,3,7,244,25.707365,-80.37851,False,2.0,370900.0,1,278.8721804511278
44214935,6701 SW 116th Ct APT 406,Miami,FL,33173,365000,CONDO,1350.0,,2,3.0,1981.0,44,710.0,,Split Level,0.0,False,,,N/A,365000,3,7,244,25.705238,-80.38092,False,4.0,325514.28571428574,7,236.66470323273623
44215695,8555 SW 115th Ct,Miami,FL,33173,659000,TOWNHOUSE,1825.0,,3,3.0,1980.0,45,213.0,As Is,Old Spanish,1.0,True,,,N/A,659000,3,9,244,25.689121,-80.380264,False,2.0,584675.0,4,425.2512605965537
44216442,10920 SW 75th Ter,Miami,FL,33173,265000,TOWNHOUSE,1011.0,1476.0,1,1.0,1986.0,39,175.0,,,,False,,,N/A,265000,3,7,244,25.697632,-80.37043,False,,445966.6666666667,6,345.7412638736137
82057796,(Undisclosed Address),Miami,FL,33176,2170000,SINGLE_FAMILY,4119.0,0.39249311294766,6,5.0,2007.0,18,,,,2.0,True,True,,N/A,2170000,3,10,244,,,False,,1549786.75,8,412.35935394218546
44282025,10700 SW 108th Ave APT C216,Miami,FL,33176,265000,CONDO,1190.0,,3,3.0,1971.0,54,539.0,,,0.0,False,,,N/A,265000,3,9,245,25.670254,-80.37068,False,4.0,250125.0,8,257.61317430197886
44291300,14435 SW 96th Ave,Miami,FL,33176,1225000,SINGLE_FAMILY,2135.0,0.38930211202938,5,3.0,1961.0,64,,Updated/Remodeled,,0.0,False,True,,N/A,1225000,3,10,245,25.635477,-80.34883,False,,995562.5,8,489.6723103798262
70787487,8550 SW 109th Ave #5119,Miami,FL,33173,264900,CONDO,945.0,,2,2.0,1969.0,56,614.0,,,0.0,False,,,N/A,552,3,9,2,25.689154,-80.37076,False,4.0,212687.5,8,240.87756831433276
79855512,6676 SW 115th Ct APT 409,Miami,FL,33173,270000,CONDO,1130.0,,3,2.0,2006.0,19,281.0,,,,False,,,N/A,270000,3,7,245,25.705048,-80.37949,False,,321200.0,5,327.4152027179483
2053039069,8336 SW 121st Ter,Miami,FL,33156,2135000,SINGLE_FAMILY,3573.0,,4,5.0,2023.0,2,430.0,Under Construction,,2.0,True,,,N/A,2135000,3,10,245,25.657274,-80.32981,False,,1334440.0,5,805.6128084709395
44213178,7108 SW 113th Ave,Miami,FL,33173,219300,TOWNHOUSE,1378.0,1799.0,3,2.0,1972.0,53,137.0,,,,False,,,N/A,219300,3,7,246,25.701506,-80.375984,False,,466600.0,6,340.11525655254843
44280662,11340 SW 114 Lane Cir,Miami,FL,33176,490000,TOWNHOUSE,1080.0,3367.0,2,1.0,1978.0,47,39.0,,,,False,,,N/A,490000,3,9,246,25.661406,-80.37932,False,,457266.6666666667,6,421.2884132049663
44324115,13266 SW 114th Ter,Miami,FL,33186,422000,TOWNHOUSE,,,2,3.0,1986.0,39,500.0,,,0.0,False,,,N/A,422000,3,10,246,25.663738,-80.33277,False,2.0,,0,
353943122,9206 SW 136th Street Cir,Miami,FL,33176,625000,TOWNHOUSE,1548.0,,2,2.0,1980.0,45,120.0,Updated/Remodeled,,0.0,False,,,N/A,625000,3,10,246,25.645407,-80.34213,False,1.0,422295.8333333333,6,269.83467687874787
2060718423,7389 SW 115th Ct #7389,Miami,FL,33173,545000,TOWNHOUSE,1965.0,,3,2.0,1979.0,46,75.0,,,0.0,False,,,N/A,545000,3,7,246,25.698603,-80.38033,False,2.0,496866.6666666667,6,255.66060284016442
44217940,8442 SW 103rd Ave,Miami,FL,33173,465500,TOWNHOUSE,1240.0,1999.0,3,1.0,1968.0,57,129.0,,,,False,,,N/A,465500,3,7,247,25.689995,-80.36025,False,,455875.0,8,363.2795411315674
44277396,9361 SW 102nd Ct,Miami,FL,33176,940000,SINGLE_FAMILY,2024.0,0.25080348943985,3,2.0,1967.0,58,,,,2.0,True,,,N/A,940000,3,7,247,25.68196,-80.358475,False,,755725.875,8,371.05290485968425
44281872,10400 SW 108th Ave APT A112,Miami,FL,33176,300000,CONDO,1190.0,,3,3.0,1971.0,54,540.0,,,0.0,False,,,N/A,300000,3,9,247,25.671408,-80.37043,False,4.0,221362.5,8,246.2932319757714
44275492,7781 SW 100th St #43,Miami,FL,33156,470000,TOWNHOUSE,915.0,,2,2.0,1981.0,44,653.0,,,0.0,False,,,N/A,470000,3,7,250,25.678074,-80.32029,False,1.0,146733.33333333334,3,150.6436878240157
44276504,9095 SW 96th Ave,Miami,FL,33176,420000,TOWNHOUSE,1672.0,,2,3.0,1970.0,55,,,,0.0,False,,,N/A,420000,3,7,250,25.685406,-80.34974,False,2.0,481314.28571428574,7,294.1504129706577
44279358,9116 SW 113 Place Cir E,Miami,FL,33176,590000,TOWNHOUSE,1890.0,2713.0,3,2.5,1984.0,41,310.0,,,,False,,,N/A,590000,3,9,250,25.683027,-80.37966,False,,585337.5,8,309.70238095238096
44280252,10661 SW 108th Ave APT 3I,Miami,FL,33176,220000,CONDO,840.0,,1,2.0,1975.0,50,375.0,,,0.0,False,,,N/A,220000,3,9,250,25.669685,-80.3689,False,4.0,268857.14285714284,7,263.55087571369444
44283920,11815 SW 82nd Rd,Miami,FL,33156,1850000,SINGLE_FAMILY,2745.0,0.34373278236915,4,4.0,2023.0,2,,New Construction,,2.0,True,,,N/A,1850000,3,10,250,25.660376,-80.32723,False,,993957.1428571428,7,501.8779640966636
44285564,9663 SW 122nd St,Miami,FL,33176,1550000,SINGLE_FAMILY,3470.0,0.35247933884298,5,3.0,2002.0,23,,,,,False,,,N/A,1550000,3,10,250,25.656961,-80.35053,False,,1780575.0,8,532.0883524016115
44291277,9205 SW 149th St,Miami,FL,33176,895000,SINGLE_FAMILY,1698.0,0.34724517906336,3,2.0,1960.0,65,,,,0.0,False,True,,N/A,895000,3,10,250,25.631817,-80.34213,False,,893093.625,8,489.0657470300542
44326091,11740 SW 110th Ln,Miami,FL,33186,114000,TOWNHOUSE,942.0,2374.0,2,2.0,1983.0,42,105.0,,,,False,,,N/A,114000,3,9,251,25.664745,-80.3848,False,,460337.5,8,415.213902452827
63621053,9301 SW 92nd Ave APT A316,Miami,FL,33176,242000,CONDO,670.0,,1,1.0,1977.0,48,600.0,,,0.0,False,,,N/A,242000,3,7,251,25.683275,-80.342705,False,4.0,289457.14285714284,7,386.0776401346279
2077507877,7855 SW 105th Ave #7855,Miami,FL,33173,545000,TOWNHOUSE,1680.0,,3,3.0,1972.0,53,227.0,,,1.0,True,,,N/A,545000,3,7,251,25.69498,-80.363014,False,2.0,526000.0,5,325.7091852768748
44218281,7685 SW 103rd Place,Miami,FL,33173,475000,TOWNHOUSE,1680.0,2000.0,3,3.0,1972.0,53,250.0,Resale,,0.0,False,,,N/A,475000,3,7,252,25.696741,-80.36015,False,2.0,538600.0,7,320.5952380952381
44222182,8724 SW 79th Pl,Miami,FL,33143,735000,TOWNHOUSE,2122.0,2204.0,3,2.0,1980.0,45,75.0,,,,False,,,N/A,735000,3,7,252,25.68868,-80.3229,False,,714725.0,8,365.74432907940366
44276245,8701 SW 97th Ter,Miami,FL,33176,4700000,SINGLE_FAMILY,5761.0,0.80399449035813,7,6.0,2010.0,15,,,,3.0,True,True,,N/A,4000000,3,7,127,25.679619,-80.33578,False,,2275187.5,8,613.6510349377245
44277633,10320 SW 103rd St,Miami,FL,33176,750000,SINGLE_FAMILY,1775.0,0.36662075298439,3,2.0,1968.0,57,,,,0.0,False,,,N/A,750000,3,7,252,25.672222,-80.36206,False,,904150.0,8,432.96344043330043
44285016,9271 SW 136 Street Cir,Miami,FL,33176,515000,TOWNHOUSE,1578.0,2848.0,2,2.0,1980.0,45,96.0,,,,False,,,N/A,515000,3,10,252,25.645075,-80.34256,False,,513400.0,7,325.13319406372506
63620142,7701 SW 88th St #B330,Miami,FL,33156,238900,APARTMENT,861.0,,2,2.0,1965.0,60,235.0,,,,False,,,N/A,238900,3,7,252,25.689009,-80.31775,False,,213932.0,2,291.39922355572764
44278403,10901 SW 91st St,Miami,FL,33176,2100000,SINGLE_FAMILY,3905.0,0.78000459136823,4,4.0,2002.0,23,,,,2.0,True,True,,N/A,2100000,3,9,253,25.684423,-80.3727,False,,1611942.857142857,7,574.7452071090263
44282283,10640 SW 110th St,Miami,FL,33176,900000,SINGLE_FAMILY,2111.0,0.3650826446281,4,2.0,1957.0,68,,,,,False,,,N/A,900000,3,8,253,25.66656,-80.36733,False,,977857.1428571428,7,457.05450814318567
44291557,14021 SW 92nd Ave,Miami,FL,33176,1380000,SINGLE_FAMILY,2107.0,0.42699724517906,4,3.0,1972.0,53,29.0,Updated/Remodeled,,2.0,True,True,,N/A,1380000,3,10,253,25.6392,-80.341805,False,,1961662.5,8,547.1958376751005
350971023,9001 SW 138th St #13-7,Miami,FL,33176,305000,CONDO,976.0,,2,2.0,1973.0,52,461.0,,,0.0,False,,,N/A,305000,3,10,253,25.641687,-80.33929,False,2.0,269275.0,8,261.8272440028011
448491805,11340 SW 114th Lane Cir,Miami,FL,33176,490000,TOWNHOUSE,1080.0,,2,1.0,1978.0,47,60.0,,,0.0,False,,,N/A,490000,3,9,253,25.661446,-80.37925,False,1.0,458114.28571428574,7,424.9608763693271
44286860,10780 SW 124th St,Miami,FL,33176,815500,SINGLE_FAMILY,1725.0,0.42148760330579,3,2.0,1973.0,52,,,,2.0,True,,,N/A,815500,3,8,254,25.653522,-80.36912,False,,966112.5,8,488.15131359597024
72564459,9066 SW 73rd Ct APT 1609,Miami,FL,33156,495500,CONDO,1467.0,,2,2.0,2006.0,19,1325.0,,,1.0,True,,,N/A,495500,3,7,254,25.686571,-80.314575,False,26.0,447562.5,8,373.7473983564116
2052982291,8350 SW 121st Ter,Miami,FL,33156,2280000,SINGLE_FAMILY,3573.0,10321.0,5,5.0,2023.0,2,430.0,Under Construction,,3.0,True,,,N/A,2280000,3,10,254,25.657219,-80.3298,False,,1305440.0,5,797.4963796995988
44218659,8401 SW 107th Ave APT 109E,Miami,FL,33173,339900,CONDO,1235.0,,2,2.0,1974.0,51,534.0,,,0.0,False,,,N/A,230000,3,7,73,25.689573,-80.362495,False,2.0,271062.5,8,234.37629245415462
44285607,10440 SW 124th St,Miami,FL,33176,1750000,SINGLE_FAMILY,4823.0,1.14,6,6.0,1968.0,57,,As Is,,2.0,True,True,,N/A,1750000,3,8,257,25.65343,-80.36445,False,,1942385.7142857143,7,517.6417345005206
44291986,9402 SW 149th St,Miami,FL,33176,930000,SINGLE_FAMILY,2357.0,0.28744260789715,4,3.0,2000.0,25,,,,2.0,True,,,N/A,930000,3,10,257,25.631235,-80.345924,False,,1190554.125,8,425.5746451770467
44326241,11824 SW 105th Ter,Miami,FL,33186,809000,SINGLE_FAMILY,2496.0,5805.0,4,3.0,1988.0,37,,,,2.0,True,,,N/A,809000,3,9,257,25.66973,-80.38694,False,,747900.0,2,314.1755876068376
351706557,8442 SW 103rd Ave #8442,Miami,FL,33173,465500,TOWNHOUSE,1240.0,,3,2.0,1968.0,57,167.0,,,1.0,True,,,N/A,465500,3,7,257,25.690014,-80.36022,False,2.0,465812.5,8,362.0586036607466
44281566,10875 SW 112th Ave APT 303,Miami,FL,33176,305000,CONDO,983.0,,2,2.0,1981.0,44,399.0,,,0.0,False,,,N/A,305000,3,9,258,25.667604,-80.37585,False,3.0,272983.1666666667,6,317.0675930261271
44284584,12601 SW 89th Ave,Miami,FL,33176,850000,SINGLE_FAMILY,1794.0,8460.0,4,3.0,1973.0,52,,,,2.0,True,,,N/A,850000,3,10,258,25.652817,-80.3383,False,,665014.2857142857,7,435.59356675876086
44326187,11734 SW 112th Ln,Miami,FL,33186,475000,TOWNHOUSE,1496.0,,2,2.0,1986.0,39,124.0,,,2.0,True,,,N/A,475000,3,9,258,25.662924,-80.384926,False,2.0,430633.3333333333,3,306.23134996684877
72574794,9066 SW 73rd Ct PENTHOUSE 2601,Miami,FL,33156,550000,CONDO,1429.0,,2,2.0,2006.0,19,1515.0,,Split Level,2.0,True,,,N/A,550000,3,7,258,25.686571,-80.314575,False,26.0,440750.0,8,367.85734959053696
344781379,11060 SW 90th Ave,Miami,FL,33176,2700565,SINGLE_FAMILY,5122.0,0.42504591368228,5,6.0,2024.0,1,,Under Construction,,3.0,True,,,N/A,2700565,3,10,258,25.66681,-80.34146,False,,1969071.5,8,532.0856765502185
44280118,10414 SW 115th Ct,Miami,FL,33176,762500,SINGLE_FAMILY,1647.0,9900.0,3,2.0,1976.0,49,186.0,,,2.0,True,,,N/A,762500,3,9,259,25.671278,-80.38173,False,,797027.0,8,399.34767939041456
44281601,10875 SW 112th Ave UNIT 215,Miami,FL,33176,257500,CONDO,787.0,,1,2.0,1981.0,44,320.0,,,1.0,True,,,N/A,257500,3,9,259,25.666754,-80.375565,False,3.0,295200.0,7,310.82517572853277
44282667,10460 SW 112th St,Miami,FL,33176,850000,SINGLE_FAMILY,1799.0,0.38119834710744,3,2.0,1969.0,56,,,Ranch,2.0,True,True,,N/A,850000,3,8,259,25.66477,-80.3652,False,,911162.5,8,477.12038322662966
44274063,11800 SW 80th St APT 113,Miami,FL,33183,435000,TOWNHOUSE,1495.0,,3,3.0,1985.0,40,559.0,,,0.0,False,,,N/A,435000,3,7,260,25.693302,-80.38444,False,2.0,425000.0,1,284.2809364548495
44277179,9810 SW 106th Ave,Miami,FL,33176,865000,SINGLE_FAMILY,2347.0,9350.0,4,2.0,1966.0,59,,As Is,,1.0,True,,,N/A,865000,3,7,260,25.677713,-80.366875,False,,860925.0,8,449.79416098808434
353685401,9116 SW 113th Place Cir E #9116,Miami,FL,33176,590000,TOWNHOUSE,1890.0,,3,3.0,1984.0,41,364.0,,,1.0,True,,,N/A,590000,3,9,260,25.683048,-80.379654,False,2.0,585337.5,8,309.70238095238096
2053049059,11065 SW 91st Ave,Miami,FL,33176,2740000,SINGLE_FAMILY,4296.0,0.48294306703398,5,6.0,2023.0,2,,Under Construction,,3.0,True,,,N/A,2740000,3,10,260,25.667011,-80.34176,False,,1972204.375,8,523.0880024116161
44217402,10015 SW 83rd St,Miami,FL,33173,770000,SINGLE_FAMILY,1776.0,7500.0,3,2.0,1961.0,64,,,,0.0,False,,,N/A,770000,3,7,261,25.691805,-80.35595,False,,682932.75,8,396.9457770680837
44219995,8501 SW 87th Ct,Miami,FL,33173,969000,SINGLE_FAMILY,2464.0,0.25022956841139,4,2.0,1965.0,60,,,,2.0,True,True,,N/A,969000,3,7,261,25.690702,-80.334236,False,,774183.3333333334,6,307.4722731132931
44279996,11273 SW 114th Ter,Miami,FL,33176,805000,SINGLE_FAMILY,1456.0,7875.0,3,2.0,1975.0,50,,,Ranch,1.0,True,,,N/A,805000,3,9,261,25.662876,-80.37676,False,,744550.0,2,484.02797087546855
44287184,13024 SW 108th Ave,Miami,FL,33176,1400000,SINGLE_FAMILY,2766.0,0.34435261707989,4,3.0,1977.0,48,122.0,,,2.0,True,True,,N/A,1400000,3,8,261,25.647902,-80.36891,False,,1103100.0,8,419.0830994383256
72565332,9055 SW 73rd Ct APT 1804,Miami,FL,33156,310000,CONDO,657.0,,1,1.0,2006.0,19,713.0,,,1.0,True,True,,N/A,310000,3,7,261,25.686604,-80.31404,False,26.0,446750.0,8,414.71091859154774
72566937,9055 SW 73rd Ct APT 804,Miami,FL,33156,333000,CONDO,657.0,,1,1.0,2006.0,19,712.0,,,1.0,True,,,N/A,333000,3,7,261,25.686604,-80.31404,False,0.0,443875.0,8,410.33496729778824
44214787,7133 SW 115th Pl #F24,Miami,FL,33173,432000,CONDO,1540.0,,3,2.0,1979.0,46,680.0,Updated/Remodeled,,0.0,False,,,N/A,432000,3,7,264,25.701113,-80.379265,False,1.0,368766.6666666667,3,264.38368648894965
44276163,9400 SW 93rd Ct,Miami,FL,33176,2750000,SINGLE_FAMILY,5714.0,0.75899908172635,6,5.0,2005.0,20,,,Mediterranean,3.0,True,True,,N/A,2750000,3,7,264,25.681952,-80.34722,False,,2413700.0,7,658.8570559011888
44284289,11130 SW 84th Ct,Miami,FL,33156,1925000,SINGLE_FAMILY,3611.0,0.43078512396694,4,4.0,1993.0,32,,,,2.0,True,True,,N/A,1925000,3,10,264,25.666817,-80.33163,False,,2225185.714285714,7,550.3258230518894
44286744,12220 SW 107th Ave,Miami,FL,33176,930000,SINGLE_FAMILY,1995.0,0.34435261707989,4,3.0,1973.0,52,,As Is,,2.0,True,,,N/A,930000,3,8,264,25.655087,-80.36768,False,,1221350.0,8,498.79519458312
351636192,9271 SW 136th St Cir UNIT 9271,Miami,FL,33176,515000,TOWNHOUSE,1578.0,,2,2.0,1980.0,45,120.0,,,0.0,False,,,N/A,515000,3,10,264,25.645077,-80.34256,False,1.0,513600.0,8,325.28685532540453
44219672,8015 SW 107th Ave APT 321,Miami,FL,33173,249000,CONDO,705.0,,1,2.0,1980.0,45,596.0,,,0.0,False,,,N/A,249000,3,7,265,25.693672,-80.36345,False,3.0,272749.875,8,292.1686528983249
44217689,9920 SW 84th St,Miami,FL,33173,720000,SINGLE_FAMILY,1240.0,,3,1.0,,N/A,,,,,False,,,N/A,720000,3,7,266,25.690748,-80.35451,False,,718100.0,8,522.3137195807026
44218198,10385 N Kendall Dr APT P7,Miami,FL,33176,250000,CONDO,954.0,,2,2.0,1971.0,54,188.0,,,,False,,,N/A,250000,3,7,266,25.689016,-80.36138,False,,221009.77777777778,9,256.5487941721098
44218662,(Undisclosed Address),Miami,FL,33173,290000,CONDO,1235.0,,2,2.0,1974.0,51,534.0,,,1.0,True,,,N/A,290000,3,7,266,,,False,3.0,278711.1111111111,9,238.91477907755714
44220076,8761 SW 85th St,Miami,FL,33173,1050000,SINGLE_FAMILY,1957.0,0.26400367309458,3,3.0,1961.0,64,,,,1.0,True,True,,N/A,1050000,3,7,266,25.691162,-80.3352,False,,1261787.5,8,500.4700305428654
44277483,10140 SW 98th Ave,Miami,FL,33176,939000,SINGLE_FAMILY,2017.0,9350.0,4,2.0,1968.0,57,,,,0.0,False,,,N/A,939000,3,7,266,25.675156,-80.35345,False,,872025.0,8,458.79052634858414
44281483,10411 SW 108th Ave #259,Miami,FL,33176,313000,CONDO,885.0,,2,2.0,1971.0,54,341.0,,,0.0,False,,,N/A,313000,3,9,266,25.671835,-80.36861,False,2.0,260300.0,7,347.64599242565345
44307432,11857 SW 99th St,Miami,FL,33186,216700,TOWNHOUSE,1680.0,1759.0,3,2.5,1989.0,36,305.0,,,,False,,,N/A,216700,3,9,266,25.675968,-80.38799,False,,481662.5,8,343.80887402467306
44222584,7745 SW 86th St #D-324,Miami,FL,33143,263000,CONDO,715.0,,1,1.0,1969.0,56,410.0,Updated/Remodeled,,0.0,False,,,N/A,263000,3,7,267,25.690945,-80.31926,False,4.0,213293.125,8,242.51922518291832
44274341,9175 SW 77th Ave APT 205,Miami,FL,33156,190000,CONDO,810.0,,1,2.0,1965.0,60,394.0,,,0.0,False,,,N/A,190000,3,7,267,25.685118,-80.31892,False,4.0,233625.0,8,266.27078378072264
44275521,9304 SW 77th Ave APT C5,Miami,FL,33156,210000,CONDO,875.0,,1,1.0,1967.0,58,510.0,,,0.0,False,,,N/A,210000,3,7,267,25.684572,-80.319916,False,2.0,305625.0,8,291.53314645173725
44286445,10240 SW 129th St,Miami,FL,33176,1175000,SINGLE_FAMILY,2932.0,0.39256198347107,4,3.0,1976.0,49,,,,2.0,True,True,,N/A,1175000,3,8,267,25.64918,-80.35973,False,,1187525.0,8,405.2660604902888
44326429,11732 SW 119th Ter,Miami,FL,33186,555000,SINGLE_FAMILY,1848.0,4000.0,3,3.0,1987.0,38,,,,0.0,False,,,N/A,555000,3,9,267,25.65766,-80.384415,False,,535034.75,8,316.61851644080207
44222060,7925 SW 86th St APT 904,Miami,FL,33143,280000,CONDO,833.0,,1,1.0,1976.0,49,532.0,,,0.0,False,,,N/A,280000,3,7,268,25.691645,-80.321884,False,2.0,364357.14285714284,7,323.5043462783638
44279190,9122 SW 112th Ct,Miami,FL,33176,590000,SINGLE_FAMILY,1952.0,3060.0,3,3.0,1984.0,41,164.0,,Mediterranean,0.0,False,,,N/A,590000,3,9,268,25.683266,-80.37702,False,,535147.875,8,295.3963069310463
70787513,8550 SW 109th Ave #5227,Miami,FL,33173,240000,CONDO,801.0,,1,2.0,1969.0,56,369.0,,,0.0,False,,,N/A,240000,3,9,268,25.689154,-80.37076,False,3.0,215800.0,8,238.46406733341604
72570777,9066 SW 73rd Ct APT 1805,Miami,FL,33156,489000,CONDO,1350.0,,2,2.0,2006.0,19,1444.0,New Construction,,1.0,True,,,N/A,489000,3,7,268,25.686571,-80.314575,False,1.0,448375.0,8,370.69013864271017
44217532,9820 SW 83rd St,Miami,FL,33173,758000,SINGLE_FAMILY,1300.0,7500.0,4,2.0,1961.0,64,,,,0.0,False,,,N/A,758000,3,7,271,25.691525,-80.35261,False,,661037.5,8,508.6267610580259
44219641,8015 SW 107th Ave APT 211,Miami,FL,33173,295000,CONDO,1040.0,,3,2.0,1980.0,45,246.0,,,0.0,False,,,N/A,295000,3,7,271,25.693672,-80.36345,False,4.0,266999.875,8,300.86085829930687
44221362,8701 SW 86th Ct,Miami,FL,33143,1200000,SINGLE_FAMILY,2264.0,0.26515151515152,4,2.0,1966.0,59,,,,2.0,True,True,,N/A,1200000,3,7,271,25.68916,-80.33287,False,,1105637.5,8,425.4668275707331
44279540,11325 SW 108th Ave,Miami,FL,33176,780000,SINGLE_FAMILY,1300.0,0.42745638200184,3,2.0,1958.0,67,,,,1.0,True,True,,N/A,780000,3,9,271,25.663576,-80.36937,False,,800928.5714285715,7,529.9604369686924
44281279,10985 SW 107th St APT 302,Miami,FL,33176,309000,CONDO,936.0,,2,2.0,1979.0,46,199.0,,,0.0,False,,,N/A,309000,3,9,271,25.669971,-80.37383,False,3.0,251812.5,8,304.01113751927664
44291965,14831 SW 95th Ct,Miami,FL,33176,1500000,SINGLE_FAMILY,2740.0,0.40149219467401,4,3.0,1998.0,27,,,Mediterranean,3.0,True,True,,N/A,1500000,3,10,271,25.631758,-80.348335,False,,1647910.5,8,404.03495847366173
44276273,9999 SW 87th Ct,Miami,FL,33176,1999000,SINGLE_FAMILY,5687.0,0.76799816345271,4,3.0,1957.0,68,,Fixer,Other,0.0,False,True,,N/A,1650000,3,7,37,25.677103,-80.336266,False,,1860700.0,7,598.5191355219673
44285986,10245 SW 130th Ln,Miami,FL,33176,1075000,SINGLE_FAMILY,2080.0,0.39683195592287,4,2.0,1972.0,53,,,,2.0,True,True,,N/A,1075000,3,8,272,25.647898,-80.35973,False,,1287537.5,8,433.1875346717808
44291583,9121 SW 140th St,Miami,FL,33176,990000,SINGLE_FAMILY,2075.0,0.366391184573,3,2.0,1972.0,53,,,,2.0,True,True,,N/A,990000,3,10,272,25.639875,-80.34061,False,,1242480.0,5,484.5499918758529
44306928,10061 SW 118th Ct,Miami,FL,33186,615000,SINGLE_FAMILY,2058.0,3406.0,4,3.0,1987.0,38,190.0,,,1.0,True,,,N/A,615000,3,9,272,25.674015,-80.38752,False,,591020.0,5,370.3053162402275
44279698,10743 SW 118th St,Miami,FL,33176,1175000,SINGLE_FAMILY,3093.0,0.56565656565657,5,3.0,1969.0,56,,,,2.0,True,True,,N/A,1175000,3,9,274,25.659416,-80.369125,False,,1059014.2857142857,7,464.06929777566853
349780273,7874 SW 102nd Ln UNIT 7874,Miami,FL,33156,460000,TOWNHOUSE,1161.0,,2,3.0,1995.0,30,614.0,As Is,,0.0,False,,,N/A,460000,3,7,274,25.674744,-80.32208,False,2.0,448283.3333333333,6,377.4768496554055
44221912,8435 SW 80th Pl,Miami,FL,33143,700000,SINGLE_FAMILY,1340.0,5598.0,3,2.0,1975.0,50,200.0,,,0.0,False,,,N/A,700000,3,7,275,25.691463,-80.32399,False,,762328.5714285715,7,419.8004980932713
44279060,11601 SW 104th St,Miami,FL,33176,1003600,SINGLE_FAMILY,2404.0,0.25,3,2.5,1981.0,44,,,,,False,,,N/A,717000,3,9,276,25.672314,-80.38306,False,,864325.0,8,388.80587544251716
44290936,10381 SW 141st St,Miami,FL,33176,1600000,SINGLE_FAMILY,3775.0,0.45146923783287,5,5.0,1982.0,43,,,,2.0,True,True,,N/A,1600000,3,8,275,25.638643,-80.36223,False,,1317714.2857142857,7,388.7116649630561
44326424,11752 SW 119th Ter,Miami,FL,33186,590000,SINGLE_FAMILY,2173.0,6459.0,3,3.0,1987.0,38,67.0,,,0.0,False,,,N/A,590000,3,9,275,25.657818,-80.38501,False,,577922.375,8,334.485645241524
83157554,7285 SW 90th St UNIT D612,Miami,FL,33156,347000,CONDO,777.0,,1,1.0,2007.0,18,601.0,,,1.0,True,,,N/A,347000,3,7,275,25.687023,-80.31319,False,7.0,379714.28571428574,7,385.2050219479753
44213183,7113 SW 113th Ct,Miami,FL,33173,472000,TOWNHOUSE,1378.0,,3,2.0,1972.0,53,156.0,,,0.0,False,,,N/A,472000,3,7,278,25.701363,-80.37623,False,0.0,451183.3333333333,6,328.16252952559836
44219572,8045 SW 107th Ave APT 212,Miami,FL,33173,315000,CONDO,965.0,,2,2.0,1980.0,45,444.0,,,0.0,False,,,N/A,315000,3,7,278,25.692993,-80.36264,False,4.0,235187.5,8,261.5078227247159
44219858,8075 SW 107th Ave APT 311,Miami,FL,33173,305000,CONDO,1040.0,,3,2.0,1981.0,44,748.0,Updated/Remodeled,,1.0,True,True,,N/A,305000,3,7,278,25.692968,-80.36526,False,11.0,254675.0,8,269.7752660457813
44277333,10644 Kendale Blvd,Miami,FL,33176,200000,SINGLE_FAMILY,1893.0,10450.0,4,2.0,1967.0,58,,,,,False,,,N/A,200000,3,7,278,25.67446,-80.367546,False,,861200.0,7,440.6966457561478
44278641,10852 N Kendall Dr #305,Miami,FL,33176,330000,CONDO,1137.0,,2,2.0,1974.0,51,441.0,,,0.0,False,,,N/A,330000,3,9,278,25.685247,-80.36966,False,4.0,301066.6666666667,9,251.54767602059428
44280361,11300 SW 114th Ct,Miami,FL,33176,825000,SINGLE_FAMILY,1719.0,0.3030303030303,3,2.0,1976.0,49,,,,2.0,True,True,,N/A,825000,3,9,278,25.663345,-80.38046,False,,801262.5,8,400.76368139940865
79859762,7350 SW 89th St APT 710S,Miami,FL,33156,330000,CONDO,759.0,,1,1.0,2007.0,18,792.0,,,1.0,True,,,N/A,330000,3,7,279,25.68752,-80.314606,False,27.0,439972.22222222225,9,391.93398837488064
83157542,7275 SW 90th St #C409,Miami,FL,33156,260000,CONDO,770.0,,1,1.0,2007.0,18,1405.0,,,,False,,,N/A,260000,3,7,279,25.687248,-80.31261,False,,404975.0,8,371.48976964366244
44283977,8445 SW 110th Street,Miami,FL,33156,899999,SINGLE_FAMILY,2132.0,0.42938475665748,3,3.0,1961.0,64,,Resale,,2.0,True,,,N/A,100000,3,10,12,25.66824,-80.3316,False,1.0,1303750.0,8,535.2354036276187
44280692,11212 SW 114 Lane Cir,Miami,FL,33176,470000,TOWNHOUSE,1080.0,2617.0,2,2.0,1978.0,47,39.0,,,,False,,,N/A,470000,3,9,281,25.662025,-80.37755,False,,456114.28571428574,7,422.3280423280424
72568322,9066 SW 73rd Ct APT 1408,Miami,FL,33156,425000,CONDO,1150.0,,2,2.0,2006.0,19,1232.0,,,2.0,True,,,N/A,425000,3,7,281,25.686571,-80.314575,False,26.0,456375.0,8,369.7722642465749
72571904,8475 SW 94th St APT 102E,Miami,FL,33156,235000,APARTMENT,709.0,710.0,1,1.0,1968.0,57,291.0,,,,False,,,N/A,235000,3,7,281,25.683155,-80.33388,False,,219000.0,1,308.885754583921
44220085,8901 SW 85th St,Miami,FL,33173,975000,SINGLE_FAMILY,2149.0,0.26398071625344,3,2.0,1963.0,62,,,,,False,,,N/A,975000,3,7,282,25.69111,-80.337875,False,,1033682.5,8,423.19636886805495
44284142,11900 SW 84th Ave,Miami,FL,33156,925000,SINGLE_FAMILY,2158.0,0.44077134986226,3,2.0,1965.0,60,,,,1.0,True,True,,N/A,925000,3,10,282,25.659613,-80.3308,False,,1191887.5,8,601.4165219693791
44291446,9335 SW 144th St,Miami,FL,33176,4262500,SINGLE_FAMILY,4924.0,0.55096418732782,6,4.0,1972.0,53,25.0,,,2.0,True,True,,N/A,4262500,3,10,287,25.63641,-80.34529,False,,1963700.0,7,513978.66063958633
44218950,8415 SW 107th Ave APT 167W,Miami,FL,33173,295000,CONDO,985.0,,2,2.0,1981.0,44,516.0,,,0.0,False,,,N/A,295000,3,7,288,25.69035,-80.36457,False,3.0,300937.5,8,305.5203045685279
44276537,9680 SW 96th Ct,Miami,FL,33176,551200,SINGLE_FAMILY,3200.0,0.64299816345271,4,3.0,1971.0,54,,,,,False,,,N/A,551200,3,7,288,25.679565,-80.351135,False,,1623932.25,8,388.6529866815297
44281822,10835 SW 112th Ave APT 117,Miami,FL,33176,310000,CONDO,936.0,,2,2.0,1981.0,44,539.0,,,2.0,True,,,N/A,300000,3,9,122,25.667429,-80.37296,False,4.0,280433.3333333333,6,320.4036165448508
63183313,9301 SW 92nd Ave APT 205-B,Miami,FL,33176,325000,CONDO,670.0,,2,2.0,1977.0,48,494.0,,,,False,,,N/A,325000,3,7,288,25.683346,-80.342964,False,,241040.33333333334,6,359.7616915422886
44214784,7133 SW 115th Pl #C24,Miami,FL,33173,377000,CONDO,1540.0,,3,2.0,1979.0,46,680.0,Updated/Remodeled,,1.0,True,,,N/A,377000,3,7,289,25.701113,-80.379265,False,2.0,387100.0,3,276.2884483937116
44218988,8415 SW 107th Ave APT 227W,Miami,FL,33173,280000,CONDO,985.0,,2,2.0,1983.0,42,505.0,Under Construction,,0.0,False,,,N/A,280000,3,7,289,25.69035,-80.36457,False,4.0,302812.5,8,307.42385786802026
44277472,9900 SW 97th Ct,Miami,FL,33176,915000,SINGLE_FAMILY,1808.0,10415.0,3,2.0,1968.0,57,,,,2.0,True,True,,N/A,915000,3,7,289,25.677176,-80.35284,False,,845514.2857142857,7,467.504187259455
44282681,11723 SW 102nd Ct,Miami,FL,33176,1125000,SINGLE_FAMILY,2449.0,0.35640495867769,5,3.0,1969.0,56,,,,2.0,True,,,N/A,1125000,3,8,289,25.659967,-80.359474,False,,1070175.0,8,488.01446060927844
448490202,11212 SW 114th Lane Cir,Miami,FL,33176,470000,TOWNHOUSE,1080.0,,2,2.0,1978.0,47,,,,0.0,False,,,N/A,470000,3,9,289,25.662056,-80.37752,False,1.0,456114.28571428574,7,422.3280423280423
44216174,11277 SW 88th St #106K,Miami,FL,33173,240000,CONDO,736.0,,1,1.0,1969.0,56,332.0,,,0.0,False,,,N/A,240000,3,9,292,25.68845,-80.37491,False,2.0,243572.22222222222,9,274.38753049945615
44218786,8401 SW 107th Ave APT 258E,Miami,FL,33173,313000,CONDO,1235.0,,2,2.0,1974.0,51,535.0,Updated/Remodeled,,0.0,False,,,N/A,313000,3,7,292,25.689573,-80.362495,False,3.0,278711.1111111111,9,238.91477907755714
44275553,9350 SW 77th Ave APT G4,Miami,FL,33156,310000,CONDO,1262.0,,2,2.0,1967.0,58,760.0,,,0.0,False,,,N/A,310000,3,7,292,25.683947,-80.32032,False,2.0,312000.0,7,282.53133860746067
44282173,10815 SW 112th Ave APT 207,Miami,FL,33176,248000,CONDO,727.0,,1,1.0,1984.0,41,318.0,,,0.0,False,,,N/A,248000,3,9,292,25.667982,-80.37444,False,3.0,282857.14285714284,7,310.288741498417
44290788,14064 SW 104th Ct,Miami,FL,33176,1155000,SINGLE_FAMILY,3605.0,0.63537649219467,4,3.0,1981.0,44,,,,3.0,True,True,,N/A,1155000,3,8,292,25.63807,-80.36378,False,,1418875.0,8,395.62837276710854
72560313,9055 SW 73rd Ct UNIT 205,Miami,FL,33156,350000,CONDO,918.0,,1,1.0,2006.0,19,968.0,,,1.0,True,,,N/A,350000,3,7,292,25.686594,-80.31402,False,26.0,400500.0,4,368.54738115906923
72564531,9066 SW 73rd Ct PENTHOUSE 2501,Miami,FL,33156,545000,CONDO,1384.0,1385.0,2,2.0,2006.0,19,1032.0,,,,False,,,N/A,545000,3,7,292,25.68658,-80.31459,False,,433500.0,8,389.1273068125046
72571246,9143 SW 77th Ave APT B804,Miami,FL,33156,220000,CONDO,761.0,,1,1.0,1971.0,54,581.0,,,1.0,True,,,N/A,220000,3,7,292,25.685822,-80.31808,False,8.0,43178.125,8,36.42034519994596
44218256,10353 N Kendall Dr APT BB1,Miami,FL,33176,225000,CONDO,765.0,,1,1.0,1973.0,52,256.0,,,0.0,False,,,N/A,225000,3,7,293,25.687737,-80.36114,False,2.0,143450.0,2,150.6128992477494
44219826,8075 SW 107th Ave APT 101,Miami,FL,33173,300000,CONDO,965.0,,2,2.0,1981.0,44,246.0,,,0.0,True,,,N/A,300000,3,7,293,25.692968,-80.36526,False,4.0,255300.0,8,267.5738162649921
44221340,8500 SW 86th Ct,Miami,FL,33143,950000,SINGLE_FAMILY,2177.0,10000.0,4,2.0,1968.0,57,,,,2.0,True,True,,N/A,950000,3,7,293,25.6903,-80.33334,False,,984982.2857142857,7,411.6136672189247
44276197,9390 SW 99th St,Miami,FL,33176,1400000,SINGLE_FAMILY,2168.0,0.82998163452709,4,2.0,1975.0,50,,,,,False,,,N/A,1400000,3,7,293,25.677176,-80.347244,False,,2507537.5,8,585.5959789607987
44279121,11520 SW 92nd St,Miami,FL,33176,627100,SINGLE_FAMILY,1621.0,7481.0,3,2.0,1981.0,44,,,,0.0,False,,,N/A,627100,3,9,293,25.682955,-80.38099,False,,878766.6666666666,6,533.5250494164545
64717841,7947 SW 104th St APT 202-C,Miami,FL,33156,395000,CONDO,1269.0,,3,2.0,1971.0,54,1145.0,,,,False,,,N/A,395000,3,7,293,25.67477,-80.32403,False,,263261.625,8,270.06965368739475
2052947664,11181 SW 92nd Ave,Miami,FL,33176,2700000,SINGLE_FAMILY,4296.0,,5,6.0,2023.0,2,,Under Construction,,3.0,True,,,N/A,2700000,3,10,293,25.665985,-80.34229,False,,1810900.4,5,614.1677352402783
44280941,11276 SW 116th Ter,Miami,FL,33176,465000,SINGLE_FAMILY,1000.0,2700.0,2,2.0,1978.0,47,75.0,,,,False,,,N/A,465000,3,9,294,25.660809,-80.37812,False,,,0,
44282407,9845 SW 110th St,Miami,FL,33176,2100000,SINGLE_FAMILY,4117.0,0.925,5,3.0,1962.0,63,,Updated/Remodeled,,2.0,True,True,,N/A,2100000,3,10,294,25.667677,-80.35388,False,,1887162.5,8,483.23352266930294
44285572,9655 SW 121st St,Miami,FL,33176,1930000,SINGLE_FAMILY,3291.0,0.34605142332415,5,4.0,2001.0,24,480.0,,,2.0,True,True,,N/A,1930000,3,10,294,25.657433,-80.35025,False,,2340900.0,8,550.5470448158507
63621202,10900 SW 104th St APT 318,Miami,FL,33176,220000,CONDO,850.0,,2,1.0,1973.0,52,515.0,,,0.0,False,,,N/A,220000,3,8,294,25.67211,-80.35935,False,4.0,250480.0,5,246.18562091503264
44283739,8855 SW 111th Ter,Miami,FL,33176,3100000,SINGLE_FAMILY,5157.0,0.99201101928375,5,5.0,2000.0,25,,,,2.0,True,True,,N/A,3100000,3,10,295,25.667023,-80.338844,False,,2886614.285714286,7,735.0017545554884
44216366,10910 SW 72nd St APT 272,Miami,FL,33173,535000,CONDO,1160.0,,2,2.0,1987.0,38,490.0,,,0.0,False,,,N/A,535000,3,7,296,25.699705,-80.37052,False,1.0,366500.0,2,315.94827586206895
44279366,11560 SW 91st Ter,Miami,FL,33176,605000,TOWNHOUSE,1890.0,2678.0,3,2.5,1984.0,41,310.0,,,,False,,,N/A,605000,3,9,296,25.683348,-80.377625,False,,567583.3333333334,6,300.6260704920399
44282282,9708 SW 108th Ter,Miami,FL,33176,2200000,SINGLE_FAMILY,5002.0,0.71999540863177,7,4.0,1988.0,37,,,,2.0,True,True,,N/A,2200000,3,10,296,25.668688,-80.351456,False,,2297514.285714286,7,512.1842633719782
44326427,11740 SW 119th Ter,Miami,FL,33186,555000,SINGLE_FAMILY,1898.0,3900.0,3,3.0,1987.0,38,70.0,,,0.0,False,,,N/A,555000,3,9,296,25.657677,-80.384674,False,,570734.875,8,311.0366885433171
347901765,11560 SW 91st Ter #11560,Miami,FL,33176,605000,TOWNHOUSE,1890.0,,3,3.0,1984.0,41,364.0,Updated/Remodeled,Coach Home,1.0,True,,,N/A,605000,3,9,296,25.683542,-80.38082,False,2.0,547766.6666666666,6,313.4734667463162
349951531,9301 SW 92nd Ave APT B205,Miami,FL,33176,325000,CONDO,670.0,,2,2.0,1977.0,48,754.0,,,1.0,True,,,N/A,325000,3,7,296,25.683275,-80.342705,False,4.0,277600.0,7,368.38041198963856
44216599,11196 SW 75th Ter,Miami,FL,33173,639000,SINGLE_FAMILY,1434.0,4250.0,3,2.0,1988.0,37,75.0,,,2.0,True,,,N/A,639000,3,7,299,25.697506,-80.37465,False,,591984.125,8,362.76614875517487
44281455,(Undisclosed Address),Miami,FL,33176,225000,CONDO,650.0,,1,1.0,1971.0,54,243.0,,,0.0,False,,,N/A,225000,3,9,299,,,False,2.0,252637.5,8,329.0377187173011
72572767,9055 SW 73rd Ct APT 2304,Miami,FL,33156,525000,CONDO,1384.0,,2,2.0,2006.0,19,770.0,,,,False,,,N/A,525000,3,7,299,25.686594,-80.31402,False,,390400.0,5,371.0906282388022
72576247,9055 SW 73rd Ct APT 901,Miami,FL,33156,374000,CONDO,797.0,,1,1.0,2006.0,19,620.0,,,1.0,True,,,N/A,374000,3,7,299,25.686604,-80.31404,False,26.0,431555.55555555556,9,421.05878371675544
44214692,6917 SW 115th Pl #F39,Miami,FL,33173,389000,CONDO,1310.0,,2,2.0,1979.0,46,515.0,,,,False,,,N/A,389000,3,7,300,25.70361,-80.38026,False,,346433.3333333333,6,255.2969089390142
44218126,10367 N Kendall Dr APT E7,Miami,FL,33176,245000,CONDO,954.0,,2,2.0,1971.0,54,318.0,,,0.0,False,,,N/A,245000,3,7,300,25.688484,-80.36116,False,3.0,242550.0,8,279.5198018537826
44218227,10393 N Kendall Dr APT U4,Miami,FL,33176,170000,CONDO,765.0,,1,1.0,1971.0,54,188.0,,,,False,,,N/A,170000,3,7,300,25.689016,-80.36138,False,,221009.77777777778,9,256.5487941721098
44276075,9227 SW 87th Ave APT B12,Miami,FL,33176,285000,CONDO,1010.0,,2,2.0,1972.0,53,664.0,,,1.0,True,,,N/A,285000,3,7,300,25.683958,-80.334946,False,2.0,275200.0,8,287.3574382754731
44286617,9991 SW 127th Ter,Miami,FL,33176,1525000,SINGLE_FAMILY,3624.0,0.3458448117539,5,4.0,1988.0,37,,,,2.0,True,True,,N/A,1525000,3,8,300,25.651531,-80.356514,False,,1339000.0,7,345.46697118073774
44307617,11827 SW 90th Ter,Miami,FL,33186,725650,SINGLE_FAMILY,2091.0,7576.0,4,2.0,1991.0,34,100.0,New Construction,,2.0,True,True,,N/A,725650,3,9,300,25.68421,-80.386765,False,,788800.0,7,356.2514491771198
351068815,7947 SW 104th St APT C202,Miami,FL,33156,395000,CONDO,1269.0,,3,2.0,1971.0,54,782.0,Updated/Remodeled,,0.0,False,,,N/A,395000,3,7,301,25.674772,-80.32403,False,2.0,210712.5,8,221.74996183606441
44214087,10916 SW 70th Ter,Miami,FL,33173,395000,TOWNHOUSE,1365.0,,3,2.0,,N/A,,,,,False,,,N/A,395000,3,7,302,25.702265,-80.37074,False,,483125.0,4,348.5149362878666
44216187,(Undisclosed Address),Miami,FL,33173,265000,CONDO,986.0,,2,2.0,1969.0,56,425.0,,,0.0,False,,,N/A,265000,3,9,302,,,False,2.0,243572.22222222222,9,274.38753049945615
44218400,10485 SW 78th St,Miami,FL,33173,500000,TOWNHOUSE,1966.0,,3,3.0,,N/A,,,,,False,,,N/A,500000,3,7,302,25.695465,-80.36294,False,,556371.4285714285,7,300.76591443725584
44279867,11001 SW 113th Pl,Miami,FL,33176,471000,TOWNHOUSE,1080.0,3419.0,2,1.0,1974.0,51,140.0,,,,False,,,N/A,471000,3,9,302,25.666094,-80.378716,False,,503387.5,8,325.92412498556877
70787421,8650 SW 109th Ave #3121,Miami,FL,33173,258000,CONDO,1140.0,,2,2.0,1969.0,56,385.0,,,,False,,,N/A,258000,3,9,302,25.689182,-80.3707,False,,256614.2857142857,7,250.3544380221715
44215394,11407 SW 84th St,Miami,FL,33173,669000,SINGLE_FAMILY,1809.0,4526.0,4,2.0,1974.0,51,,,,1.0,True,,,N/A,669000,3,7,303,25.690323,-80.3785,False,,603414.2857142857,7,405.51955794033466
44290831,14210 SW 104th Ave,Miami,FL,33176,1548500,SINGLE_FAMILY,4141.0,0.71774563820018,5,4.0,1987.0,38,,,,2.0,True,True,,N/A,1548500,3,8,303,25.637272,-80.36281,False,,1442187.5,8,405.7333238216256
44291098,9880 SW 148th Ter,Miami,FL,33176,2699999,SINGLE_FAMILY,5080.0,0.37764003673095,7,5.0,1990.0,35,,,,2.0,True,True,,N/A,1950000,3,8,29,25.63238,-80.35359,False,,1725237.5,8,420.6608065383291
342811080,6917 SW 115th Pl APT F,Miami,FL,33173,389000,TOWNHOUSE,1310.0,,2,3.0,1979.0,46,680.0,,,0.0,False,,,N/A,389000,3,7,303,25.703531,-80.380066,False,2.0,405000.0,1,270.0
44218686,8401 SW 107th Ave APT 136E,Miami,FL,33173,281500,CONDO,1067.0,,1,2.0,1974.0,51,459.0,,,0.0,False,,,N/A,281500,3,7,306,25.689573,-80.362495,False,3.0,278362.5,8,235.80115082963698
44278920,10005 SW 114th Ct,Miami,FL,33176,990000,SINGLE_FAMILY,2098.0,0.39543158861341,3,3.0,1980.0,45,,,,2.0,True,True,,N/A,990000,3,9,306,25.67509,-80.37914,False,,913500.0,8,394.31664833513355
343977508,10485 SW 78th St #10485,Miami,FL,33173,500000,TOWNHOUSE,1966.0,,3,3.0,1973.0,52,222.0,"Updated/Remodeled,Fixer",,0.0,True,,,N/A,500000,3,7,306,25.69548,-80.36291,False,2.0,546200.0,7,293.8156028440871
347550803,11276 SW 116th Ter #11276,Miami,FL,33176,465000,TOWNHOUSE,1000.0,,2,2.0,1978.0,47,91.0,Updated/Remodeled,,0.0,False,,,N/A,465000,3,9,306,25.660765,-80.378075,False,1.0,426566.6666666667,6,394.8610868933449
44275810,10253 SW 77th Ct,Miami,FL,33156,460000,TOWNHOUSE,1152.0,1193.0,2,2.0,1989.0,36,375.0,,,,False,,,N/A,460000,3,7,307,25.675158,-80.320656,False,,436757.14285714284,7,388.5261031047069
44276835,10090 SW 89th Ct,Miami,FL,33176,2900000,SINGLE_FAMILY,4795.0,1.003,5,5.0,1997.0,28,,,Mediterranean,2.0,True,True,,N/A,2900000,3,7,307,25.675808,-80.34016,False,,2609542.8571428573,7,81480.69277262488
44283295,8910 SW 108th St,Miami,FL,33176,2400000,SINGLE_FAMILY,4049.0,1.138,5,5.0,1977.0,48,,New Construction,Other,2.0,True,True,,N/A,2400000,3,10,307,25.669313,-80.33922,False,,3779114.285714286,7,570.2239744896017
2063262735,11001 SW 113th Pl UNIT 11001,Miami,FL,33176,471000,TOWNHOUSE,1100.0,,2,1.0,1974.0,51,104.0,As Is,,2.0,True,,,N/A,471000,3,9,307,25.666094,-80.378716,False,1.0,499788.8888888889,9,338.16712344396234
44214334,6527 SW 116th Pl APT B,Miami,FL,33173,485000,TOWNHOUSE,1500.0,,3,3.0,1976.0,49,680.0,Updated/Remodeled,Split Level,0.0,False,,,N/A,485000,3,7,308,25.706205,-80.38171,False,2.0,427500.0,1,291.80887372013655
44275267,10140 SW 79th Ct,Miami,FL,33156,1060000,SINGLE_FAMILY,2493.0,0.40082644628099,3,2.0,1972.0,53,,,,,False,,,N/A,1060000,3,7,308,25.675789,-80.3243,False,,1303566.6666666667,6,508.12619360613076
44276729,9520 SW 100th St,Miami,FL,33176,1850000,SINGLE_FAMILY,4184.0,0.91000918273646,5,4.0,1982.0,43,279.0,,,2.0,True,True,,N/A,1850000,3,7,308,25.676266,-80.349815,False,,2293685.714285714,7,555.3579512792296
72577342,9055 SW 73rd Ct APT 1703,Miami,FL,33156,320000,CONDO,657.0,,1,1.0,2006.0,19,,,,1.0,True,True,,N/A,320000,3,7,308,25.686604,-80.31404,False,26.0,431555.55555555556,9,421.05878371675544
44213598,6613 SW 113th Ct,Miami,FL,33173,500000,TOWNHOUSE,1378.0,,3,2.0,1974.0,51,150.0,,,0.0,False,,,N/A,500000,3,7,309,25.705698,-80.37651,False,2.0,437300.0,5,308.77105199947465
44281590,10875 SW 112th Ave APT 311,Miami,FL,33176,258000,CONDO,787.0,,1,2.0,1981.0,44,321.0,Updated/Remodeled,,0.0,False,,,N/A,258000,3,9,309,25.667604,-80.37585,False,3.0,280816.5,6,314.1421726113935
44222230,7727 SW 86th St #A1-303,Miami,FL,33143,228000,CONDO,715.0,,1,1.0,1969.0,56,410.0,,,0.0,False,,,N/A,228000,3,7,310,25.691092,-80.319336,False,4.0,245849.875,8,274.5695985930327
44279159,9009 SW 112th Pl,Miami,FL,33176,617500,SINGLE_FAMILY,1656.0,3060.0,3,2.0,1981.0,44,164.0,,,0.0,False,,,N/A,617500,3,9,310,25.685207,-80.37798,False,,553887.5,8,347.1766990571157
44279415,10843 SW 89th St,Miami,FL,33176,650000,SINGLE_FAMILY,2791.0,4746.0,4,4.0,1982.0,43,,,,2.0,True,True,,N/A,650000,3,9,310,25.685736,-80.37213,False,,528992.25,4,208.03562125846906
44283756,8080 SW 112th St,Miami,FL,33156,2369000,SINGLE_FAMILY,2104.0,1.0899908172635,3,2.0,1950.0,75,,,,,False,,,N/A,2369000,3,10,310,25.665812,-80.32546,False,,2190233.3333333335,6,528.4015862489715
44291526,9600 SW 147th St,Miami,FL,33176,816000,SINGLE_FAMILY,1955.0,0.39118457300275,4,2.0,1971.0,54,,,,2.0,True,True,,N/A,816000,3,10,310,25.633127,-80.34931,False,,1310271.4285714286,7,486.5460896909821
338742200,8881 SW 127th Ter,Miami,FL,33176,775000,SINGLE_FAMILY,,4600.0,3,2.0,2021.0,4,,New Construction,,0.0,False,True,,N/A,775000,3,10,310,25.651936,-80.338005,False,,637625.0,4,522.3993902027156
2053945984,8277 SW 121st Ter,Miami,FL,33156,1175000,TOWNHOUSE,,,4,3.0,2023.0,2,313.0,New Construction,Old Spanish,4.0,True,,,N/A,1175000,3,10,310,25.657875,-80.32893,False,1.0,1270000.0,2,552.0068685644972
44275044,8220 SW 91st St,Miami,FL,33156,1275000,SINGLE_FAMILY,2660.0,0.43044077134986,4,3.0,1959.0,66,,,,0.0,False,True,,N/A,1275000,3,7,313,25.685417,-80.32808,False,,1359037.5,8,550.3077994689934
44287238,12840 SW 112th Ave,Miami,FL,33176,930000,SINGLE_FAMILY,1890.0,0.34435261707989,4,2.0,1977.0,48,,,,2.0,True,,,N/A,930000,3,8,313,25.648758,-80.37548,False,,982100.0,8,460.4899769534999
156222519,6554 SW 114th Pl #F-74,Miami,FL,33173,430000,TOWNHOUSE,1310.0,,2,3.0,1978.0,47,680.0,Updated/Remodeled,Split Level,0.0,False,,,N/A,430000,3,7,313,25.706575,-80.37887,False,2.0,373050.0,4,279.9460236983024
44217405,8240 SW 101st Ave,Miami,FL,33173,745000,SINGLE_FAMILY,1690.0,9700.0,4,2.0,1961.0,64,,,,0.0,False,,,N/A,745000,3,7,314,25.692045,-80.35684,False,,704191.375,8,458.4175084050296
44219448,8035 SW 107th Ave APT 119,Miami,FL,33173,327000,CONDO,1040.0,,3,2.0,1980.0,45,720.0,,,0.0,False,,,N/A,327000,3,7,314,25.69299,-80.361664,False,3.0,285787.5,8,296.15284974093265
44278468,10850 SW 95th St,Miami,FL,33176,1185000,SINGLE_FAMILY,1839.0,0.93000459136823,4,2.0,1971.0,54,,,,2.0,True,True,,N/A,1185000,3,9,314,25.680176,-80.37115,False,,1374575.0,8,687.1138644539901
44274031,7805 SW 119th Rd,Miami,FL,33183,346800,SINGLE_FAMILY,1796.0,0.42419651056015,3,2.0,1987.0,38,,,,,False,,,N/A,346800,3,7,315,25.69588,-80.385345,False,,694350.0,8,377.11378628482987
44276765,9360 SW 87th Ave APT N4,Miami,FL,33176,395000,CONDO,1132.0,,3,2.0,1968.0,57,,,,,False,,,N/A,395000,3,7,315,25.68296,-80.33598,False,,303150.0,6,370.8170157034722
44291285,(Undisclosed Address),Miami,FL,33176,650000,SINGLE_FAMILY,1909.0,0.3684113865932,4,2.0,1974.0,51,,,,2.0,True,True,,N/A,650000,3,10,315,,,False,,827478.4285714285,7,404.55077654527844
79860150,6656 SW 116th Ct APT 508,Miami,FL,33173,320000,CONDO,1130.0,,3,2.0,2007.0,18,486.0,,,0.0,False,,,N/A,320000,3,7,315,25.704723,-80.38029,False,2.0,366120.0,5,292.5337540090372
44277824,9241 SW 101st Ave,Miami,FL,33176,856500,SINGLE_FAMILY,1834.0,10158.0,3,2.0,1977.0,48,,,,,False,,,N/A,856500,3,7,316,25.682741,-80.35771,False,,835083.3333333334,6,391.65911690575484
44287321,13140 SW 112th Ave,Miami,FL,33176,1245000,SINGLE_FAMILY,2068.0,0.34435261707989,4,2.0,1977.0,48,,,,2.0,True,True,,N/A,1245000,3,8,316,25.646301,-80.37537,False,,989275.0,8,443.13630215353135
244260281,12242 SW 108th Ct,Miami,FL,33176,1425000,SINGLE_FAMILY,2020.0,0.54820936639118,4,2.0,1973.0,52,,New Construction,,2.0,True,True,,N/A,1425000,3,8,316,25.65492,-80.37071,False,,875732.875,8,436.93719196176005
44219735,8065 SW 107th Ave APT 318,Miami,FL,33173,273300,CONDO,1040.0,,3,2.0,1980.0,45,549.0,,,,False,,,N/A,273300,3,7,317,25.69284,-80.3641,False,,270637.5,8,290.7289714474699
44222045,7935 SW 86th Street #805,Miami,FL,33143,389000,CONDO,1042.0,0.0,2,2.0,1976.0,49,683.0,Resale,,0.0,False,,,N/A,389000,3,7,317,25.691036,-80.32264,False,2.0,316400.0,6,329.955438753607
72573823,9055 SW 73rd Ct APT 1503,Miami,FL,33156,310000,CONDO,657.0,,1,1.0,2006.0,19,714.0,,,1.0,True,,,N/A,280000,3,7,84,25.686604,-80.31404,True,23.0,431555.55555555556,9,421.05878371675544
79856830,7355 SW 89th St APT 504N,Miami,FL,33156,334700,CONDO,1183.0,0.0,2,2.0,2007.0,18,670.0,,,1.0,True,,,N/A,334700,3,7,317,25.687927,-80.31454,False,7.0,480142.85714285716,7,391.7078399817801
44213405,11330 SW 69th Ln,Miami,FL,33173,460000,TOWNHOUSE,1482.0,,3,2.0,1972.0,53,157.0,,,0.0,False,,,N/A,460000,3,7,320,25.702618,-80.37699,False,2.0,449483.3333333333,6,306.9105270383821
44214266,6241 SW 116th Pl APT F,Miami,FL,33173,387000,TOWNHOUSE,1310.0,,2,3.0,1976.0,49,680.0,,,0.0,False,True,,N/A,387000,3,7,320,25.708883,-80.38216,False,2.0,355450.0,2,255.71942446043164
44214642,6844 SW 114th Pl #D59,Miami,FL,33173,410000,TOWNHOUSE,1465.0,,3,3.0,1978.0,47,690.0,,Split Level,0.0,False,,,N/A,410000,3,7,320,25.703402,-80.37828,False,2.0,408850.0,4,284.99871692884085
44216664,11262 SW 73rd Ter,Miami,FL,33173,620000,SINGLE_FAMILY,1616.0,3846.0,3,2.0,1991.0,34,75.0,,,0.0,False,,,N/A,620000,3,7,320,25.699831,-80.37415,False,,598130.625,8,375.06772921851325
44275860,7848 SW 102nd Ln,Miami,FL,33156,535000,TOWNHOUSE,1348.0,,3,3.0,1996.0,29,614.0,,,0.0,False,,,N/A,535000,3,7,320,25.674725,-80.32203,False,2.0,427550.0,4,370.531532622739
44275599,9404 SW 77th Ave APT M2,Miami,FL,33156,250000,CONDO,875.0,,1,1.0,1967.0,58,511.0,,,0.0,False,,,N/A,250000,3,7,321,25.68383,-80.32007,False,2.0,276814.28571428574,7,278.7705643051265
44280335,11605 SW 112th Ave,Miami,FL,33176,700000,SINGLE_FAMILY,1692.0,7501.0,3,2.0,1977.0,48,,,,,False,,,N/A,700000,3,9,321,25.660515,-80.37712,False,,683353.6666666666,6,425.42476383345075
44280959,(Undisclosed Address),Miami,FL,33176,475000,TOWNHOUSE,1000.0,,2,2.0,1979.0,46,91.0,,,2.0,True,,,N/A,475000,3,9,321,,,False,1.0,412000.0,6,385.9165419223241
44218390,7631 SW 105th Ave,Miami,FL,33173,510000,TOWNHOUSE,1716.0,2000.0,2,2.0,1974.0,51,196.0,,,,False,,,N/A,510000,3,7,322,25.696045,-80.363335,False,,512880.0,5,295.9695483535035
44307282,11789 SW 99th St,Miami,FL,33186,545000,SINGLE_FAMILY,1386.0,4414.0,3,2.0,1989.0,36,190.0,,,1.0,True,,,N/A,545000,3,9,322,25.676477,-80.3858,False,,598362.5,8,350.9153056198193
44326353,11824 SW 107th Ln,Miami,FL,33186,899000,SINGLE_FAMILY,2050.0,6133.0,4,3.0,1986.0,39,62.0,Updated/Remodeled,,2.0,True,True,,N/A,600100,3,9,136,25.668207,-80.386604,False,,718512.5,8,329.1264067890782
