zpid,address,city,state,zipcode,price,homeType,livingArea,lotAreaValue,bedrooms,bathrooms,yearBuilt,houseAge,monthlyHoaFee,propertyCondition,architecturalStyle,garageSpaces,hasGarage,hasPrivatePool,basementYN,parking,lastSoldPrice,schools_count,schools_max_rating,daysOnZillow,latitude,longitude,furnished,storiesTotal,NearbyAvgPrice,NumSimilarHomesSold,NearbyPricePerSqFt
44263427,8514 SW 163rd Place,Miami,FL,33193,590000,SINGLE_FAMILY,1574.0,4300.0,3.0,3.0,1994.0,31,70.0,Resale,,0.0,False,,,N/A,590000,3,9,0,25.68638,-80.45797,False,1.0,599692.0,8,262.6385198817797
60797485,15605 SW 74th Circle Dr APT 15,Miami,FL,33193,375000,CONDO,1000.0,,2.0,2.0,1986.0,39,300.0,Updated/Remodeled,,0.0,False,,,N/A,375000,3,7,0,25.696745,-80.44587,False,2.0,273628.5714285714,7,266.0311688311688
70772726,250 NW 23rd St UNIT 212,Miami,FL,33127,785000,CONDO,1463.0,,0.0,1.0,2005.0,20,625.0,"Updated/Remodeled,New Construction",,1.0,True,True,,N/A,785000,3,3,0,25.799297,-80.19985,False,5.0,668737.5,8,570.18294058215
43837854,511 SW 15th Ave,Miami,FL,33135,965000,MULTI_FAMILY,2245.0,,4.0,3.0,1954.0,71,,,,,False,,,N/A,965000,3,3,0,25.768248,-80.21929,False,1.0,536400.0,2,449.2740174672489
43998785,6130 SW 63rd Ave,South Miami,FL,33143,1100000,SINGLE_FAMILY,1488.0,10035.0,3.0,2.0,1955.0,70,,,,0.0,False,,,N/A,1100000,3,8,0,25.71364,-80.296394,False,,1167514.2857142857,7,637.9708614664818
44179883,1917 SW 107th Ave APT 702,Miami,FL,33165,270000,TOWNHOUSE,669.0,,1.0,2.0,1983.0,42,196.0,Updated/Remodeled,Split Level,0.0,False,,,N/A,270000,3,8,0,25.751495,-80.36686,False,2.0,312500.0,7,352.60928299781216
44186441,6334 SW 23rd St,Miami,FL,33155,645000,SINGLE_FAMILY,1383.0,7500.0,3.0,2.0,1951.0,74,,,,1.0,True,,,N/A,645000,3,6,0,25.748896,-80.29816,False,,816792.5714285715,7,497.18479274339654
44189980,7435 SW 34th Ter,Miami,FL,33155,635000,SINGLE_FAMILY,1750.0,5000.0,4.0,3.0,1976.0,49,,,,0.0,False,,,N/A,635000,3,6,0,25.738207,-80.31627,False,,700216.6666666666,6,481.7769338405208
44216839,10969 SW 74th St,Miami,FL,33173,690000,SINGLE_FAMILY,1391.0,4218.0,3.0,2.0,1988.0,37,125.0,,,1.0,True,,,N/A,690000,3,7,0,25.699192,-80.37159,False,,520868.5,8,334.5824374756502
44226337,7825 SW 53rd Ct,Miami,FL,33143,2030000,SINGLE_FAMILY,2596.0,10000.0,3.0,3.0,1958.0,67,,,,2.0,True,,,N/A,2030000,3,10,0,25.698635,-80.27944,False,,1735016.6666666667,6,999.625600045326
44246119,15363 SW 42nd Ter,Miami,FL,33185,680000,SINGLE_FAMILY,1639.0,6250.0,3.0,2.0,1993.0,32,144.0,,,2.0,True,True,,N/A,680000,3,8,0,25.727766,-80.442955,False,,648699.75,8,351.22781610182335
82060941,1800 N Bayshore Dr APT 2501,Miami,FL,33132,1300000,CONDO,2189.0,,3.0,3.0,2007.0,18,1699.0,,,1.0,True,,,N/A,1300000,3,6,0,25.79391,-80.186615,False,42.0,525861.1111111111,9,337.05305904879174
247652390,2900 NE 7th Ave UNIT 2601,Miami,FL,33137,820000,CONDO,1060.0,,2.0,3.0,2017.0,8,1554.0,,,2.0,True,,,N/A,820000,3,4,0,25.805016,-80.18594,False,51.0,2159077.777777778,9,801.8706199945228
247679746,68 SE 6th St #2905,Miami,FL,33130,739000,CONDO,879.0,,1.0,2.0,2016.0,9,1432.0,,,1.0,True,,,N/A,739000,3,7,0,25.768232,-80.192375,False,43.0,1201166.6666666667,9,854.3245017918956
337201500,3400 SW 27th Ave APT 1602,Miami,FL,33133,3200000,CONDO,2114.0,,2.0,3.0,2001.0,24,3812.0,Updated/Remodeled,,1.0,True,,,N/A,3200000,3,9,0,25.729664,-80.23781,False,22.0,3167944.4444444445,9,1324.2448029533161
442325038,3900 Biscayne Blvd #S-612,Miami,FL,33137,815000,CONDO,1062.0,,2.0,2.0,2019.0,6,1352.0,,,1.0,True,,,N/A,815000,3,7,0,25.81385,-80.18954,False,12.0,660338.8888888889,9,805.4382763755904
448312181,5077 Nw NW 7th Street #1016,Miami,FL,33126,560000,CONDO,685.0,0.0,1.0,1.0,2003.0,22,429.0,Resale,,2.0,True,,,N/A,560000,3,5,0,25.779783,-80.27731,False,18.0,331850.0,6,399.317589058931
2054685869,3900 Biscayne Blvd #S-610,Miami,FL,33137,585000,CONDO,795.0,,1.0,1.0,2019.0,6,1352.0,,,1.0,True,,,N/A,585000,3,7,0,25.81385,-80.18954,False,12.0,660338.8888888889,9,805.4382763755904
43812098,4725 NW 16th Ave,Miami,FL,33142,539900,SINGLE_FAMILY,1375.0,5250.0,4.0,3.0,1963.0,62,,Completely Renovated,,0.0,False,,,N/A,539900,3,5,1,25.818592,-80.22325,False,,428700.0,4,343.89379919770386
43828200,7801 NE 4th Ct APT 103,Miami,FL,33138,185000,CONDO,746.0,,1.0,2.0,1973.0,52,570.0,,,1.0,True,,,N/A,185000,3,7,1,25.846975,-80.187904,False,6.0,210142.85714285713,7,239.6438366177315
43838596,2132 NW 2nd St,Miami,FL,33125,650000,SINGLE_FAMILY,1230.0,5355.0,3.0,2.0,1924.0,101,,Completely Renovated,,0.0,False,,,N/A,650000,3,6,1,25.77528,-80.22985,False,,477133.3333333333,3,341.9303265295632
43854788,2185 SW 26th St,Miami,FL,33133,740000,SINGLE_FAMILY,1143.0,6000.0,2.0,1.0,1951.0,74,,,,1.0,True,,,N/A,740000,3,6,1,25.744211,-80.22947,False,,845000.0,5,589.5151658705404
43858656,2662 SW 32nd Ct,Miami,FL,33133,1865000,SINGLE_FAMILY,2595.0,6000.0,3.0,5.0,2024.0,1,,New Construction,Other,0.0,False,,,N/A,1865000,3,6,1,25.742064,-80.24717,False,,962900.0,1,401.7104714226116
43873347,888 Brickell Key Dr APT 1908,Miami,FL,33131,1050000,CONDO,1640.0,,2.0,3.0,1995.0,30,1584.0,,,2.0,True,,,N/A,1050000,3,7,1,25.769243,-80.184875,False,35.0,1171672.2222222222,9,600.0561427914926
43998238,6221 SW 58th St,South Miami,FL,33143,1000000,SINGLE_FAMILY,1704.0,9000.0,3.0,2.0,1984.0,41,,,,0.0,False,,,N/A,1000000,3,8,1,25.716864,-80.29467,False,,1257375.0,8,659.6325177817969
44211172,7020 SW 95th Ct,Miami,FL,33173,1130000,SINGLE_FAMILY,2167.0,0.28057851239669,4.0,3.0,1980.0,45,,,,2.0,True,True,,N/A,1130000,3,9,1,25.703083,-80.34895,False,,1230057.142857143,7,485.1471961156445
44229366,240 SW 136th Pl,Miami,FL,33184,860000,SINGLE_FAMILY,2860.0,10875.0,4.0,2.0,1985.0,40,,,,2.0,True,True,,N/A,860000,3,9,1,25.76475,-80.41656,False,,881662.5,8,397.24447525259995
44248815,14473 SW 50th Ln,Miami,FL,33175,515000,TOWNHOUSE,1340.0,,3.0,2.0,1990.0,35,30.0,,,0.0,False,,,N/A,515000,3,10,1,25.717506,-80.42802,False,1.0,496425.0,8,384.25768265577153
44278169,10802 N Kendall Dr #P5,Miami,FL,33176,269000,CONDO,955.0,,2.0,2.0,1968.0,57,503.0,,,1.0,True,,,N/A,269000,3,9,1,25.685253,-80.36757,False,2.0,170971.25,8,272.13405902222206
44295590,9710 Colonial Dr,Miami,FL,33157,570000,SINGLE_FAMILY,1224.0,9735.0,3.0,2.0,1959.0,66,,,,0.0,False,,,N/A,570000,3,6,1,25.62034,-80.34939,False,,613812.5,8,416.9014413974848
44329479,15006 SW 141st Ct,Miami,FL,33186,625000,SINGLE_FAMILY,1958.0,4913.0,3.0,2.0,1980.0,45,210.0,,,1.0,True,True,,N/A,625000,3,9,1,25.62768,-80.421684,False,,565941.625,8,324.66913043516786
44338396,15028 SW 173rd Ter,Miami,FL,33187,770500,SINGLE_FAMILY,2188.0,9343.0,4.0,2.0,1998.0,27,,,,2.0,True,True,,N/A,770500,3,7,1,25.605524,-80.43652,False,,652471.4285714285,7,365.2915488947153
44360219,19050 SW 119th Ave,Miami,FL,33177,605000,SINGLE_FAMILY,1664.0,8000.0,4.0,2.0,1977.0,48,,,,0.0,False,,,N/A,605000,3,5,1,25.589935,-80.38513,False,,557569.125,8,304.8534760716526
44361609,13841 SW 192nd St,Miami,FL,33177,2200000,SINGLE_FAMILY,2974.0,5.05,4.0,3.0,1997.0,28,,,,2.0,True,True,,N/A,2200000,3,5,1,25.588346,-80.415565,False,,1202671.4285714286,7,548.2600309287928
64467317,750 NE 64th St APT B212,Miami,FL,33138,365000,CONDO,926.0,,2.0,2.0,1972.0,53,1071.0,,,2.0,True,,,N/A,365000,3,7,1,25.834473,-80.1812,True,6.0,328249.875,8,400.70482117560357
70780329,6001 SW 70th St APT 229,South Miami,FL,33143,3590,APARTMENT,1164.0,,3.0,2.0,2004.0,21,,,,,False,,,N/A,415000,3,9,0,25.7065,-80.29129,True,,1650.0,1,4.852941176470588
70780365,6001 SW 70th St APT 636,South Miami,FL,33143,2850,APARTMENT,1010.0,,2.0,2.0,2004.0,21,,,,,False,,,N/A,389000,3,9,0,25.7065,-80.29129,True,,1650.0,1,4.852941176470588
70780436,6001 SW 70th St APT 251,South Miami,FL,33143,3590,APARTMENT,1164.0,,3.0,2.0,2004.0,21,,,,,False,,,N/A,408000,3,9,0,25.7065,-80.29129,True,,1650.0,1,4.852941176470588
72167884,480 NE 30th St APT 802,Miami,FL,33137,400000,CONDO,828.0,,1.0,2.0,2006.0,19,787.0,,,1.0,True,,,N/A,400000,3,4,1,25.805193,-80.186935,False,22.0,349314.28571428574,7,293.94930171850655
92437816,495 Brickell Ave #BAY707,Miami,FL,33131,1160000,CONDO,1390.0,,2.0,2.0,2009.0,16,1480.0,,,1.0,True,,,N/A,1160000,3,7,1,25.768353,-80.188675,False,57.0,957000.0,9,790.7990848208993
340734325,700 NE 26th Ter #3003/04,Miami,FL,33137,2800000,CONDO,2456.0,,2.0,3.0,2023.0,2,4165.0,New Construction,,2.0,True,,,N/A,2800000,3,6,1,25.802013,-80.185776,False,57.0,2064333.3333333333,6,1149.8572581567887
443956216,12135 Bird Rd,Miami,FL,33175,733000,SINGLE_FAMILY,1858.0,8231.0,5.0,3.0,1962.0,63,,,,0.0,False,,,N/A,733000,3,9,1,25.730198,-80.3913,False,,658225.0,8,376.7848254649314
2056963348,79 SW 12th St #UPH4007,Miami,FL,33130,715000,CONDO,1108.0,,2.0,2.0,2008.0,17,1304.0,,,2.0,True,,,N/A,715000,3,7,1,25.76265,-80.19476,False,40.0,431594.44444444444,9,396.2214110106431
2077582649,848 Brickell Key Dr #LPH4405,Miami,FL,33131,3300000,CONDO,2767.0,,3.0,4.0,2001.0,24,2900.0,"Updated/Remodeled,Completely Renovated",,2.0,True,,,N/A,3300000,3,7,1,25.769434,-80.18332,False,46.0,716883.3333333334,9,422.242026811655
44202760,10411 SW 51st St,Miami,FL,33165,740000,SINGLE_FAMILY,1644.0,7500.0,4.0,3.0,1959.0,66,,New Construction,,4.0,True,,,N/A,740000,3,9,3,25.7201,-80.364075,False,,636775.0,8,438.2498255855258
43810837,1610 NW 53rd St,Miami,FL,33142,570000,SINGLE_FAMILY,2165.0,5000.0,4.0,3.0,1947.0,78,,,,0.0,False,,,N/A,570000,3,5,4,25.823437,-80.22391,False,,390875.0,4,356.2534600084181
43811253,1601 NW 56th St,Miami,FL,33142,475000,SINGLE_FAMILY,1175.0,5250.0,3.0,2.0,1949.0,76,,,,0.0,False,,,N/A,475000,3,5,4,25.826889,-80.22391,False,,413437.5,8,294.8469411264302
43814908,234 NW 45th St,Miami,FL,33127,675000,SINGLE_FAMILY,948.0,5400.0,2.0,1.0,1941.0,84,,,,1.0,True,,,N/A,675000,3,6,4,25.816757,-80.20045,False,,572933.1428571428,7,448.93526091617787
43816558,1144 NW 30th St,Miami,FL,33127,625000,MULTI_FAMILY,1426.0,,4.0,2.0,1953.0,72,,,,,False,,,N/A,625000,3,3,4,25.80476,-80.21431,False,1.0,639975.0,4,879.8016486219512
43830279,221 NE 48th St,Miami,FL,33137,850000,SINGLE_FAMILY,1007.0,6500.0,2.0,1.0,1945.0,80,,,,1.0,True,,,N/A,850000,3,5,4,25.819456,-80.190994,False,,936037.5,8,599.6553206315045
43846434,4770 SW 4th St,Miami,FL,33134,585000,SINGLE_FAMILY,935.0,5250.0,3.0,1.0,1951.0,74,,,,4.0,True,,,N/A,585000,3,6,4,25.767561,-80.27315,False,,618212.5,8,434.00986478670825
43997231,5191 SW 67th Ave,South Miami,FL,33155,715000,SINGLE_FAMILY,1685.0,0.27954545454545,3.0,2.0,1949.0,76,,,,1.0,True,,,N/A,715000,3,8,4,25.722332,-80.30213,False,,960942.8571428572,7,632.8902592198665
44204417,9601 SW 45th St,Miami,FL,33165,500000,SINGLE_FAMILY,1300.0,7904.0,2.0,1.0,1958.0,67,,As Is,,2.0,True,,,N/A,500000,3,8,4,25.726528,-80.350494,False,,682987.5,8,370.7722300375484
44215461,10901 SW 88th St APT 211,Miami,FL,33176,212000,CONDO,930.0,,1.0,2.0,1970.0,55,374.0,New Construction,,0.0,False,,,N/A,212000,3,9,4,25.687042,-80.370125,False,2.0,265171.4285714286,7,265.94618684180824
44218446,10477 SW 80th St,Miami,FL,33173,540000,TOWNHOUSE,1966.0,,3.0,3.0,1972.0,53,235.0,,,0.0,False,,,N/A,540000,3,7,4,25.694437,-80.36263,False,2.0,533842.8571428572,7,308.3186616706453
44223913,7890 SW 86th St APT 9,Miami,FL,33143,570000,TOWNHOUSE,1430.0,,2.0,3.0,1981.0,44,673.0,,,0.0,False,,,N/A,570000,3,7,4,25.689692,-80.32077,False,2.0,604000.0,1,335.55555555555554
44284045,10220 SW 82nd Ave,Miami,FL,33156,1260000,SINGLE_FAMILY,2052.0,0.34435261707989,3.0,3.0,1961.0,64,,,,2.0,True,True,,N/A,1260000,3,7,4,25.674932,-80.32734,False,,1209862.5,8,582.4582895999149
44355165,22332 SW 103rd Ct,Miami,FL,33190,340000,TOWNHOUSE,1458.0,,2.0,3.0,1974.0,51,200.0,,,0.0,False,,,N/A,340000,3,5,4,25.559927,-80.358925,False,2.0,336100.0,5,231.08350480109738
44360731,19644 SW 123rd Avenue,Miami,FL,33177,550000,SINGLE_FAMILY,1125.0,4666.0,4.0,3.0,1986.0,39,,Resale,Traditional,0.0,False,,,N/A,550000,3,5,4,25.583794,-80.39134,False,1.0,491037.5,8,368.8337821608684
58456007,21251 SW 187th Ave,Miami,FL,33187,760000,SINGLE_FAMILY,1834.0,0.88000459136823,4.0,2.0,2002.0,23,,,,2.0,True,,,N/A,760000,3,5,4,25.568066,-80.494095,False,,901875.0,8,397.3454342952575
63620900,16617 SW 81st Ter,Miami,FL,33193,708000,SINGLE_FAMILY,2320.0,7000.0,4.0,2.0,2004.0,21,,,,2.0,True,,,N/A,708000,3,7,4,25.69019,-80.46129,False,,772565.0,7,292.1655867011787
64506589,16361 SW 53rd Ter,Miami,FL,33185,1150000,SINGLE_FAMILY,3386.0,6600.0,6.0,5.0,2006.0,19,,,,2.0,True,True,,N/A,1150000,3,9,4,25.7155,-80.458534,False,,711074.3333333334,6,292.135080546426
64591344,2630 SW 28th St SUITE 36,Miami,FL,33133,355000,CONDO,870.0,,1.0,1.0,2004.0,21,533.0,,,0.0,False,,,N/A,355000,3,9,4,25.739008,-80.23692,False,4.0,211531.25,8,395.1883402399485
64637548,1331 Brickell Bay Dr APT 3211,Miami,FL,33131,4500000,CONDO,3415.0,,4.0,5.0,2004.0,21,4728.0,,,2.0,True,,,N/A,4500000,3,7,4,25.76,-80.18916,False,45.0,1844122.2222222222,9,922.2711727881469
70775118,234 NE 3rd St APT 2205,Miami,FL,33132,270000,CONDO,685.0,,1.0,1.0,2005.0,20,825.0,,,0.0,True,,,N/A,270000,3,6,4,25.776896,-80.189705,False,21.0,382314.28571428574,7,424.97820837989684
82417292,1750 N Bayshore Dr APT 1402,Miami,FL,33132,600000,CONDO,1048.0,,2.0,2.0,2007.0,18,2062.0,,,1.0,True,,,N/A,600000,3,6,4,25.79251,-80.187126,False,56.0,307811.22222222225,9,423.4300482810106
156234751,7225 SW 79th Ter,Miami,FL,33143,4075000,SINGLE_FAMILY,4599.0,0.75599173553719,5.0,4.0,2016.0,9,140.0,,,2.0,True,True,,N/A,4075000,3,9,4,25.696886,-80.31019,False,,2558516.6666666665,6,804.9778388310392
247652765,151 SE 1st St APT 410,Miami,FL,33131,299999,CONDO,607.0,,1.0,1.0,2016.0,9,712.0,,,0.0,False,,,N/A,299999,3,6,4,25.773546,-80.190674,False,24.0,383333.3333333333,9,683.53980495124
306395078,801 S Miami Ave #610,Miami,FL,33130,565000,CONDO,626.0,,0.0,1.0,2018.0,7,1542.0,,,1.0,True,,,N/A,565000,3,7,4,25.76599,-80.1931,False,25.0,867833.3333333334,9,769.9862133669168
351814409,700 NE 26th Ter #4003,Miami,FL,33137,4025000,CONDO,3788.0,,4.0,6.0,2020.0,5,5198.0,Under Construction,,2.0,True,,,N/A,4025000,3,6,4,25.802013,-80.185776,False,57.0,2169428.5714285714,7,1148.4583850743622
443350115,1085-1087 NW 52nd St,Miami,FL,33127,550000,MULTI_FAMILY,1470.0,,3.0,2.0,1951.0,74,,"Completely Renovated,Updated/Remodeled",,,False,,,N/A,550000,3,5,4,25.823162,-80.21376,False,1.0,626533.3333333334,3,1028.9217929380827
448325410,12753 SW 69th Ter #12753,Miami,FL,33183,315000,TOWNHOUSE,1183.0,,3.0,2.0,1979.0,46,231.0,,,0.0,False,,,N/A,315000,3,8,4,25.702753,-80.40033,False,1.0,437587.5,8,345.99016475821736
449960204,1203 SW 23rd St,Miami,FL,33145,1495000,TOWNHOUSE,2400.0,,4.0,3.0,2024.0,1,,New Construction,,1.0,True,,,N/A,1495000,3,7,4,25.74965,-80.21419,False,3.0,,0,
2085738468,2935 SW 30th Ct #B,Miami,FL,33133,2400000,TOWNHOUSE,2936.0,,4.0,4.0,2019.0,6,667.0,,,1.0,True,True,,N/A,2400000,3,9,4,25.73649,-80.24231,False,2.0,639588.5,2,356.53685763464733
2089042821,3147 SW 18th St,Miami,FL,33145,830000,MULTI_FAMILY,2031.0,,3.0,3.0,1959.0,66,,,,,False,,,N/A,830000,3,9,4,25.755049,-80.2456,False,1.0,728700.0,1,339.87873134328356
43826769,631 NW 10th St,Miami,FL,33136,350000,TOWNHOUSE,1344.0,,3.0,2.0,1977.0,48,,,,0.0,False,,,N/A,350000,3,6,5,25.783722,-80.20605,True,2.0,300100.0,8,454.4251061705358
43827487,930 NE 74th St,Miami,FL,33138,5200000,SINGLE_FAMILY,4665.0,9558.0,5.0,6.0,2024.0,1,,New Construction,,2.0,True,True,,N/A,5200000,3,7,5,25.843267,-80.17738,False,,1639528.5714285714,7,827.7037295079333
43865285,545 SW 29th Rd,Miami,FL,33129,3450000,SINGLE_FAMILY,3534.0,9800.0,5.0,6.0,1993.0,32,,,,0.0,False,True,,N/A,3450000,3,7,5,25.756731,-80.21289,False,,1986771.4285714286,7,668.1277077795149
44200741,11070 SW 50th Ter,Miami,FL,33165,657000,SINGLE_FAMILY,1501.0,8470.0,3.0,2.0,1971.0,54,,,,0.0,False,,,N/A,657000,3,7,5,25.719904,-80.3737,False,,687528.5714285715,7,426.37178303656094
44201840,5440 SW 99th Ave,Miami,FL,33165,617100,SINGLE_FAMILY,1406.0,10353.0,3.0,2.0,1953.0,72,,,,0.0,False,,,N/A,617100,3,9,5,25.716988,-80.354904,False,,626828.5714285715,7,521.2217929977784
44208929,7581 SW 57th Ter,Miami,FL,33143,1295000,SINGLE_FAMILY,3276.0,0.38544536271809,3.0,3.0,1954.0,71,,,,2.0,True,True,,N/A,1295000,3,8,5,25.716705,-80.31746,False,,1512900.0,8,643.0626670607893
44210066,8930 SW 68th St,Miami,FL,33173,980000,SINGLE_FAMILY,3149.0,0.27807621671258,5.0,4.0,1992.0,33,,,,2.0,True,True,,N/A,980000,3,9,5,25.705452,-80.33899,False,,1382400.0,6,451.50307542299294
44211489,10331 SW 62nd St,Miami,FL,33173,5000000,SINGLE_FAMILY,5868.0,1.13,7.0,7.0,2023.0,2,,,,3.0,True,True,,N/A,5000000,3,9,5,25.710623,-80.36142,False,,1934287.5,8,123219.10053765678
44265389,15675 SW 84th Ter APT 906,Miami,FL,33193,415000,CONDO,1484.0,,3.0,3.0,1980.0,45,762.0,,,0.0,False,,,N/A,415000,3,9,5,25.687737,-80.44518,False,2.0,332033.3333333333,3,232.861193809989
44271207,14501 N Kendall Dr #411H,Miami,FL,33183,205000,CONDO,614.0,,1.0,1.0,1974.0,51,423.0,,,0.0,False,,,N/A,205000,3,9,5,25.686008,-80.42764,False,4.0,240437.5,8,315.84133478475826
44341455,14061 SW 178th St,Miami,FL,33177,445000,TOWNHOUSE,1319.0,,3.0,3.0,1999.0,26,150.0,,,0.0,False,,,N/A,445000,3,7,5,25.60195,-80.42088,False,2.0,416664.28571428574,7,298.2413636253072
58455028,6445 SW 164th Ave,Miami,FL,33193,850000,SINGLE_FAMILY,2847.0,6000.0,4.0,3.0,2002.0,23,40.0,,,2.0,True,,,N/A,850000,3,9,5,25.705156,-80.45859,False,,826485.7142857143,7,304.1732812347328
62931821,12426 SW 124th Ter,Miami,FL,33186,490000,TOWNHOUSE,1602.0,,3.0,3.0,2004.0,21,306.0,,,1.0,True,,,N/A,490000,3,8,5,25.652462,-80.39609,False,2.0,514300.0,2,317.06270072959353
64525433,7348 SW 82nd St APT C217,Miami,FL,33143,210000,CONDO,730.0,,2.0,1.0,1968.0,57,597.0,Updated/Remodeled,,1.0,True,,,N/A,210000,3,9,5,25.692766,-80.312996,False,2.0,174641.66666666666,6,228.79602549681286
70773862,601 NE 36th St APT 2406,Miami,FL,33137,595000,CONDO,1158.0,,2.0,3.0,2005.0,20,1645.0,,,1.0,True,,,N/A,595000,3,4,5,25.811113,-80.18624,False,36.0,467225.0,8,437.71633684975757
81949941,50 Biscayne Blvd APT 4106,Miami,FL,33132,550000,CONDO,1322.0,,2.0,2.0,2007.0,18,1598.0,,,1.0,True,,,N/A,550000,3,6,5,25.775002,-80.18799,True,54.0,543393.75,8,488.3305602613443
87938188,888 Biscayne Blvd APT 1804,Miami,FL,33132,5500,APARTMENT,1208.0,,2.0,2.0,,N/A,,,,,False,,,N/A,790000,3,6,0,25.782686,-80.18983,False,,5742.5,8,4.38343468817207
119407078,2020 N Bayshore Dr APT 2602,Miami,FL,33137,2050000,CONDO,2201.0,,3.0,4.0,2010.0,15,3025.0,,,1.0,True,,,N/A,2050000,3,6,5,25.796682,-80.18767,False,47.0,1491444.4444444445,9,946.0666746401104
247680561,1080 Brickell Ave UNIT 2507,Miami,FL,33131,567000,CONDO,748.0,,1.0,1.0,2016.0,9,1158.0,,,1.0,True,,,N/A,567000,3,7,5,25.762798,-80.19265,False,43.0,898444.4444444445,9,756.8394533746658
247680580,1451 Brickell Ave UNIT 2002,Miami,FL,33131,880000,CONDO,777.0,,1.0,2.0,2017.0,8,1933.0,,,1.0,True,,,N/A,880000,3,7,6,25.75814,-80.19243,False,57.0,1956500.0,9,1290.403642735999
248839401,121 NE 34th St #L602,Miami,FL,33137,3700,CONDO,684.0,,1.0,1.0,2018.0,7,,,,,False,,,N/A,455000,3,4,0,25.808521,-80.19249,True,,4383.333333333333,3,4.446567933807473
248958292,801 S Miami Ave UNIT 3607,Miami,FL,33130,4900,CONDO,866.0,,1.0,2.0,2018.0,7,,,,,False,,,N/A,620206,3,7,4,25.76614,-80.19291,True,,9175.0,2,5.654057650363017
308907417,1600 NE 1st Ave APT 1509,Miami,FL,33132,530000,CONDO,878.0,,2.0,2.0,2018.0,7,875.0,,,1.0,True,,,N/A,530000,3,6,6,25.791193,-80.19258,False,37.0,495928.5714285714,7,560.579697136893
43806722,7612 NW 4th Ave,Miami,FL,33150,420000,MULTI_FAMILY,1600.0,,,,1934.0,91,,,,,False,,,N/A,420000,3,5,7,25.84464,-80.2038,False,1.0,468820.0,5,515.2781102900931
43815006,4101 NW 3rd Ave,Miami,FL,33127,590000,SINGLE_FAMILY,1106.0,5400.0,3.0,2.0,1950.0,75,,,,0.0,False,,,N/A,590000,3,4,7,25.81419,-80.201385,False,,702100.0,6,492.55258666513714
43828927,446 NE 65th St,Miami,FL,33138,570000,SINGLE_FAMILY,736.0,6250.0,3.0,2.0,1924.0,101,,Fixer,,0.0,False,,,N/A,570000,3,7,7,25.835546,-80.187004,False,,,0,
43843881,3910 SW 2nd St,Miami,FL,33134,730000,SINGLE_FAMILY,1811.0,9660.0,3.0,2.0,1940.0,85,,,Other,0.0,False,,,N/A,730000,3,6,7,25.770159,-80.25995,False,,762914.2857142857,7,530.3684795406798
43848776,3069 SW 21st St,Miami,FL,33145,797000,SINGLE_FAMILY,1442.0,5000.0,3.0,3.0,1938.0,87,,,,0.0,False,,,N/A,797000,3,6,7,25.751896,-80.24371,False,,708750.0,4,470.1201788981631
43863762,4288 S Douglas Rd,Miami,FL,33133,6325000,SINGLE_FAMILY,6442.0,0.37573461891644,6.0,5.0,1926.0,99,,,,0.0,False,True,,N/A,6325000,3,9,7,25.711208,-80.25321,False,,4863066.666666667,6,1192.371657074376
44200031,11251 SW 48th St,Miami,FL,33165,840000,SINGLE_FAMILY,2218.0,9000.0,4.0,3.0,1957.0,68,,,,0.0,False,True,,N/A,840000,3,7,7,25.722334,-80.37663,False,,686071.4285714285,7,501.6839498344564
44205346,8340 SW 44th St,Miami,FL,33155,545000,SINGLE_FAMILY,1312.0,6300.0,4.0,3.0,1959.0,66,,,,0.0,False,,,N/A,545000,3,7,7,25.72767,-80.33021,False,,643262.5,8,391.76224850963615
44207653,5830 SW 42nd Ter,Miami,FL,33155,825000,SINGLE_FAMILY,1480.0,7300.0,2.0,2.0,1930.0,95,,"Updated/Remodeled,Fixer",,0.0,False,,,N/A,825000,3,9,7,25.73137,-80.28921,False,,969840.0,5,499.51104151156426
44265605,8460 SW 154th Circle Ct APT 133,Miami,FL,33193,300000,CONDO,965.0,,3.0,2.0,1980.0,45,406.0,,,1.0,True,,,N/A,300000,3,9,7,25.687239,-80.44348,False,3.0,274429.14285714284,7,250.69572602294434
44274971,8240 SW 96th St,Miami,FL,33156,890000,SINGLE_FAMILY,1760.0,0.38406795224977,3.0,2.0,1960.0,65,,,Ranch,0.0,False,,,N/A,890000,3,7,7,25.680767,-80.32822,False,,1085929.5,8,551.8495927588323
44278089,10740 N Kendall Dr APT L13,Miami,FL,33176,206000,CONDO,709.0,,1.0,1.0,1968.0,57,378.0,Fixer,,1.0,True,,,N/A,206000,3,9,7,25.685253,-80.36757,False,2.0,170971.25,8,272.13405902222206
44284805,12155 SW 89th Ave,Miami,FL,33176,4145000,SINGLE_FAMILY,5323.0,0.96000918273646,5.0,5.0,2008.0,17,,,Mediterranean,3.0,True,True,,N/A,4145000,3,10,7,25.656876,-80.33818,False,,1894528.5714285714,7,570.3138347709335
44336250,15510 SW 152nd Ter,Miami,FL,33187,800000,SINGLE_FAMILY,1705.0,0.28388429752066,4.0,3.0,1984.0,41,,,,1.0,True,True,,N/A,800000,3,9,7,25.624584,-80.44437,False,,772987.5,8,365.45938401124613
44339634,16915 SW 142nd Pl,Miami,FL,33177,570000,SINGLE_FAMILY,1593.0,3979.0,3.0,3.0,1994.0,31,43.0,,,2.0,True,,,N/A,570000,3,7,7,25.61055,-80.4194,False,,557427.25,8,360.6422051351078
44340708,17557 SW 142nd Ct,Miami,FL,33177,528000,SINGLE_FAMILY,1494.0,3884.0,3.0,2.0,1997.0,28,42.0,,,1.0,True,,,N/A,528000,3,7,7,25.60464,-80.42208,False,,564237.5,8,401.3380444208888
44342980,11770 SW 171st Ter,Miami,FL,33177,500000,SINGLE_FAMILY,986.0,7500.0,4.0,2.0,1961.0,64,,,,0.0,False,,,N/A,500000,3,5,7,25.608997,-80.383224,False,,531260.0,5,388.175890235705
54697056,14069 SW 160th Ct,Miami,FL,33196,650000,SINGLE_FAMILY,1488.0,6000.0,3.0,2.0,2005.0,20,,Updated/Remodeled,,2.0,True,,,N/A,650000,3,9,7,25.635773,-80.453865,False,,728612.5,8,322.6484814784985
62923397,437 SW 7th St APT 205,Miami,FL,33130,1895,CONDO,605.0,,1.0,1.0,2002.0,23,,,,,False,,,N/A,302500,3,3,2,25.767433,-80.201645,False,,,0,
62926663,801 Brickell Key Blvd APT 2808,Miami,FL,33131,1087500,CONDO,1626.0,,2.0,3.0,2002.0,23,1701.0,,,2.0,True,,,N/A,1087500,3,7,7,25.768423,-80.1867,False,33.0,635738.8888888889,9,420.8403134789352
64842328,1331 Brickell Bay Dr APT 2503,Miami,FL,33131,1640000,CONDO,1730.0,,2.0,3.0,2004.0,21,3823.0,,,1.0,True,,,N/A,1640000,3,7,7,25.76,-80.18916,False,49.0,1844122.2222222222,9,922.2711727881469
92436533,55 SE 6th St APT 2002,Miami,FL,33131,595000,CONDO,1123.0,,2.0,2.0,2008.0,17,1523.0,,,1.0,True,,,N/A,595000,3,7,7,25.768448,-80.191345,False,43.0,285066.6666666667,9,340.5585281201733
92450243,90 SW 3rd St APT 3308,Miami,FL,33130,555000,CONDO,1079.0,,2.0,2.0,2008.0,17,1152.0,,,2.0,True,,,N/A,555000,3,6,7,25.770365,-80.19521,False,42.0,777666.6666666666,6,548.7480686416703
121344389,4301 SW 164th Ct,Miami,FL,33185,768000,SINGLE_FAMILY,2640.0,5940.0,4.0,3.0,2012.0,13,50.0,,,2.0,True,,,N/A,768000,3,8,7,25.725607,-80.4598,False,,833960.0,5,323.810274931802
162032001,15909 SW 136th Way,Miami,FL,33196,749990,SINGLE_FAMILY,1977.0,5170.0,3.0,3.0,2015.0,10,90.0,,,1.0,True,,,N/A,749990,3,9,7,25.638895,-80.45201,False,,813062.5,8,326.62646765605666
442664156,1000 Brickell Plz #PENTHOUSE 5002,Miami,FL,33131,3286000,CONDO,2342.0,,3.0,4.0,2019.0,6,3546.0,,,3.0,True,,,N/A,3286000,3,7,7,25.764265,-80.192726,False,64.0,973555.5555555555,9,850.5887599879557
446736634,7785 SW 86th St #E-315,Miami,FL,33143,270000,CONDO,1075.0,,2.0,2.0,1969.0,56,676.0,,,2.0,True,,,N/A,270000,3,7,7,25.691092,-80.319336,False,4.0,243866.55555555556,9,279.49310084726443
43827654,7601 NE 9th Ave,Miami,FL,33138,3500000,SINGLE_FAMILY,2197.0,0.34435261707989,3.0,2.0,1969.0,56,,,,2.0,True,True,,N/A,3500000,3,7,8,25.844427,-80.177765,False,,4230325.0,8,1233.0482208212736
43839784,2827 SW 2nd St,Miami,FL,33135,560000,SINGLE_FAMILY,1080.0,7500.0,3.0,1.0,1939.0,86,,,,0.0,False,,,N/A,560000,3,6,8,25.770557,-80.24093,False,,609925.0,4,479.69993311789904
43851180,2112 SW 17th St,Miami,FL,33145,760000,SINGLE_FAMILY,2030.0,5450.0,3.0,2.0,1926.0,99,,,Old Spanish,0.0,False,,,N/A,760000,3,7,8,25.756504,-80.228615,False,,875420.0,5,530.303346535075
43851553,1981 SW 18th Ave,Miami,FL,33145,775000,SINGLE_FAMILY,1207.0,7200.0,2.0,2.0,1951.0,74,,,,1.0,True,,,N/A,775000,3,7,8,25.753021,-80.22436,False,,872575.0,4,586.6293932808326
44177936,10071 SW 16th St,Miami,FL,33165,689000,SINGLE_FAMILY,1880.0,8000.0,3.0,2.0,1962.0,63,,,Ranch,0.0,False,True,,N/A,689000,3,8,8,25.7546,-80.35954,False,,761950.0,8,439.5518152682484
44180036,1801 SW 107th Ave APT 2502,Miami,FL,33165,275000,TOWNHOUSE,669.0,,1.0,2.0,1984.0,41,169.0,,,0.0,False,,,N/A,275000,3,8,8,25.752039,-80.367546,False,2.0,343833.3333333333,3,389.25169718416714
44221448,8320 SW 83rd St,Miami,FL,33143,1620000,SINGLE_FAMILY,2809.0,0.29843893480257,4.0,3.0,1976.0,49,50.0,,,2.0,True,True,,N/A,1620000,3,7,8,25.69237,-80.32878,False,,1269683.3333333333,6,511.8048745680068
44234840,1251 SW 124th Ct #23-A,Miami,FL,33184,425000,TOWNHOUSE,1640.0,,2.0,3.0,1981.0,44,434.0,,,0.0,False,,,N/A,425000,3,9,8,25.755766,-80.39661,False,2.0,430371.4285714286,7,268.7036265548991
44261714,7121 SW 158th Ct,Miami,FL,33193,500000,TOWNHOUSE,1848.0,,3.0,3.0,1996.0,29,106.0,,,1.0,True,,,N/A,500000,3,7,8,25.699636,-80.4487,False,2.0,455600.0,5,256.9404994877662
44295543,9650 SW 163rd St,Miami,FL,33157,505000,SINGLE_FAMILY,1364.0,9435.0,3.0,2.0,1959.0,66,,,,0.0,False,,,N/A,505000,3,6,8,25.618315,-80.34955,False,,552687.5,8,387.7385972713392
44334256,15901 SW 143rd Ave,Miami,FL,33177,678000,SINGLE_FAMILY,1574.0,5100.0,4.0,3.0,1993.0,32,,Completely Renovated,,0.0,False,,,N/A,678000,3,9,8,25.61985,-80.42312,False,,531745.375,8,357.2967510479309
63831104,3000 Coral Way APT 1116,Miami,FL,33145,485000,CONDO,1052.0,,2.0,2.0,2003.0,22,931.0,,,2.0,True,,,N/A,485000,3,6,8,25.75003,-80.24218,False,16.0,293100.0,9,309.3696624667193
64946168,7660 SW 82nd St APT H110,Miami,FL,33143,220000,CONDO,730.0,,2.0,1.0,1968.0,57,592.0,,,0.0,False,,,N/A,220000,3,9,8,25.692797,-80.316444,False,2.0,167112.5,8,230.47913904846075
66665907,12889 SW 135th St,Miami,FL,33186,520000,TOWNHOUSE,1758.0,,4.0,3.0,2005.0,20,139.0,,,1.0,True,,,N/A,520000,3,8,8,25.642359,-80.40255,False,2.0,485100.0,6,285.71732327200783
123863958,31 SE 6th St APT 1708,Miami,FL,33131,485000,CONDO,842.0,,2.0,2.0,2014.0,11,1404.0,,,1.0,True,,,N/A,485000,3,7,8,25.768606,-80.19189,False,45.0,259642.85714285713,7,346.9690037288381
306392688,2831 S Bayshore Dr #1008,Miami,FL,33133,1430000,CONDO,1107.0,,2.0,2.0,2018.0,7,1266.0,,,1.0,True,,,N/A,1430000,3,9,8,25.729355,-80.238556,True,22.0,1588537.5,8,1313.8332063709468
442325082,480 NE 31st St #PENTHOUSE 5002,Miami,FL,33137,14000,CONDO,1804.0,,3.0,4.0,2019.0,6,,,,,True,,,N/A,2150000,3,4,4,25.806187,-80.18718,True,,,0,
2063522580,10965 SW 70th Ter #10965,Miami,FL,33173,475000,TOWNHOUSE,1378.0,,3.0,2.0,1974.0,51,163.0,,,0.0,False,,,N/A,475000,3,7,8,25.70253,-80.371925,False,1.0,467475.0,8,328.2970193622831
2126418421,200 Biscayne Blvd Way APT 3108,Miami,FL,33131,7200,APARTMENT,1500.0,,2.0,2.0,,N/A,,,,,False,,,N/A,900000,3,6,1,25.77043,-80.189156,False,,5363.285714285715,7,4.249652126205642
43809911,1075 NW 66th St,Miami,FL,33150,435000,SINGLE_FAMILY,920.0,5300.0,3.0,2.0,1939.0,86,,Completely Renovated,,0.0,False,,,N/A,435000,3,5,9,25.835268,-80.21426,False,,368575.0,8,266.19656945290853
43813342,651 NW 49th St,Miami,FL,33127,613500,SINGLE_FAMILY,1555.0,5000.0,3.0,2.0,1955.0,70,,,,0.0,False,,,N/A,613500,3,5,9,25.820728,-80.20707,False,,395216.6666666667,6,327.4676812137606
43827621,921 NE 71st St,Miami,FL,33138,1324000,SINGLE_FAMILY,1228.0,7500.0,2.0,2.0,1950.0,75,,Updated/Remodeled,,0.0,False,True,,N/A,1324000,3,7,9,25.840702,-80.17752,False,,1415783.3333333333,6,747.3493860630956
43835679,5715 SW 2nd Ter,Miami,FL,33144,600000,SINGLE_FAMILY,1410.0,4800.0,3.0,2.0,1985.0,40,,,,0.0,False,,,N/A,600000,3,6,9,25.768799,-80.28856,False,,612640.0,5,355.4245413532784
43853117,1420 SW 17th St,Miami,FL,33145,1700000,SINGLE_FAMILY,2436.0,5450.0,4.0,4.0,1948.0,77,,New Construction,,0.0,False,,,N/A,1700000,3,7,9,25.757042,-80.218636,False,,808114.2857142857,7,478.50799391605216
43856011,3301 Crystal Ct,Miami,FL,33133,3150000,SINGLE_FAMILY,4029.0,8525.0,4.0,5.0,1924.0,101,,,,1.0,True,True,,N/A,3150000,3,9,9,25.739944,-80.22407,False,,2791650.0,8,1079.0464073342437
44000357,7400 SW 66th Ave,South Miami,FL,33143,1180100,SINGLE_FAMILY,2087.0,0.3410927456382,4.0,3.0,1980.0,45,,,,1.0,True,True,,N/A,1180000,3,9,184,25.701797,-80.30057,False,,1489650.0,8,651.6919336680162
44200161,11225 SW 50th Ter,Miami,FL,33165,750000,SINGLE_FAMILY,2073.0,7500.0,4.0,3.0,1957.0,68,,,,1.0,True,True,,N/A,750000,3,7,9,25.720278,-80.37592,False,,630687.5,8,419.8636178761954
44201686,5425 SW 97th Ct,Miami,FL,33165,1000000,SINGLE_FAMILY,2310.0,9375.0,3.0,4.0,2007.0,18,,Updated/Remodeled,,2.0,True,True,,N/A,1000000,3,9,9,25.717525,-80.35164,False,,605300.0,8,477.6811350742218
44214054,10944 SW 71st St,Miami,FL,33173,500000,TOWNHOUSE,1378.0,,3.0,2.0,1974.0,51,163.0,"Updated/Remodeled,Completely Renovated",,0.0,False,True,,N/A,500000,3,7,9,25.701704,-80.37163,False,2.0,468375.0,8,328.05903546966107
44220703,9271 SW 76th St,Miami,FL,33173,1030000,SINGLE_FAMILY,2613.0,0.28409090909091,5.0,4.0,1977.0,48,,,,0.0,False,,,N/A,1030000,3,9,9,25.698586,-80.34358,False,,921150.0,6,469.4013450490179
44239600,2801 SW 117th Ct,Miami,FL,33175,650000,SINGLE_FAMILY,1364.0,7500.0,3.0,2.0,1968.0,57,,,,0.0,False,,,N/A,650000,3,9,9,25.742746,-80.385216,False,,761762.5,8,379.44079214305725
44257686,14250 SW 62nd St APT 317,Miami,FL,33183,282000,CONDO,1020.0,,2.0,2.0,1976.0,49,653.0,,,0.0,False,,,N/A,282000,3,9,9,25.707424,-80.42357,False,4.0,285375.0,8,263.09018632328554
44277090,10535 SW 96th Ter,Miami,FL,33176,974700,SINGLE_FAMILY,1800.0,9562.0,4.0,2.0,1966.0,59,,,,1.0,True,True,,N/A,974700,3,7,9,25.679468,-80.36635,False,,848462.5,8,471.68580495818986
44282497,10205 SW 106th St,Miami,FL,33176,995000,SINGLE_FAMILY,2507.0,0.26411845730028,4.0,3.0,1969.0,56,,,,0.0,False,True,,N/A,995000,3,8,9,25.670507,-80.35837,False,,823762.5,8,422.77673528023547
44286695,10880 SW 120th St,Miami,FL,33176,1169000,SINGLE_FAMILY,2054.0,0.36914600550964,4.0,3.0,1972.0,53,,,,2.0,True,True,,N/A,1169000,3,8,9,25.657059,-80.37119,False,,849374.875,8,456.6064700996383
44297537,15921 SW 106th Ave,Miami,FL,33157,690000,SINGLE_FAMILY,2318.0,9700.0,3.0,2.0,1965.0,60,,,,0.0,False,,,N/A,690000,3,7,9,25.62114,-80.36484,False,,589912.5,8,408.7099921654293
44341104,18254 SW 143rd Pl,Miami,FL,33177,564000,SINGLE_FAMILY,1169.0,4600.0,3.0,2.0,1999.0,26,,Completely Renovated,,1.0,True,,,N/A,564000,3,7,9,25.597614,-80.42554,False,,590350.0,8,392.0525985152203
44343324,11801 SW 176th St,Miami,FL,33177,550000,SINGLE_FAMILY,1767.0,7500.0,3.0,2.0,1961.0,64,,,,0.0,False,,,N/A,550000,3,5,9,25.605177,-80.38373,False,,524775.0,8,370.5547987233372
62926465,3350 SW 27th Ave APT 1708,Miami,FL,33133,870000,CONDO,936.0,,1.0,2.0,2002.0,23,1634.0,,,2.0,True,,,N/A,870000,3,9,9,25.730469,-80.237785,False,22.0,941500.0,9,609.0628691334177
92440307,300 S Biscayne Blvd #T-1802,Miami,FL,33131,580000,CONDO,1017.0,,2.0,2.0,2008.0,17,1100.0,,,1.0,True,,,N/A,580000,3,6,9,25.771437,-80.18777,False,40.0,425862.5,8,469.2422965593124
92441188,60 SW 13th St APT 3212,Miami,FL,33130,435000,CONDO,780.0,,1.0,2.0,2008.0,17,960.0,,,0.0,False,,,N/A,435000,3,7,9,25.76097,-80.194374,True,45.0,633166.6666666666,9,588.6203477502461
338744138,227 NE 2nd St UNIT 1806,Miami,FL,33179,600000,CONDO,647.0,,2.0,2.0,2022.0,3,1022.0,,,0.0,False,,,N/A,600000,3,6,9,25.776505,-80.18969,True,31.0,268132.22222222225,9,513.1736139839719
350463540,5385 N Kendall Dr,Miami,FL,33156,4125000,SINGLE_FAMILY,4245.0,1.09,4.0,4.0,1972.0,53,,,,2.0,True,True,,N/A,4125000,3,10,9,25.690226,-80.280075,False,,6148100.0,6,1310.7959830942189
446767742,50 Biscayne Blvd #3302,Miami,FL,33131,925000,CONDO,1789.0,,3.0,2.0,2007.0,18,2106.0,,,1.0,True,,,N/A,925000,3,6,9,25.775002,-80.18799,False,54.0,544127.7777777778,9,480.2978656348948
2053372224,12728 SW 211th St,Miami,FL,33177,775000,SINGLE_FAMILY,3349.0,6002.0,5.0,4.0,2022.0,3,,New Construction,,2.0,True,,,N/A,775000,3,6,9,25.57036,-80.39763,False,,539237.5,4,394.05944860448767
2055262806,700 NE 26th Ter UNIT 5106,Miami,FL,33137,1335000,CONDO,1134.0,,2.0,2.0,2023.0,2,1923.0,New Construction,,1.0,True,,,N/A,1335000,3,6,9,25.802013,-80.185776,False,57.0,2169428.5714285714,7,1148.4583850743622
44329094,14116 SW 149th Ave,Miami,FL,33196,634000,SINGLE_FAMILY,1663.0,3200.0,3.0,3.0,1999.0,26,65.0,,,0.0,True,,,N/A,634000,3,9,11,25.635658,-80.43574,False,,547775.0,8,370.5583177847823
43809646,1521 NW 59th St,Miami,FL,33142,510000,SINGLE_FAMILY,1062.0,5300.0,3.0,2.0,1950.0,75,,,Mediterranean,0.0,False,,,N/A,510000,3,5,12,25.829803,-80.223274,False,,442366.6666666667,3,336.45049374938213
43823914,1560 NW 25th Ave,Miami,FL,33125,660000,MULTI_FAMILY,2117.0,,8.0,3.0,1925.0,100,,,,,False,,,N/A,660000,3,3,12,25.78883,-80.2376,False,1.0,693500.0,1,282.02521350142337
43825750,1527 NW 8th St,Miami,FL,33125,620000,SINGLE_FAMILY,1964.0,5570.0,4.0,3.0,1938.0,87,,,,2.0,True,,,N/A,620000,3,3,12,25.781027,-80.22093,False,,647980.0,5,350.6088517275596
43828239,7801 NE 4th Ct APT 509,Miami,FL,33138,187000,CONDO,746.0,,1.0,2.0,1973.0,52,571.0,,,1.0,True,True,,N/A,187000,3,7,12,25.846975,-80.187904,False,5.0,209857.14285714287,7,239.26084159666678
43840429,3060 NW 4th St,Miami,FL,33125,650000,SINGLE_FAMILY,1655.0,6960.0,3.0,2.0,1976.0,49,,,,0.0,False,,,N/A,650000,3,6,12,25.775932,-80.244896,False,,610314.2857142857,7,393.169895195277
43855640,2159 SW 23rd St,Miami,FL,33145,828000,SINGLE_FAMILY,1480.0,5850.0,2.0,1.0,1938.0,87,,,,1.0,True,,,N/A,828000,3,6,12,25.74923,-80.22929,False,,911214.2857142857,7,511.9840921288302
43866565,1890 Brickell Ave #2,Miami,FL,33129,875000,CONDO,1000.0,,2.0,2.0,1980.0,45,,,,2.0,True,,,N/A,875000,3,7,12,25.754683,-80.19805,False,4.0,658700.0,2,580.0043137254902
44165204,1035 NW 128th Ct,Miami,FL,33182,620000,SINGLE_FAMILY,1612.0,4800.0,3.0,2.0,1990.0,35,,Updated/Remodeled,,0.0,False,,,N/A,620000,3,9,12,25.779455,-80.40348,False,,663012.5,8,350.13804573115203
44179768,1121 SW 105th Ave APT 301,Miami,FL,33174,300000,CONDO,997.0,,2.0,2.0,1979.0,46,235.0,,,0.0,False,,,N/A,300000,3,8,12,25.75868,-80.36564,True,3.0,276975.0,8,271.99698899068744
44199223,11250 SW 46th St,Miami,FL,33165,660000,SINGLE_FAMILY,1058.0,9005.0,4.0,2.0,1955.0,70,,,,0.0,False,,,N/A,660000,3,6,12,25.724234,-80.3771,False,,604200.0,7,425.6783917832104
44205362,8380 SW 45th St,Miami,FL,33155,760000,SINGLE_FAMILY,1742.0,6300.0,3.0,2.0,1970.0,55,,,,0.0,False,,,N/A,760000,3,7,12,25.726923,-80.33095,False,,618912.5,8,437.2718512509888
44240996,3525 SW 136th Ave,Miami,FL,33175,1236000,SINGLE_FAMILY,3331.0,0.25417814508724,4.0,4.0,1995.0,30,,,,0.0,False,True,,N/A,1236000,3,6,12,25.735096,-80.41385,False,,1268327.142857143,7,365.45601765771283
44249951,13104 SW 50th Ln,Miami,FL,33175,389000,TOWNHOUSE,1015.0,,3.0,1.0,1971.0,54,,,,0.0,False,,,N/A,389000,3,8,12,25.718555,-80.40628,False,1.0,457616.6666666667,6,450.85385878489325
44268953,7378 SW 152nd Ave #208,Miami,FL,33193,300000,TOWNHOUSE,,,2.0,3.0,1999.0,26,362.0,,,2.0,True,,,N/A,300000,3,7,12,25.697548,-80.43908,False,1.0,345100.0,3,328.6666666666667
44274961,8240 SW 95th St,Miami,FL,33156,1690000,SINGLE_FAMILY,3022.0,0.37190082644628,4.0,4.0,1958.0,67,,,,2.0,True,True,,N/A,1690000,3,7,12,25.681723,-80.328285,False,,1078412.5,8,609.2894108492385
44299388,11243 SW 165th Ter,Miami,FL,33157,595000,SINGLE_FAMILY,1652.0,7500.0,5.0,2.0,1980.0,45,,,,2.0,True,,,N/A,595000,3,5,12,25.615314,-80.37516,False,,558962.5,8,370.31556671376256
44301267,11546 SW 170th St,Miami,FL,33157,615000,SINGLE_FAMILY,1269.0,8000.0,3.0,2.0,1983.0,42,,,,0.0,False,,,N/A,615000,3,5,12,25.610195,-80.38055,False,,545887.5,8,365.70647705136525
44302226,10521 SW 184th St,Miami,FL,33157,606250,MULTI_FAMILY,1325.0,,6.0,2.0,1961.0,64,,,,,False,,,N/A,606250,3,8,12,25.59853,-80.362976,False,1.0,593475.0,4,447.90566037735846
44362038,20792 SW 128th Ave,Miami,FL,33177,710000,SINGLE_FAMILY,1674.0,7565.0,4.0,2.0,2000.0,25,,,,2.0,True,True,,N/A,710000,3,5,12,25.573689,-80.39941,False,,614087.5,8,408.13308966307346
54696467,16022 SW 64th Ter,Miami,FL,33193,750000,SINGLE_FAMILY,2282.0,6001.0,4.0,3.0,2002.0,23,,New Construction,,2.0,True,True,,N/A,750000,3,7,12,25.705206,-80.453064,False,,693837.5,8,298.9280534439176
58455471,11695 SW 154th Ave,Miami,FL,33196,850000,SINGLE_FAMILY,2991.0,6963.0,6.0,4.0,2001.0,24,,,,2.0,True,True,,N/A,850000,3,7,12,25.59864,-80.44177,False,,632585.7142857143,7,340.7531651447443
63615053,1425 Brickell Ave APT 47D,Miami,FL,33131,1075000,CONDO,1114.0,,1.0,2.0,2003.0,22,1555.0,,,1.0,True,,,N/A,1075000,3,7,12,25.759132,-80.191826,True,70.0,2263000.0,9,1302.4040251361766
64689895,2001 Biscayne Blvd APT 2610,Miami,FL,33137,385000,CONDO,707.0,,1.0,1.0,2004.0,21,685.0,New Construction,,1.0,True,,,N/A,385000,3,6,12,25.795185,-80.18881,False,6.0,314393.75,8,408.07292189368354
70592275,1200 Brickell Bay Dr UNIT 2014,Miami,FL,33131,483000,CONDO,818.0,,1.0,1.0,2004.0,21,718.0,As Is,,1.0,True,,,N/A,483000,3,7,12,25.761702,-80.190315,False,43.0,557160.0,5,618.1484084542908
79854227,444 SW 18th Rd,Miami,FL,33129,2495000,SINGLE_FAMILY,1999.0,6750.0,3.0,3.0,2016.0,9,,New Construction,,0.0,False,True,,N/A,2495000,3,7,12,25.762388,-80.20255,True,,998357.1428571428,7,654.6052869472276
82070709,133 NE 2nd Ave APT 2803,Miami,FL,33132,325000,CONDO,646.0,,1.0,1.0,2007.0,18,538.0,,,1.0,True,,,N/A,325000,3,6,12,25.775953,-80.19019,False,37.0,283222.5,8,376.3276536344797
92440024,55 SE 6th St APT 2205,Miami,FL,33131,605000,CONDO,1111.0,,2.0,2.0,2008.0,17,1505.0,,,1.0,True,,,N/A,605000,3,7,12,25.768448,-80.191345,True,42.0,285066.6666666667,9,340.5585281201733
92443761,485 Brickell Ave APT 2805,Miami,FL,33131,515000,CONDO,495.0,,0.0,1.0,2009.0,16,840.0,,,0.0,False,,,N/A,515000,3,7,12,25.768663,-80.18873,True,60.0,523622.22222222225,9,654.7857565710013
92448721,1111 SW 1st Ave #LPH3814,Miami,FL,33130,663000,CONDO,1107.0,,2.0,2.0,2008.0,17,1301.0,,,2.0,True,,,N/A,663000,3,7,12,25.763372,-80.19428,False,40.0,401387.5,8,387.9352294130282
122018198,3690 SW 138th Ave,Miami,FL,33175,1130000,SINGLE_FAMILY,2329.0,8099.0,4.0,3.0,2013.0,12,,,,2.0,True,True,,N/A,1130000,3,6,12,25.73357,-80.41826,False,,890183.3333333334,6,399.68806745763794
123867422,31 SE 6th St APT 1808,Miami,FL,33131,460000,CONDO,842.0,,2.0,2.0,2014.0,11,1168.0,,,1.0,True,,,N/A,460000,3,7,12,25.768606,-80.19189,False,29.0,287812.5,8,375.59906591118937
123869640,31 SE 6th St APT 607,Miami,FL,33131,568500,CONDO,1086.0,,2.0,2.0,2014.0,11,1810.0,,,1.0,True,,,N/A,568500,3,7,12,25.768606,-80.19189,False,28.0,287812.5,8,375.59906591118937
247700748,3152 New York St UNIT 3152,Miami,FL,33133,1550000,TOWNHOUSE,2215.0,,3.0,4.0,2017.0,8,,,,1.0,True,,,N/A,1550000,3,6,12,25.732452,-80.24962,False,2.0,1360525.0,4,614.2325056433409
306391816,3131 NE 7th Ave UNIT 2401,Miami,FL,33137,1800000,CONDO,1634.0,,3.0,4.0,2018.0,7,2497.0,,,1.0,True,,,N/A,1800000,3,4,12,25.807047,-80.18558,False,53.0,1790055.5555555555,9,1000.0977722113716
306392638,3131 NE 7th Ave UNIT 3203,Miami,FL,33137,1500000,CONDO,1526.0,,3.0,4.0,2018.0,7,2155.0,,,1.0,True,,,N/A,1500000,3,4,12,25.807047,-80.18558,False,53.0,1790055.5555555555,9,1000.0977722113716
340069350,22440 SW 124th Ct #B,Miami,FL,33170,649990,TOWNHOUSE,2518.0,,5.0,3.0,2024.0,1,,Under Construction,,2.0,True,,,N/A,649990,3,6,12,25.557322,-80.39441,False,2.0,625490.0,4,249.24554399371686
442112271,15645 SW 82nd Circle Ln #2-7,Miami,FL,33193,380000,TOWNHOUSE,1630.0,,3.0,3.0,1981.0,44,310.0,,,0.0,False,,,N/A,380000,3,9,12,25.689814,-80.44584,False,2.0,359900.0,1,194.54054054054055
443714677,14100 SW 82nd St,Miami,FL,33183,725000,SINGLE_FAMILY,2124.0,0.27318640955005,4.0,2.0,1970.0,55,,,,1.0,True,True,,N/A,725000,3,9,12,25.69139,-80.42343,False,,866071.4285714285,7,406.099102498447
447178437,19040 NW 85th Ct,Hialeah,FL,33015,550000,SINGLE_FAMILY,1546.0,,3.0,2.0,1992.0,33,80.0,,,2.0,True,,,N/A,550000,3,8,12,25.755693,-80.33417,False,,695987.5,8,419.5946098447291
2075773471,2415 NW 16th Street Rd APT 101,Miami,FL,33125,400000,CONDO,1200.0,,2.0,3.0,2006.0,19,675.0,Updated/Remodeled,,0.0,False,,,N/A,400000,3,3,12,25.789892,-80.23645,False,3.0,219935.7142857143,7,258.09908468696915
43831881,801 N Venetian Dr #801,Miami,FL,33131,943800,CONDO,1440.0,,2.0,3.0,1981.0,44,,,,1.0,True,,,N/A,943800,3,10,13,25.790712,-80.17907,False,13.0,900471.4285714285,7,541.2003968253969
43833520,555 NE 15th St APT 18F,Miami,FL,33132,300000,CONDO,860.0,,1.0,2.0,1980.0,45,1160.0,,,0.0,False,,,N/A,300000,3,6,13,25.790125,-80.185684,False,35.0,201500.0,9,503.06936322287197
43862166,3163 Via Abitare Way #3,Miami,FL,33133,1900000,TOWNHOUSE,2427.0,,2.0,3.0,1978.0,47,2200.0,,,2.0,True,,,N/A,1900000,3,9,13,25.724958,-80.242676,False,3.0,2665280.0,5,946.7647193486397
43863513,2645 S Bayshore Dr APT 1002,Miami,FL,33133,1800000,CONDO,1910.0,,2.0,3.0,1996.0,29,2500.0,New Construction,,2.0,True,,,N/A,1800000,3,9,13,25.731764,-80.2353,False,22.0,2970328.5714285714,7,953.3934971815148
44162973,2858 NW 31st Ave,Miami,FL,33142,336000,SINGLE_FAMILY,1311.0,7521.0,3.0,1.0,1938.0,87,,,,0.0,False,,,N/A,336000,3,6,13,25.802061,-80.24632,False,,447300.0,4,472.35684345166635
44224703,8045 SW 62nd Pl,Miami,FL,33143,1294300,SINGLE_FAMILY,1688.0,7500.0,3.0,2.0,1954.0,71,,,,0.0,False,,,N/A,1294300,3,9,13,25.695719,-80.29447,False,,1167957.142857143,7,727.9501629042303
44249073,14319 SW 50th St,Miami,FL,33175,590100,SINGLE_FAMILY,1573.0,5000.0,3.0,2.0,1999.0,26,,,,0.0,False,True,,N/A,590000,3,10,58,25.718044,-80.42591,False,,678912.5,8,400.9350698667515
44270472,13805 SW 84th St #603,Miami,FL,33183,400000,TOWNHOUSE,1510.0,,3.0,3.0,1973.0,52,420.0,,,0.0,False,,,N/A,400000,3,9,13,25.688793,-80.418816,False,2.0,283866.6666666667,3,181.1316876601813
44275292,10005 SW 79th Ave,Miami,FL,33156,1850000,SINGLE_FAMILY,2739.0,0.42392102846648,5.0,4.0,1972.0,53,,,,0.0,False,True,,N/A,1850000,3,7,13,25.67726,-80.3228,False,,1292700.0,8,596.6044231897815
44301262,11625 SW 170th St,Miami,FL,33157,605000,SINGLE_FAMILY,1269.0,8000.0,3.0,2.0,1983.0,42,,,,1.0,True,,,N/A,605000,3,5,13,25.610596,-80.38104,False,,557000.0,8,378.2551144776673
44330728,12860 SW 149th St,Miami,FL,33186,600000,SINGLE_FAMILY,1726.0,7500.0,3.0,2.0,1981.0,44,4.0,,,2.0,True,,,N/A,600000,3,8,13,25.628521,-80.40047,False,,667175.0,8,372.462632678207
44332359,14619 SW 122nd Pl,Miami,FL,33186,474000,SINGLE_FAMILY,1755.0,,3.0,3.0,1991.0,34,160.0,,,0.0,False,,,N/A,474000,3,8,13,25.63213,-80.39089,False,,385194.5,6,270.0544593118227
54696280,6725 SW 130th Place #105-1,Miami,FL,33183,350000,CONDO,950.0,0.0,2.0,2.0,1999.0,26,277.0,Resale,,0.0,False,,,N/A,350000,3,8,13,25.70694,-80.40656,False,2.0,305428.5714285714,7,300.6263484798954
70774575,3590 Coral Way APT 604,Miami,FL,33145,500000,CONDO,1015.0,,2.0,2.0,2005.0,20,699.0,"Updated/Remodeled,Completely Renovated",,2.0,True,,,N/A,500000,3,6,13,25.749432,-80.251884,False,9.0,469993.75,8,458.12353566343245
92447280,300 S Biscayne Blvd #T-3516,Miami,FL,33131,650000,CONDO,1126.0,,2.0,2.0,2008.0,17,1445.0,,,1.0,True,,,N/A,650000,3,6,13,25.771437,-80.18777,False,40.0,442988.8888888889,9,480.4714656185475
113379438,92 SW 3rd St APT 4907,Miami,FL,33130,452500,CONDO,789.0,,1.0,2.0,2010.0,15,940.0,Updated/Remodeled,,1.0,True,,,N/A,452500,3,6,13,25.769594,-80.195045,False,52.0,659866.6666666666,9,502.0478926392057
443210416,13850 Jefferson St,Miami,FL,33176,850000,SINGLE_FAMILY,,7500.0,4.0,4.0,2024.0,1,,New Construction,,1.0,True,,,N/A,850000,3,9,13,25.6395,-80.38094,False,,480737.5,8,353.9310604852696
445837562,4413 SW 163rd Ct #4413,Miami,FL,33185,530000,TOWNHOUSE,1704.0,,4.0,3.0,2014.0,11,70.0,,,0.0,False,,,N/A,530000,3,8,13,25.723295,-80.45769,False,2.0,520966.6666666667,6,314.69245435485107
43827163,8012 NE 7th Ave,Miami,FL,33138,890000,SINGLE_FAMILY,1488.0,6519.0,3.0,2.0,1936.0,89,,,,0.0,False,,,N/A,890000,3,5,14,25.849014,-80.18299,False,,1252900.0,4,716.452123508061
43832678,1717 N Bayshore Dr #A-2650,Miami,FL,33132,735000,CONDO,1602.0,,2.0,2.0,1986.0,39,,Completely Renovated,,1.0,True,,,N/A,735000,3,6,14,25.791315,-80.18616,False,42.0,687111.1111111111,9,444.89389208119036
43857043,2000 S Bayshore Dr APT 20,Miami,FL,33133,2400000,TOWNHOUSE,3493.0,,5.0,5.0,1981.0,44,1535.0,"Updated/Remodeled,Completely Renovated",,2.0,True,,,N/A,2400000,3,9,14,25.737043,-80.2259,False,3.0,2645625.0,8,719.0548865739358
43868322,1901 Brickell Ave APT B2404,Miami,FL,33129,500000,CONDO,868.0,,1.0,2.0,1975.0,50,606.0,,,1.0,True,,,N/A,500000,3,7,14,25.754242,-80.1967,False,25.0,468566.6666666667,9,383.6991014762441
43872905,540 Brickell Key Dr APT 721,Miami,FL,33131,630000,CONDO,1030.0,,2.0,2.0,1991.0,34,1100.0,,,2.0,True,,,N/A,630000,3,7,14,25.76781,-80.18326,False,18.0,821387.5,8,616.6059482654422
44179932,1905 SW 107th Ave APT 1201,Miami,FL,33165,320000,TOWNHOUSE,828.0,,2.0,2.0,1984.0,41,169.0,,Split Level,0.0,False,,,N/A,320000,3,8,14,25.751495,-80.36686,False,2.0,305357.14285714284,7,355.05414213988325
44195268,10370 SW 26th St,Miami,FL,33165,545000,SINGLE_FAMILY,1213.0,4000.0,3.0,2.0,1971.0,54,,,,0.0,False,,,N/A,545000,3,8,14,25.745256,-80.363304,False,,544722.5,8,360.1459684569766
44209128,5750 SW 67th Ave,Miami,FL,33143,2000000,SINGLE_FAMILY,3483.0,0.38200183654729,5.0,4.0,1996.0,29,,,Modern/Contemporary,2.0,True,True,,N/A,2000000,3,8,14,25.716146,-80.30247,False,,1515842.857142857,7,656.4340976365442
44253557,5700 SW 127th Ave APT 1103,Miami,FL,33183,300000,CONDO,1170.0,,2.0,2.0,1981.0,44,520.0,,,0.0,False,,,N/A,300000,3,8,14,25.714188,-80.39983,False,5.0,296500.0,7,231.65175190491647
44262344,7713 SW 157th Pl,Miami,FL,33193,630000,SINGLE_FAMILY,1693.0,4750.0,4.0,2.0,1993.0,32,40.0,,,2.0,True,,,N/A,630000,3,9,14,25.693905,-80.447426,False,,639525.0,8,345.7425036769207
44270603,14180 SW 84th St APT 302G,Miami,FL,33183,235000,CONDO,1147.0,,3.0,2.0,1974.0,51,225.0,Fixer,,0.0,False,,,N/A,235000,3,9,14,25.687553,-80.42374,False,5.0,265750.0,6,231.64111832786304
44283774,8441 SW 114th St,Miami,FL,33156,3700000,SINGLE_FAMILY,5214.0,1.431,7.0,4.0,1986.0,39,,,,2.0,True,True,,N/A,3700000,3,10,14,25.664639,-80.33202,False,,2798050.0,8,529.2331822234232
44329905,13700 SW 147th Circle Ln APT 1-5,Miami,FL,33186,334000,TOWNHOUSE,852.0,,2.0,2.0,1994.0,31,486.0,,,0.0,False,,,N/A,334000,3,9,14,25.630974,-80.41532,False,1.0,364450.0,2,365.6056338028169
44357559,20505 SW 198th St,Miami,FL,33187,945000,SINGLE_FAMILY,3672.0,1.19,4.0,2.0,1988.0,37,,,,2.0,True,,,N/A,945000,3,5,14,25.581514,-80.52532,False,,951500.0,6,432.1824544121682
63615123,1425 Brickell Ave APT 63F,Miami,FL,33131,6255000,CONDO,3566.0,,3.0,5.0,2003.0,22,5444.0,,,2.0,True,,,N/A,6255000,3,7,14,25.759132,-80.191826,False,70.0,2263000.0,9,1302.4040251361766
64531518,6851 SW 44th St APT 207,Miami,FL,33155,412000,CONDO,989.0,,2.0,2.0,2006.0,19,630.0,,,0.0,False,,,N/A,412000,3,8,14,25.7315,-80.30546,False,3.0,366375.0,4,400.823458697766
70772675,3817 NW 17th Ave APT 10,Miami,FL,33142,221000,CONDO,960.0,,3.0,2.0,2006.0,19,200.0,,,0.0,False,,,N/A,221000,3,5,14,25.811476,-80.223526,False,3.0,243075.0,8,244.15482954545456
82059959,185 SW 7th St APT 1501,Miami,FL,33130,595000,CONDO,1310.0,,2.0,3.0,2007.0,18,1292.0,,,0.0,True,,,N/A,595000,3,7,14,25.768167,-80.19697,False,44.0,517611.1111111111,9,529.1079438756
82412581,6721 NW 5th Ave #2,Miami,FL,33150,330000,SINGLE_FAMILY,1417.0,,4.0,2.0,2006.0,19,,,,0.0,False,,,N/A,330000,3,6,14,25.836514,-80.20432,False,,453150.0,4,402.8108555740551
82413176,1040 Biscayne Blvd APT 1805,Miami,FL,33132,485000,CONDO,791.0,,1.0,2.0,2007.0,18,1279.0,,,1.0,True,,,N/A,485000,3,6,14,25.78478,-80.190186,False,50.0,974562.5,8,554.4502284784497
92435921,60 SW 13th St APT 2409,Miami,FL,33130,420000,CONDO,674.0,,1.0,2.0,2008.0,17,744.0,,,1.0,True,,,N/A,420000,3,7,14,25.76097,-80.194374,False,56.0,659812.5,8,584.3047161448429
121346377,460 NE 28th St APT 2801,Miami,FL,33137,1040000,CONDO,1311.0,,2.0,2.0,2015.0,10,1552.0,New Construction,,1.0,True,,,N/A,1040000,3,4,14,25.80364,-80.18711,False,42.0,1028377.7777777778,9,711.3884574732941
250761301,15929 SW 141st Ter,Miami,FL,33196,740000,SINGLE_FAMILY,2450.0,6000.0,4.0,3.0,2000.0,25,,,,2.0,True,,,N/A,740000,3,9,14,25.635174,-80.45201,False,,752887.5,8,311.22588141035123
342932542,634 SW 2nd St,Miami,FL,33130,1620000,MULTI_FAMILY,4336.0,7500.0,10.0,6.0,1970.0,55,,Updated/Remodeled,,,False,,,N/A,1620000,3,3,14,25.771582,-80.205055,False,2.0,709700.0,3,557.3349206349206
442660734,11341 SW 70th Ter UNIT 11341,Miami,FL,33173,438000,TOWNHOUSE,1378.0,,3.0,2.0,1972.0,53,159.0,,,0.0,True,,,N/A,438000,3,7,14,25.7024,-80.37741,False,2.0,454662.5,8,330.4663755015795
447568963,200 Biscayne Boulevard Way APT 509,Miami,FL,33131,9000,CONDO,1489.0,,2.0,3.0,2008.0,17,,,,,False,,,N/A,1250000,3,6,7,25.77043,-80.18916,False,,21750.0,2,7.490210181411332
43810326,3627 NW 23rd Ave,Miami,FL,33142,625000,MULTI_FAMILY,1612.0,,4.0,2.0,1960.0,65,,,,,False,,,N/A,625000,3,5,15,25.809896,-80.23384,False,1.0,534100.0,1,411.47919876733437
43827093,8271 NE 8th Ct,Miami,FL,33138,775000,SINGLE_FAMILY,1447.0,5580.0,2.0,1.0,1937.0,88,,,,0.0,False,,,N/A,775000,3,9,15,25.851381,-80.17945,False,,668085.7142857143,7,503.708480824838
43840310,3434 SW 6th St,Miami,FL,33135,2900,SINGLE_FAMILY,1048.0,,3.0,1.0,,N/A,,,,,False,,,N/A,789750,3,6,12,25.766294,-80.25171,False,,,0,
43841782,243 SW 32nd Ave,Miami,FL,33135,450000,SINGLE_FAMILY,1099.0,5250.0,2.0,1.0,1939.0,86,,,,0.0,False,,,N/A,450000,3,6,15,25.769476,-80.247345,False,,572342.8571428572,7,374.4791402057437
43864986,36 SW 20th Rd,Miami,FL,33129,1800000,SINGLE_FAMILY,2610.0,6750.0,3.0,2.0,1924.0,101,,,Mediterranean,0.0,False,,,N/A,1800000,3,7,15,25.755255,-80.200455,False,,1462925.0,4,523.3486561984354
43869869,1541 Brickell Ave APT B2604,Miami,FL,33129,850000,CONDO,1640.0,,2.0,2.0,1981.0,44,2515.0,,,1.0,True,,,N/A,850000,3,7,15,25.75638,-80.192474,True,50.0,757100.0,9,452.8022510631706
44184342,1700 SW 73rd Court Rd,Miami,FL,33155,650000,SINGLE_FAMILY,1326.0,7500.0,3.0,2.0,1950.0,75,,,,0.0,False,,,N/A,650000,3,8,15,25.754395,-80.31512,False,,652528.5714285715,7,442.67555482732394
44184494,7601 SW 16th Ter,Miami,FL,33155,680000,SINGLE_FAMILY,1657.0,7500.0,3.0,3.0,1950.0,75,,Updated/Remodeled,,0.0,False,,,N/A,680000,3,8,15,25.754879,-80.31823,False,,649514.2857142857,7,398.22668542398304
44185798,1111 SW 76th Ave,Miami,FL,33144,950000,MULTI_FAMILY,2681.0,,,,1971.0,54,,,,,False,,,N/A,950000,3,8,15,25.759676,-80.31798,False,1.0,735900.0,3,400.94087419727293
44208247,4901 SW 59th Ave,Miami,FL,33155,1200000,SINGLE_FAMILY,1776.0,10000.0,4.0,2.0,1965.0,60,,,,0.0,False,,,N/A,1200000,3,9,15,25.725452,-80.29002,False,,1222062.5,8,552.5002213907885
44215098,6350 SW 113th Ct,Miami,FL,33173,750000,SINGLE_FAMILY,1725.0,4762.0,4.0,3.0,1992.0,33,190.0,,,1.0,True,,,N/A,750000,3,7,15,25.708607,-80.37731,False,,643050.0,8,406.5464749031195
44239224,12540 SW 30th St,Miami,FL,33175,655000,SINGLE_FAMILY,1474.0,7500.0,3.0,2.0,1967.0,58,,,,0.0,False,,,N/A,655000,3,6,15,25.740095,-80.39882,False,,666887.5,8,386.5159515242849
44239619,3111 Village Green Dr,Miami,FL,33175,635000,SINGLE_FAMILY,1364.0,8500.0,3.0,2.0,1968.0,57,,,,0.0,False,,,N/A,635000,3,9,15,25.740768,-80.38817,False,,790962.5,8,423.5313079044986
44261512,14941 SW 59th St,Miami,FL,33193,800000,SINGLE_FAMILY,2479.0,4550.0,4.0,3.0,1990.0,35,,,,1.0,True,True,,N/A,800000,3,7,15,25.70949,-80.435455,False,,712757.1428571428,7,368.0911565592093
44269520,7302 SW 140th Ct,Miami,FL,33183,793000,SINGLE_FAMILY,1912.0,10230.0,4.0,2.0,1972.0,53,,,,1.0,True,,,N/A,793000,3,9,15,25.69877,-80.42108,False,,680028.5714285715,7,348.61648116742055
44270063,14553 SW 77th St,Miami,FL,33183,785000,SINGLE_FAMILY,2771.0,0.2767217630854,5.0,2.0,1972.0,53,,,,2.0,True,True,,N/A,785000,3,9,15,25.6955,-80.42846,False,,815312.5,8,408.2373611564051
44270771,13701 SW 84th St APT D,Miami,FL,33183,340000,TOWNHOUSE,1395.0,,2.0,3.0,1974.0,51,493.0,Updated/Remodeled,,0.0,False,,,N/A,340000,3,9,15,25.689436,-80.41731,False,1.0,371025.0,4,240.52105838652525
44275542,9394 SW 77th Ave APT F2,Miami,FL,33156,230000,CONDO,875.0,,1.0,1.0,1967.0,58,430.0,,,0.0,False,,,N/A,230000,3,7,15,25.68426,-80.31983,False,2.0,307171.4285714286,7,286.09158735193176
44288015,14960 Buchanan St,Miami,FL,33176,1500,SINGLE_FAMILY,,7500.0,0.0,1.0,1950.0,75,,,,,False,,,N/A,640000,3,6,1,25.630087,-80.36864,False,,3121.6666666666665,6,2.397475147303614
44297402,15915 SW 103rd Pl,Miami,FL,33157,675000,SINGLE_FAMILY,2214.0,8250.0,5.0,3.0,1964.0,61,,,,1.0,True,,,N/A,675000,3,7,15,25.621473,-80.360725,False,,481131.25,8,377.1846145158115
44301035,16901 SW 108th Ave,Miami,FL,33157,578000,SINGLE_FAMILY,1616.0,9270.0,4.0,2.0,1975.0,50,,,,2.0,True,,,N/A,578000,3,5,15,25.611769,-80.36722,False,,601162.5,8,332.805938312674
44331373,13221 SW 146th St,Miami,FL,33186,775000,SINGLE_FAMILY,1621.0,9707.0,3.0,2.0,2000.0,25,335.0,,,1.0,True,True,,N/A,775000,3,8,15,25.63252,-80.40478,False,,712125.0,8,352.0847608892567
44342166,11901 SW 180th St,Miami,FL,33177,550000,SINGLE_FAMILY,1346.0,7875.0,4.0,2.0,1971.0,54,,As Is,Ranch,0.0,False,,,N/A,550000,3,5,15,25.601412,-80.38537,False,,575387.5,8,334.938893128229
44361605,13990 SW 192nd St,Miami,FL,33177,1025100,SINGLE_FAMILY,1020.0,2.5,1.0,1.0,1998.0,27,,,,0.0,False,,,N/A,1025000,3,5,128,25.586798,-80.419235,False,,981771.4285714285,7,472.4604072556454
70774546,2755 Coconut Ave #2755,Miami,FL,33133,910000,TOWNHOUSE,1997.0,,2.0,3.0,2005.0,20,568.0,,,2.0,True,,,N/A,910000,3,9,15,25.738089,-80.23909,False,3.0,1153280.0,5,521.4809211362605
72573176,3540 Main Hwy #405,Miami,FL,33133,6700,CONDO,1287.0,,2.0,2.0,2006.0,19,,,,,False,,,N/A,1245000,3,9,11,25.725243,-80.24505,False,,,0,
81774363,133 NE 2nd Ave APT 2501,Miami,FL,33132,500000,CONDO,1041.0,,2.0,2.0,2007.0,18,841.0,,,0.0,True,,,N/A,500000,3,6,15,25.775953,-80.19019,False,43.0,252254.2857142857,7,361.4734046202754
82062390,1021 NW 3rd St APT 106,Miami,FL,33128,120000,CONDO,465.0,,1.0,1.0,1930.0,95,164.0,,,0.0,False,,,N/A,120000,3,3,15,25.7768,-80.212,False,3.0,99774.875,8,202.4400668764752
92438357,3301 NE 1st Ave APT H1912,Miami,FL,33137,660000,CONDO,1263.0,,2.0,2.0,2008.0,17,1518.0,,,1.0,True,,,N/A,660000,3,7,15,25.764324,-80.19256,False,32.0,770600.0,1,743.1051108968178
113377084,1871 NW South River Dr UNIT 1103,Miami,FL,33125,330000,CONDO,902.0,,2.0,2.0,2010.0,15,1076.0,,,1.0,True,,,N/A,330000,3,3,15,25.784836,-80.22584,False,27.0,339375.0,8,416.73217139508154
113379807,1861 NW South River Dr UNIT 2302,Miami,FL,33125,325000,CONDO,670.0,,1.0,1.0,2010.0,15,847.0,,,1.0,True,,,N/A,325000,3,3,15,25.784834,-80.22584,False,28.0,404722.22222222225,9,414.1598806098293
121345726,21733 SW 101st Ave,Miami,FL,33190,742000,SINGLE_FAMILY,2229.0,7500.0,4.0,3.0,2012.0,13,,,,0.0,False,True,,N/A,742000,3,5,15,25.56548,-80.35471,False,,503056.375,8,293.2229449145485
193972784,5600 SW 65th Ct,South Miami,FL,33143,2850000,SINGLE_FAMILY,3656.0,10370.0,5.0,4.0,2017.0,8,265.0,,,2.0,True,True,,N/A,2850000,3,8,15,25.718115,-80.30109,False,,2116480.0,5,654.086828255416
247652485,88 SW 7th St APT 3507,Miami,FL,33130,725000,CONDO,997.0,,1.0,2.0,2016.0,9,1634.0,,,1.0,True,,,N/A,725000,3,7,15,25.767174,-80.19463,False,40.0,868827.6666666666,9,707.2067961920226
436512251,300 Biscayne Boulevard Way #1503,Miami,FL,33131,4300000,CONDO,3078.0,,3.0,5.0,2024.0,1,5137.0,New Construction,,2.0,True,,,N/A,4300000,3,6,15,25.770777,-80.18752,True,66.0,2794562.5,8,1478.044585880645
444343351,13710 SW 51st Ter #13710,Miami,FL,33175,380000,SINGLE_FAMILY,835.0,,2.0,1.0,1976.0,49,42.0,,,0.0,False,,,N/A,380000,3,9,15,25.718307,-80.41611,False,1.0,432000.0,1,445.36082474226805
445781977,8301 SW 124th Ave APT 102,Miami,FL,33183,500000,TOWNHOUSE,1690.0,,4.0,3.0,2001.0,24,451.0,,,1.0,True,,,N/A,500000,3,8,15,25.69056,-80.39107,False,1.0,488150.0,2,276.4741279597748
2075773674,2945-2947 SW 27th Ter,Miami,FL,33133,1730000,MULTI_FAMILY,4194.0,,6.0,8.0,2017.0,8,,,,,False,,,N/A,1730000,3,6,15,25.74086,-80.24166,False,2.0,743200.0,2,570.7704359278664
2092482472,14756 SW 74th Ln #14756,Miami,FL,33193,385000,CONDO,1027.0,,2.0,2.0,1987.0,38,80.0,,,2.0,True,,,N/A,385000,3,7,15,25.696993,-80.432076,False,2.0,376200.0,1,306.60146699266505
2136085930,8520 SW 150th Ave APT 105,Miami,FL,33193,3000,TOWNHOUSE,1571.0,,3.0,3.0,2004.0,21,210.0,,,,False,,,N/A,3000,3,9,15,25.687346,-80.43794,False,,371808.25,4,246.8326465646076
43813372,960 NW 50th St,Miami,FL,33127,640000,SINGLE_FAMILY,1368.0,5000.0,3.0,2.0,1965.0,60,,,,1.0,True,,,N/A,640000,3,5,16,25.820913,-80.21174,False,,455650.0,8,353.074656858311
43825077,2401 NW 11th St APT 3C,Miami,FL,33125,325000,TOWNHOUSE,1106.0,,2.0,2.0,1975.0,50,582.0,,,2.0,True,,,N/A,325000,3,3,16,25.783424,-80.235634,False,2.0,,0,
43827806,425 NE 76th St,Miami,FL,33138,660000,SINGLE_FAMILY,1137.0,6250.0,3.0,2.0,1938.0,87,,,,4.0,True,,,N/A,660000,3,7,16,25.84512,-80.18772,False,,983066.6666666666,3,689.6403099695912
43845059,311 SW 52nd Ct,Miami,FL,33134,760000,SINGLE_FAMILY,2061.0,0.27410468319559,5.0,1.0,1947.0,78,,,,5.0,True,,,N/A,760000,3,5,16,25.767988,-80.28049,False,,633312.5,8,361.5128184353549
43856718,1743 SW 24th Ter,Miami,FL,33145,865000,SINGLE_FAMILY,1389.0,6750.0,3.0,2.0,1938.0,87,,Updated/Remodeled,,0.0,False,,,N/A,865000,3,6,16,25.746904,-80.22276,False,,823437.375,8,674.3866137906539
43860907,3431 Oak Ave,Miami,FL,33133,1070500,SINGLE_FAMILY,1732.0,5000.0,2.0,2.0,1963.0,62,,,,1.0,True,,,N/A,1070500,3,6,16,25.730135,-80.24897,False,,1140180.0,5,750.4340052051698
43861280,3553 Hibiscus St,Miami,FL,33133,960000,SINGLE_FAMILY,1398.0,5000.0,4.0,2.0,1962.0,63,,,,1.0,True,,,N/A,960000,3,9,16,25.725397,-80.24937,False,,923600.0,4,709.7565542752737
43862183,3196 Via Abitare Way #20,Miami,FL,33133,3200000,TOWNHOUSE,2872.0,,3.0,4.0,1978.0,47,2200.0,,Multi Level,0.0,False,,,N/A,3200000,3,9,16,25.725002,-80.24279,False,1.0,2663640.0,5,941.4953905578901
43863789,3691 N Prospect Dr,Miami,FL,33133,2500000,SINGLE_FAMILY,2267.0,0.26136363636364,4.0,3.0,1959.0,66,,,,2.0,True,True,,N/A,2500000,3,9,16,25.709578,-80.252556,False,,2510412.5,8,951.6173080188851
43864247,4058 Park Ave,Miami,FL,33133,1567600,SINGLE_FAMILY,2930.0,6753.0,3.0,3.0,1939.0,86,,,,1.0,True,True,,N/A,1567406,3,9,129,25.713997,-80.25851,False,,2328537.5,8,1126.6459899605252
43870334,1581 Brickell Ave APT 1908,Miami,FL,33129,429000,CONDO,717.0,,0.0,1.0,1982.0,43,876.0,,,1.0,True,,,N/A,429000,3,7,16,25.756405,-80.19333,True,31.0,1749611.111111111,9,662.6799045383166
44000047,5949 SW 79th St,South Miami,FL,33143,1925000,SINGLE_FAMILY,2359.0,0.28696051423324,4.0,3.0,1956.0,69,,,Ranch,2.0,True,True,,N/A,1925000,3,9,16,25.697977,-80.290016,False,,2448750.0,8,969.4259481415093
44186620,2001 SW 58th Ct,Miami,FL,33155,627500,SINGLE_FAMILY,880.0,4317.0,3.0,2.0,1956.0,69,,,Ranch,1.0,True,,,N/A,627500,3,8,16,25.75211,-80.290306,False,,628899.6,5,390.14459278309835
44187618,3127 SW 63rd Ave,Miami,FL,33155,550000,SINGLE_FAMILY,1089.0,7500.0,4.0,3.0,1952.0,73,,,,0.0,False,,,N/A,550000,3,6,16,25.740953,-80.29679,False,,727737.5,8,512.4098368723642
44189811,3300 SW 72nd Ave,Miami,FL,33155,725000,SINGLE_FAMILY,1144.0,0.28879706152433,3.0,1.0,1954.0,71,,Updated/Remodeled,,0.0,False,,,N/A,725000,3,6,16,25.739532,-80.31149,False,,571242.8571428572,7,432.61849139818156
44196159,2600 SW 99th Ave,Miami,FL,33165,750000,SINGLE_FAMILY,1804.0,8342.0,5.0,2.0,1974.0,51,,,,0.0,False,True,,N/A,750000,3,8,16,25.74513,-80.355896,False,,738450.0,8,505.857789438617
44200946,10740 SW 48th Ter,Miami,FL,33165,600000,SINGLE_FAMILY,918.0,8415.0,3.0,2.0,1959.0,66,,,,2.0,True,,,N/A,600000,3,9,16,25.722084,-80.36844,False,,635850.0,8,491.68115235131427
44217728,8530 SW 97th Rd,Miami,FL,33173,5650,SINGLE_FAMILY,1947.0,8440.0,4.0,4.0,,N/A,,,,,False,,,N/A,975000,3,7,2,25.689825,-80.35091,False,,4950.0,2,2.8247957459713877
44218450,10461 SW 80th St,Miami,FL,33173,570000,TOWNHOUSE,1680.0,,3.0,3.0,1972.0,53,228.0,Updated/Remodeled,,0.0,False,,,N/A,570000,3,7,16,25.694424,-80.36231,False,2.0,574728.5714285715,7,319.72957212820603
44233228,1129 SW 134th Pl,Miami,FL,33184,465000,TOWNHOUSE,1755.0,,3.0,3.0,1981.0,44,118.0,,,0.0,False,,,N/A,465000,3,8,16,25.756296,-80.41356,False,2.0,516800.0,6,303.4952248408377
44257358,13951 Kendale Lakes Cir #306A,Miami,FL,33183,325000,CONDO,1296.0,,2.0,2.0,1973.0,52,699.0,,,1.0,True,,,N/A,325000,3,9,16,25.70973,-80.42106,False,9.0,284775.0,8,211.98687009459493
44262388,8114 SW 157th Ct,Miami,FL,33193,779500,SINGLE_FAMILY,2087.0,3498.0,5.0,4.0,1993.0,32,94.0,,,2.0,True,True,,N/A,779500,3,9,16,25.690224,-80.44685,False,,664375.0,8,326.6059796442066
44271348,14421 N Kendall Dr #108M,Miami,FL,33183,270000,CONDO,906.0,,2.0,2.0,1974.0,51,354.0,,,0.0,False,,,N/A,270000,3,9,16,25.685991,-80.42735,False,4.0,270712.5,8,303.41403728602273
44272100,7310 SW 131st Ave,Miami,FL,33183,810000,SINGLE_FAMILY,1612.0,9191.0,4.0,3.0,1974.0,51,45.0,,Modern/Contemporary,0.0,True,True,,N/A,810000,3,8,16,25.69845,-80.405716,False,,744737.5,8,417.61639753888346
44274842,8020 SW 97th St,Miami,FL,33156,1700000,SINGLE_FAMILY,3033.0,0.3455463728191,4.0,4.0,2007.0,18,,New Construction,,2.0,True,True,,N/A,1700000,3,7,16,25.680155,-80.325645,False,,1422162.5,8,621.0115989391234
44274993,8290 SW 99th St,Miami,FL,33156,1635000,SINGLE_FAMILY,2650.0,0.6153810835629,3.0,3.0,1963.0,62,,,,0.0,True,True,,N/A,1635000,3,7,16,25.677967,-80.32884,False,,1419985.7142857143,7,619.7899709747356
44276735,10150 SW 95th Ave,Miami,FL,33176,2785000,SINGLE_FAMILY,4221.0,0.53983011937557,5.0,4.0,1986.0,39,279.0,Updated/Remodeled,,2.0,True,True,,N/A,2785000,3,7,16,25.674902,-80.34921,False,,2255425.0,8,524.1091844761286
44279940,11457 SW 110th Ln,Miami,FL,33176,645000,TOWNHOUSE,1935.0,,4.0,3.0,1976.0,49,294.0,,,2.0,True,,,N/A,645000,3,9,16,25.665064,-80.38139,False,2.0,500100.0,5,359.01283244130065
44284769,12751 SW 92nd Ct,Miami,FL,33176,940000,SINGLE_FAMILY,3396.0,0.39249311294766,3.0,2.0,1977.0,48,,,,2.0,True,,,N/A,940000,3,10,16,25.651253,-80.3433,False,,1131437.625,8,390.8276274974465
44287856,13324 SW 112th Ct,Miami,FL,33176,540000,SINGLE_FAMILY,1849.0,6095.0,5.0,3.0,1989.0,36,118.0,,,2.0,True,,,N/A,540000,3,8,16,25.644688,-80.37718,False,,545898.75,8,370.5013540732713
44301963,17525 SW 104th Ave,Miami,FL,33157,355000,MULTI_FAMILY,1000.0,,,,1958.0,67,,New Construction,,,False,,,N/A,355000,3,8,16,25.606108,-80.36079,False,1.0,327950.0,2,393.39738612836436
44336346,15390 SW 155th Ter,Miami,FL,33187,799000,SINGLE_FAMILY,2300.0,0.28236914600551,3.0,3.0,1984.0,41,,,,2.0,True,True,,N/A,799000,3,9,16,25.621876,-80.442474,False,,811125.0,8,369.3295983578736
44341146,18113 SW 143rd Pl,Miami,FL,33177,660000,SINGLE_FAMILY,1776.0,4600.0,4.0,3.0,2001.0,24,,,,2.0,True,,,N/A,660000,3,7,16,25.599125,-80.425125,False,,606250.0,6,429.7004642295753
44348484,11510 SW 187th St,Miami,FL,33157,650000,SINGLE_FAMILY,1313.0,8500.0,4.0,3.0,1956.0,69,,,,2.0,True,,,N/A,650000,3,5,16,25.59453,-80.37927,False,,418525.0,8,330.7408211950867
44349568,19761 SW 114th Ave APT 340,Miami,FL,33157,150000,CONDO,800.0,,2.0,2.0,1974.0,51,358.0,,,0.0,False,,,N/A,150000,3,7,16,25.582266,-80.37604,False,3.0,161750.0,8,202.1875
44357699,19530 SW 210th St,Miami,FL,33187,800000,SINGLE_FAMILY,2440.0,1.27,4.0,3.0,1983.0,42,,,,0.0,False,,,N/A,800000,3,5,16,25.57,-80.50924,False,,962027.375,8,372.3114451109662
44361030,12481 SW 194th St,Miami,FL,33177,600000,SINGLE_FAMILY,1336.0,8690.0,3.0,2.0,1988.0,37,,,,0.0,False,,,N/A,600000,3,5,16,25.586548,-80.39452,False,,563933.3333333334,6,365.427130497526
60798540,15890 SW 141st Ter,Miami,FL,33196,745000,SINGLE_FAMILY,2582.0,6307.0,4.0,4.0,2003.0,22,,,,2.0,True,,,N/A,745000,3,9,16,25.634756,-80.45126,False,,810775.0,8,311.0899530818521
63614868,10 SW South River Dr APT 803,Miami,FL,33130,420000,CONDO,1073.0,,2.0,2.0,2003.0,22,1635.0,,,2.0,True,,,N/A,420000,3,3,16,25.773264,-80.20194,False,20.0,366085.71428571426,7,370.95356151069683
64868105,2630 SW 28th St SUITE 46,Miami,FL,33133,255000,CONDO,482.0,,0.0,1.0,2004.0,21,311.0,,,1.0,True,,,N/A,255000,3,9,16,25.739008,-80.23692,False,4.0,224031.25,8,380.06338197219446
70767403,701 Brickell Key Blvd APT 903,Miami,FL,33131,1170000,CONDO,1719.0,,3.0,3.0,1997.0,28,2060.0,,,2.0,True,,,N/A,1170000,3,7,16,25.767899,-80.1865,False,28.0,636175.0,8,567.645390324767
70774875,3071 SW 27th Ave UNIT 17,Miami,FL,33133,295000,CONDO,507.0,,1.0,1.0,1964.0,61,330.0,,,1.0,True,,,N/A,295000,3,9,16,25.7343,-80.237305,False,3.0,251966.66666666666,3,556.8058172022461
70775004,2627 S Bayshore Dr APT 606,Miami,FL,33133,2470000,CONDO,1756.0,,2.0,3.0,2005.0,20,2689.0,,,2.0,True,,,N/A,2470000,3,9,16,25.73221,-80.23494,False,32.0,6966111.0,9,1648.4949704440326
70775438,31 SE 5th St APT 2007,Miami,FL,33131,405000,CONDO,757.0,,1.0,1.0,2006.0,19,859.0,,,1.0,True,True,,N/A,405000,3,7,16,25.769579,-80.19188,False,42.0,528880.4444444445,9,485.37096076549835
70776290,901 Brickell Key Blvd APT 1505,Miami,FL,33131,1251000,CONDO,1505.0,,2.0,3.0,2005.0,20,90.0,,,2.0,True,,,N/A,1251000,3,7,16,25.769299,-80.186905,False,38.0,1434937.5,8,689.8514043023172
70787620,16631 SW 57th St,Miami,FL,33193,850000,SINGLE_FAMILY,1997.0,6691.0,4.0,3.0,2006.0,19,,,,2.0,True,,,N/A,850000,3,9,16,25.712305,-80.4626,False,,783600.0,7,297.96015959445515
82065976,1021 NW 3rd St APT 308,Miami,FL,33128,115000,CONDO,465.0,,1.0,1.0,1930.0,95,164.0,,,0.0,False,,,N/A,115000,3,3,16,25.7768,-80.212,False,3.0,100399.875,8,203.78415289798056
82412969,3470 E Coast Ave APT H2709,Miami,FL,33137,800000,CONDO,1181.0,,2.0,3.0,2007.0,18,1503.0,,,1.0,True,,,N/A,800000,3,4,16,25.809553,-80.19159,False,30.0,707666.6666666666,9,658.0974170397272
92437296,1100 Biscayne Blvd UNIT 4403,Miami,FL,33132,885800,CONDO,1498.0,,2.0,3.0,2009.0,16,1909.0,,,1.0,True,,,N/A,885800,3,6,16,25.785198,-80.19011,False,0.0,985112.5,8,599.3384927352656
92448610,1050 Brickell Ave APT 2406,Miami,FL,33131,2800,CONDO,613.0,,0.0,1.0,2008.0,17,,,,,False,,,N/A,326381,3,7,4,25.763319,-80.19184,False,,3172.222222222222,9,3.195209327986109
122016209,21444 SW 133rd Ave,Miami,FL,33177,1100000,SINGLE_FAMILY,3116.0,0.60844811753903,5.0,3.0,2013.0,12,,,,3.0,True,,,N/A,1100000,3,6,16,25.56733,-80.40729,False,,1021200.0,8,356.1215585020569
439969296,7807 NW 5th Ave,Miami,FL,33150,540000,SINGLE_FAMILY,1540.0,4440.0,4.0,2.0,2024.0,1,,Under Construction,,0.0,False,,,N/A,540000,3,5,16,25.84636,-80.205185,False,,548633.3333333334,3,453.0122645384936
442189118,1010 Brickell Avenue #Lph-01,Miami,FL,33131,1700000,CONDO,1753.0,0.0,3.0,3.0,2017.0,8,2332.0,Resale,,2.0,True,,,N/A,1700000,3,7,16,25.764002,-80.19225,False,50.0,1032116.6666666666,6,747.4370415482898
442968605,11230 SW 104th St #11230,Miami,FL,33176,460000,TOWNHOUSE,1080.0,,2.0,2.0,1977.0,48,299.0,,,1.0,True,,,N/A,460000,3,9,16,25.67167,-80.37687,False,1.0,471028.5714285714,7,367.0870715435932
443349637,190 SW 38th Ct,Miami,FL,33134,960000,SINGLE_FAMILY,1776.0,6750.0,3.0,3.0,2024.0,1,,Under Construction,,0.0,False,,,N/A,960000,3,6,16,25.770283,-80.25923,False,,862971.4285714285,7,454.92050207343544
443944818,325 Biscayne Blvd APT 4016,Miami,FL,33131,410000,CONDO,846.0,,1.0,1.0,2005.0,20,957.0,,,1.0,True,,,N/A,410000,3,6,16,25.771706,-80.18637,False,44.0,3432.222222222222,9,3.5589013528733457
446007229,13890 Jefferson St,Miami,FL,33176,850000,SINGLE_FAMILY,,7500.0,4.0,3.0,2024.0,1,,New Construction,,1.0,True,,,N/A,850000,3,9,16,25.638998,-80.38093,False,,478387.5,8,342.0508528859041
447520745,11392 SW 86th Ln #11392,Miami,FL,33173,600000,TOWNHOUSE,1492.0,,3.0,2.0,1981.0,44,240.0,,,1.0,True,,,N/A,600000,3,9,16,25.687744,-80.37802,False,1.0,582237.5,8,387.86748761601905
2054600372,8150 Ponce De Leon Rd,Miami,FL,33143,10450000,SINGLE_FAMILY,6746.0,0.7084940312213,8.0,8.0,2016.0,9,,,,3.0,True,True,,N/A,10450000,3,10,16,25.69636,-80.273384,False,,8494900.0,8,1455.2002860591401
2057185044,12724 SW 68th Ln #12724,Miami,FL,33183,465000,TOWNHOUSE,1089.0,,2.0,2.0,1979.0,46,215.0,,,0.0,False,,,N/A,465000,3,8,16,25.703001,-80.39954,False,1.0,454800.0,7,391.2310997109104
2075568556,584 NW 65th St,Miami,FL,33150,2500000,MULTI_FAMILY,8340.0,,5.0,4.0,1968.0,57,,,Other,,False,,,N/A,2500000,3,5,16,25.834803,-80.2065,False,2.0,618300.0,1,634.1538461538462
2092506664,851 NW 36th Ave,Miami,FL,33125,800000,MULTI_FAMILY,2226.0,,5.0,3.0,1956.0,69,,,,,False,,,N/A,800000,3,4,16,25.780703,-80.25385,False,1.0,,0,
2140337215,3470 E Coast Ave APT 2709,Miami,FL,33137,800000,CONDO,1849.0,,2.0,2.5,,N/A,,,,,False,,,N/A,800000,3,4,16,25.809357,-80.19193,False,,919925.0,4,1160.0671578654162
2069151030,412 NW 23rd Ct,Miami,FL,33125,850000,MULTI_FAMILY,2621.0,,8.0,4.0,1924.0,101,,,,,False,,,N/A,850000,3,6,17,25.776772,-80.233864,False,1.0,732237.5,8,572.561273788607
43808417,104 NE 56th St,Miami,FL,33137,440000,SINGLE_FAMILY,1088.0,7150.0,3.0,2.0,1930.0,95,,,,0.0,False,,,N/A,440000,3,5,19,25.82685,-80.19406,False,,,0,
43810499,1824 NW 47th St,Miami,FL,33142,420000,MULTI_FAMILY,1907.0,,4.0,3.0,1936.0,89,,,,,False,,,N/A,420000,3,5,19,25.81758,-80.22686,True,2.0,532400.0,2,375.98870056497174
43813507,831 NW 47th Ter,Miami,FL,33127,450000,SINGLE_FAMILY,1152.0,5000.0,2.0,1.0,1946.0,79,,,,0.0,False,,,N/A,450000,3,5,19,25.819122,-80.21076,False,,459600.0,8,335.0271088063678
43817698,2286 NW 35th St,Miami,FL,33142,580000,SINGLE_FAMILY,2440.0,6912.0,5.0,4.0,1938.0,87,,,,0.0,False,,,N/A,580000,3,5,19,25.808165,-80.23372,False,,455080.0,5,423.93425849437654
43819100,4725 NW 7th St APT 105-3,Miami,FL,33126,270000,CONDO,715.0,,2.0,1.0,1973.0,52,257.0,,,0.0,False,,,N/A,270000,3,6,19,25.779057,-80.27367,False,4.0,243771.42857142858,7,323.62719122309915
43829201,5600 NE 6th Ave,Miami,FL,33137,5690000,SINGLE_FAMILY,5401.0,0.43438934802571,5.0,6.0,1926.0,99,,,,0.0,False,True,,N/A,5690000,3,7,19,25.828,-80.183304,False,,2480742.8571428573,7,904.7865393342771
43833476,555 NE 15th St APT 24D,Miami,FL,33132,285000,CONDO,890.0,,1.0,2.0,1980.0,45,1162.0,,,0.0,False,,,N/A,285000,3,6,19,25.790125,-80.185684,False,33.0,201500.0,9,503.06936322287197
43852273,1686 SW 12th St,Miami,FL,33135,950000,SINGLE_FAMILY,1741.0,5900.0,4.0,2.0,1967.0,58,,,,0.0,False,,,N/A,950000,3,7,19,25.761469,-80.22209,False,,788433.3333333334,6,485.2828564364054
43868411,1450 Brickell Bay Dr APT 605,Miami,FL,33131,525000,CONDO,1030.0,,2.0,2.0,1977.0,48,1095.0,,,1.0,True,,,N/A,525000,3,7,19,25.757404,-80.19103,False,21.0,425325.0,8,401.4541582095143
44181091,1400 SW 92nd Ave,Miami,FL,33174,760000,SINGLE_FAMILY,1850.0,7500.0,3.0,2.0,1959.0,66,,,Ranch,0.0,True,,,N/A,760000,3,8,19,25.75655,-80.34424,False,,708150.0,8,428.6320228301769
44185570,7300 SW 23rd St,Miami,FL,33155,835000,MULTI_FAMILY,2294.0,,5.0,3.0,1970.0,55,,,,,False,,,N/A,835000,3,6,19,25.748943,-80.313614,False,1.0,1116400.0,1,3322.6190476190477
44187444,6365 SW 30th St,Miami,FL,33155,920000,SINGLE_FAMILY,1560.0,9000.0,3.0,2.0,1954.0,71,,,,1.0,True,,,N/A,920000,3,6,19,25.742617,-80.29842,False,,761250.625,8,448.4237413451174
44192249,8451 SW 29th St,Miami,FL,33155,670000,SINGLE_FAMILY,1460.0,7600.0,3.0,2.0,1957.0,68,,,,0.0,False,,,N/A,670000,3,8,19,25.742683,-80.332855,False,,720437.5,8,447.7934324798673
44193531,3740 SW 87th Ave,Miami,FL,33165,935000,MULTI_FAMILY,2228.0,,4.0,4.0,2015.0,10,,,,,False,,,N/A,935000,3,8,19,25.735172,-80.33604,False,1.0,672300.0,2,561.359243697479
44201575,5330 SW 97th Ave,Miami,FL,33165,699000,SINGLE_FAMILY,1476.0,9375.0,3.0,2.0,1952.0,73,,,,0.0,False,,,N/A,699000,3,9,19,25.718945,-80.351295,False,,628628.5714285715,7,430.66291772093115
44205497,8445 SW 43rd Ter,Miami,FL,33155,850000,SINGLE_FAMILY,1665.0,10500.0,3.0,2.0,1953.0,72,,,,0.0,False,True,,N/A,850000,3,8,19,25.728762,-80.33255,False,,762387.5,8,455.23199021646104
44206703,4718 SW 67th Ave APT B9,Miami,FL,33155,550000,TOWNHOUSE,1234.0,,3.0,3.0,1975.0,50,647.0,,,2.0,True,,,N/A,550000,3,8,19,25.726889,-80.306786,False,2.0,520300.0,3,441.56907952305943
44206732,4724 SW 67th Ave APT E6,Miami,FL,33155,540000,TOWNHOUSE,1234.0,,3.0,2.0,1976.0,49,695.0,,,2.0,True,,,N/A,540000,3,8,19,25.726593,-80.30566,False,1.0,484800.0,3,392.86871961102105
44218019,7723 SW 102nd Pl,Miami,FL,33173,655000,TOWNHOUSE,2460.0,,3.0,3.0,1971.0,54,290.0,,,2.0,True,,,N/A,655000,3,7,19,25.696274,-80.35809,False,1.0,558350.0,4,345.77264769544183
44218682,8401 SW 107th Ave APT 132E,Miami,FL,33173,298000,CONDO,1235.0,,2.0,2.0,1974.0,51,534.0,Updated/Remodeled,,0.0,False,,,N/A,298000,3,7,19,25.689573,-80.362495,False,3.0,276300.0,8,238.61718314241375
44218841,8401 SW 107th Ave APT 336E,Miami,FL,33173,220000,CONDO,1067.0,,1.0,2.0,1974.0,51,459.0,,,0.0,False,,,N/A,220000,3,7,19,25.689573,-80.362495,False,3.0,278711.1111111111,9,238.91477907755714
44255567,6110 SW 129th Pl APT 1706,Miami,FL,33183,430000,TOWNHOUSE,1100.0,,2.0,3.0,1988.0,37,228.0,Updated/Remodeled,Split Level,1.0,True,,,N/A,430000,3,8,19,25.709873,-80.40389,False,2.0,405025.0,4,318.5195020174501
44255768,13465 SW 62nd St APT 4,Miami,FL,33183,330000,TOWNHOUSE,900.0,,2.0,2.0,1990.0,35,523.0,New Construction,,0.0,False,,,N/A,330000,3,8,19,25.710794,-80.411476,False,1.0,402180.0,5,373.73613093950536
44265202,8650 SW 149th Ave APT 303,Miami,FL,33193,243000,CONDO,1055.0,,2.0,2.0,1979.0,46,485.0,,,1.0,True,,,N/A,243000,3,9,19,25.686321,-80.433945,False,2.0,247300.0,7,254.4680304981392
44268010,7999 SW 152nd Ave #602-6,Miami,FL,33193,299000,TOWNHOUSE,800.0,,2.0,2.0,1993.0,32,254.0,,,0.0,False,,,N/A,299000,3,7,19,25.692831,-80.4379,False,2.0,309000.0,1,386.25
44273501,8540 SW 133rd Avenue Rd APT 316,Miami,FL,33183,256900,CONDO,965.0,,2.0,2.0,1982.0,43,488.0,,,0.0,False,,,N/A,256900,3,8,19,25.687172,-80.41242,False,2.0,264171.4285714286,7,282.20683654345873
44275727,10011 SW 77th Ct,Miami,FL,33156,520000,TOWNHOUSE,1348.0,,3.0,3.0,1987.0,38,656.0,Updated/Remodeled,,2.0,True,,,N/A,520000,3,7,19,25.677345,-80.32032,False,2.0,435612.5,8,384.71359952675084
44275880,7862 SW 102nd Ln,Miami,FL,33156,489000,TOWNHOUSE,1152.0,,2.0,3.0,1996.0,29,614.0,,,0.0,False,,,N/A,489000,3,7,19,25.674953,-80.322136,False,2.0,461360.0,5,399.9334291187739
44276048,7751 SW 94th Ter,Miami,FL,33156,660000,TOWNHOUSE,1446.0,,3.0,3.0,1999.0,26,185.0,,,0.0,False,,,N/A,660000,3,7,19,25.682993,-80.320366,False,2.0,594025.0,4,441.9168477512262
44286178,10240 SW 134th St,Miami,FL,33176,1147500,SINGLE_FAMILY,2258.0,0.38434343434343,4.0,2.0,1973.0,52,,,,1.0,True,True,,N/A,1147500,3,8,19,25.644691,-80.359665,False,,1118775.0,8,401.1136346349384
44287203,11204 SW 133rd Ter,Miami,FL,33176,850000,SINGLE_FAMILY,2178.0,0.41184573002755,3.0,2.0,1977.0,48,,,,2.0,True,True,,N/A,850000,3,8,19,25.644869,-80.37535,False,,979075.0,8,448.9952636352106
44287693,13412 SW 116th Ct,Miami,FL,33176,565000,SINGLE_FAMILY,1414.0,4895.0,4.0,2.0,1987.0,38,119.0,,,2.0,True,,,N/A,565000,3,8,19,25.643246,-80.381996,False,,541625.0,8,413.43105730547353
44289218,10722 SW 145th St,Miami,FL,33176,630000,SINGLE_FAMILY,2472.0,0.34951790633609,3.0,3.0,1972.0,53,,,,0.0,False,,,N/A,630000,3,6,19,25.634497,-80.36695,False,,524825.0,8,385.6533207420341
44297474,10531 SW 164th St,Miami,FL,33157,700000,SINGLE_FAMILY,2137.0,8250.0,4.0,3.0,1967.0,58,,,,0.0,False,True,,N/A,700000,3,7,19,25.617168,-80.36448,False,,585537.5,8,379.57051524006874
44299831,15423 SW 112th Pl,Miami,FL,33157,475000,SINGLE_FAMILY,1120.0,3830.0,2.0,2.0,1985.0,40,40.0,,,0.0,False,,,N/A,475000,3,6,19,25.62502,-80.37568,False,,402404.5714285714,7,325.30806848652384
44337583,15287 SW 169th Ln,Miami,FL,33187,760000,SINGLE_FAMILY,2107.0,7500.0,4.0,3.0,1995.0,30,,,,2.0,True,True,,N/A,760000,3,7,19,25.60955,-80.43994,False,,625537.875,8,323.1085639733933
44342983,11810 SW 171st Ter,Miami,FL,33177,556000,SINGLE_FAMILY,1424.0,7500.0,3.0,2.0,1961.0,64,,,,0.0,False,,,N/A,556000,3,5,19,25.60895,-80.383896,False,,505942.85714285716,7,421.5077464925409
44349596,19729 SW 114th Ave APT 150,Miami,FL,33157,148000,CONDO,800.0,,2.0,2.0,1974.0,51,358.0,,,0.0,False,,,N/A,148000,3,7,19,25.582241,-80.37604,False,3.0,163444.44444444444,9,204.30555555555554
44349644,19701 SW 114th Ave APT 265,Miami,FL,33157,148000,CONDO,800.0,,2.0,2.0,1974.0,51,358.0,,,0.0,False,,,N/A,148000,3,7,19,25.582245,-80.37604,False,3.0,164000.0,8,205.0
64726824,8567 SW 109th Ave #8567,Miami,FL,33173,349000,TOWNHOUSE,987.0,,2.0,3.0,1996.0,29,266.0,,,0.0,False,,,N/A,349000,3,7,19,25.689096,-80.36922,False,2.0,362433.3333333333,3,367.2070246538331
82059900,50 Biscayne Blvd APT 5411,Miami,FL,33132,715000,CONDO,1256.0,,2.0,2.0,2007.0,18,1431.0,,,1.0,True,,,N/A,715000,3,6,19,25.775002,-80.18799,False,54.0,544127.7777777778,9,480.2978656348948
87937901,2217 NW 7th St APT 704,Miami,FL,33125,345000,CONDO,1161.0,,3.0,2.0,2008.0,17,379.0,,,2.0,True,,,N/A,345000,3,3,19,25.780035,-80.23166,False,14.0,259685.7142857143,7,280.45427187119043
247698049,1251 NW 26th St,Miami,FL,33142,840000,MULTI_FAMILY,1651.0,,5.0,3.0,1932.0,93,,New Construction,,,False,,,N/A,840000,3,3,19,25.800879,-80.21641,False,1.0,609033.3333333334,3,346.0547915366408
337200729,851 NE 1st Ave UNIT 4308,Miami,FL,33132,830000,CONDO,1498.0,,2.0,3.0,2019.0,6,,,,1.0,True,,,N/A,830000,3,6,19,25.782454,-80.19183,False,59.0,923437.5,8,514.5331116812035
338741932,22610 SW 128th Pl,Miami,FL,33170,685000,SINGLE_FAMILY,1901.0,7175.0,4.0,3.0,2020.0,5,,,,2.0,True,,,N/A,685000,3,6,19,25.556742,-80.4005,False,,777775.0,4,325.754797945466
440810698,17360 SW 139th Ct #17360,Miami,FL,33177,380000,TOWNHOUSE,1270.0,,3.0,3.0,1996.0,29,139.0,,,0.0,False,,,N/A,380000,3,7,19,25.605963,-80.41885,False,2.0,437466.6666666667,6,344.4619422572178
442644563,1717 N Bayshore Dr UNIT 2238,Miami,FL,33132,398000,CONDO,1066.0,,1.0,2.0,1986.0,39,796.0,As Is,,1.0,True,,,N/A,398000,3,6,19,25.791533,-80.18617,False,42.0,358669.55555555556,9,351.30941458657225
443981277,(Undisclosed Address),Miami,FL,33138,475000,CONDO,1423.0,,1.0,1.0,1968.0,57,1047.0,,,2.0,True,,,N/A,475000,3,5,19,,,False,8.0,330283.3333333333,9,375.3237238233151
443999242,2770 SW 32nd Ct,Miami,FL,33133,2275000,SINGLE_FAMILY,3589.0,8700.0,5.0,6.0,2024.0,1,,New Construction,Modern/Contemporary,1.0,True,True,,N/A,2275000,3,6,19,25.739784,-80.2472,False,,1050420.0,5,671.6522790994579
447923896,60 NW 37th Ave APT 1202,Miami,FL,33125,410000,CONDO,1027.0,,2.0,2.0,2005.0,20,555.0,,,2.0,True,,,N/A,410000,3,6,19,25.77292,-80.25585,False,14.0,283300.0,4,300.0797015541533
2066417038,235 SW 17th Rd,Miami,FL,33129,665000,SINGLE_FAMILY,1051.0,,2.0,2.0,2005.0,20,600.0,,,1.0,True,,,N/A,665000,3,7,19,25.760393,-80.198685,False,,528500.0,1,595.8286358511838
2067351609,300 Biscayne Blvd #T-2702,Miami,FL,33131,540000,CONDO,1017.0,,2.0,2.0,2008.0,17,1200.0,,,1.0,True,,,N/A,540000,3,6,19,25.771437,-80.18777,False,40.0,442988.8888888889,9,480.4714656185475
2140661357,12225 SW 215th Ter,Miami,FL,33177,3200,SINGLE_FAMILY,1169.0,,3.0,2.0,,N/A,,,,,False,,,N/A,355000,3,6,15,25.567179,-80.38977,False,,3050.0,4,2.3099462943071964
43825506,1901 NW South River Dr APT 18B,Miami,FL,33125,380000,CONDO,1000.0,,2.0,2.0,1983.0,42,295.0,,,,False,,,N/A,380000,3,3,20,25.785172,-80.22656,False,,283216.6666666667,6,283.21666666666664
43835145,420 SW 63rd Ct,Miami,FL,33144,575000,SINGLE_FAMILY,855.0,6250.0,2.0,1.0,1925.0,100,,,,0.0,False,,,N/A,575000,3,6,20,25.766394,-80.29925,False,,579112.5,8,377.41547818975744
43835178,6445 SW 6th St,Miami,FL,33144,655000,SINGLE_FAMILY,1855.0,7800.0,3.0,2.0,1947.0,78,,,,0.0,False,,,N/A,655000,3,6,20,25.765266,-80.3008,False,,598971.4285714285,7,354.5379787825753
43835308,700 SW 63rd Ave,Miami,FL,33144,300000,SINGLE_FAMILY,1211.0,7457.0,2.0,1.0,1953.0,72,187.0,,,,False,,,N/A,300000,3,6,20,25.764027,-80.29816,False,,535740.0,5,411.4462566466567
43855301,2350 SW 25th Ter,Miami,FL,33133,970000,SINGLE_FAMILY,2227.0,8625.0,3.0,2.0,1942.0,83,,,,2.0,True,,,N/A,970000,3,6,20,25.744623,-80.23307,False,,1054925.0,8,625.1346219048517
43856302,2500 Overbrook St,Miami,FL,33133,1725000,SINGLE_FAMILY,1411.0,8607.0,3.0,2.0,1951.0,74,,,,,False,,,N/A,1725000,3,9,20,25.739084,-80.23529,False,,1889728.5714285714,7,1055.046079428185
43864191,3848 Little Ave,Miami,FL,33133,3250000,SINGLE_FAMILY,2293.0,0.32160238751148,3.0,3.0,1902.0,123,125.0,,,,False,,,N/A,3250000,3,9,20,25.715801,-80.254875,False,,5964495.0,5,1676.427501566151
43866345,501 SW 1st St APT 505,Miami,FL,33130,255000,CONDO,758.0,,2.0,1.0,1988.0,37,346.0,,,1.0,True,,,N/A,255000,3,3,20,25.773108,-80.20299,False,6.0,208691.66666666666,6,280.3108812394401
43999360,6750 SW 74th St,South Miami,FL,33143,2990000,SINGLE_FAMILY,5397.0,0.91000918273646,6.0,6.0,1953.0,72,,Updated/Remodeled,,0.0,False,True,,N/A,2990000,3,9,20,25.701403,-80.30232,False,,1654412.5,8,626.7847431793003
44234903,1331 SW 124th Ct #3-G,Miami,FL,33184,515000,TOWNHOUSE,1640.0,,3.0,3.0,1983.0,42,417.0,,,0.0,False,,,N/A,515000,3,9,20,25.755564,-80.396385,False,2.0,417514.28571428574,7,260.86390530054365
44245751,15140 SW 46th Ter,Miami,FL,33185,850000,SINGLE_FAMILY,2508.0,8046.0,5.0,4.0,1989.0,36,121.0,,,0.0,False,True,,N/A,850000,3,8,20,25.72168,-80.43843,False,,767342.8571428572,7,324.5206221457787
44277069,9780 SW 103 Avenue Rd,Miami,FL,33176,862500,SINGLE_FAMILY,1665.0,0.27490817263545,3.0,2.0,1966.0,59,,,Ranch,2.0,True,True,,N/A,862500,3,7,20,25.679321,-80.36487,False,,855662.5,8,421.2124120928795
44297012,10500 SW 160th St,Miami,FL,33157,599000,SINGLE_FAMILY,1980.0,8100.0,3.0,2.0,1962.0,63,,,,1.0,True,,,N/A,599000,3,7,20,25.62048,-80.363434,False,,590535.7142857143,7,322.85169727417093
44301665,10050 SW 171st St,Miami,FL,33157,640000,SINGLE_FAMILY,1606.0,8325.0,4.0,2.0,1950.0,75,,Completely Renovated,,0.0,False,True,,N/A,640000,3,6,20,25.610432,-80.35436,False,,439200.0,6,416.35895757196045
64441993,16342 SW 53rd Ter,Miami,FL,33185,799500,SINGLE_FAMILY,,,5.0,4.0,2004.0,21,,,,0.0,False,,,N/A,799500,3,9,20,25.715027,-80.45814,False,,758416.6666666666,6,355.44405466793756
72123085,16255 SW 56th Ter,Miami,FL,33193,550000,TOWNHOUSE,2027.0,2435.0,3.0,2.0,2007.0,18,125.0,,,,False,,,N/A,550000,3,9,20,25.712877,-80.45644,False,,585800.0,4,278.8473098258413
113377573,92 SW 3rd St APT 4102,Miami,FL,33130,620000,CONDO,1110.0,,2.0,2.0,2010.0,15,1275.0,,,1.0,True,,,N/A,620000,3,6,20,25.769594,-80.195045,False,52.0,659866.6666666666,9,502.0478926392057
156394256,22420 SW 126th Ave,Miami,FL,33170,780000,SINGLE_FAMILY,2334.0,0.42543617998163,4.0,3.0,2022.0,3,,,,2.0,True,,,N/A,780000,3,6,20,25.558243,-80.39561,False,,572200.0,6,401.92258326661954
442424768,1300 S Miami Ave #PENTHOUSE 4908,Miami,FL,33130,640500,CONDO,682.0,,1.0,2.0,2016.0,9,886.0,,,2.0,True,,,N/A,640500,3,7,20,25.76117,-80.19368,False,51.0,805616.6666666666,9,754.1374015923501
446406379,22550 SW 124th Ct #B,Miami,FL,33170,609990,TOWNHOUSE,2518.0,,5.0,3.0,2024.0,1,,Under Construction,,2.0,True,,,N/A,609990,3,8,20,25.653048,-80.395935,False,2.0,578445.0,2,271.75263442336177
2061345305,7320 Erwin Rd,Miami,FL,33143,7292400,SINGLE_FAMILY,7682.0,0.2790404040404,6.0,8.0,2024.0,1,,New Construction,,2.0,True,True,,N/A,7292400,3,10,20,25.703663,-80.269196,False,,3531400.0,8,849.8044400416907
43808078,5 NW 60th Ter,Miami,FL,33127,410000,SINGLE_FAMILY,1358.0,4500.0,3.0,2.0,1947.0,78,,,,0.0,False,,,N/A,410000,3,5,21,25.831583,-80.196815,False,,425740.0,5,373.765197102825
43815565,135 NW 32nd St,Miami,FL,33127,1213000,SINGLE_FAMILY,0.0,5000.0,15.0,15.0,2025.0,0,,New Construction,,0.0,False,,,N/A,1213000,3,4,21,25.806961,-80.198044,False,,731950.0,2,570.4191699988306
43836593,6725 Tamiami Canal Rd,Miami,FL,33126,400000,SINGLE_FAMILY,1965.0,9478.0,2.0,1.0,1950.0,75,,,,,False,,,N/A,400000,3,6,21,25.773209,-80.30492,False,,676287.5,8,486.48283827733235
43838134,1049 SW 2nd St,Miami,FL,33130,252300,CONDO,896.0,,2.0,1.0,1984.0,41,,,,,False,,,N/A,252300,3,3,21,25.771885,-80.212234,False,,261871.42857142858,7,292.2672193877551
43860332,4085 Poinciana Ave,Miami,FL,33133,2450000,SINGLE_FAMILY,2565.0,0.30500459136823,4.0,3.0,1946.0,79,,Updated/Remodeled,,0.0,False,,,N/A,2450000,3,9,21,25.720287,-80.25893,False,,2423242.8571428573,7,959.487770289795
43861271,3583 Marler Ave,Miami,FL,33133,1055000,SINGLE_FAMILY,1196.0,7950.0,3.0,2.0,1970.0,55,,,,0.0,False,,,N/A,1055000,3,9,21,25.72425,-80.25057,False,,1337083.3333333333,6,947.6828211753473
43861540,2935 Day Ave,Miami,FL,33133,1615000,MULTI_FAMILY,2215.0,5998.0,5.0,3.0,1970.0,55,435.0,,,,False,,,N/A,1615000,3,9,21,25.732035,-80.24055,False,,,0,
44186524,2107 SW 58th Ave,Miami,FL,33155,500000,SINGLE_FAMILY,1188.0,6721.0,2.0,1.0,1939.0,86,,,,,False,,,N/A,500000,3,8,21,25.751131,-80.289116,False,,589360.0,5,436.26220892661
44193704,3510 SW 87th Pl,Miami,FL,33165,600000,SINGLE_FAMILY,1664.0,5350.0,4.0,3.0,1955.0,70,,,,0.0,False,,,N/A,600000,3,8,21,25.73741,-80.33758,False,,558320.0,5,400.2006482460573
44209036,7025 SW 72nd Ct,Miami,FL,33143,2100000,SINGLE_FAMILY,3934.0,0.88898071625344,3.0,2.5,1954.0,71,,,,,False,,,N/A,2100000,3,9,21,25.70472,-80.310265,False,,2299542.8571428573,7,715.3692996771234
44210719,9609 SW 59th St,Miami,FL,33173,525000,SINGLE_FAMILY,1930.0,8054.0,3.0,2.0,1969.0,56,,,,,False,,,N/A,525000,3,8,21,25.713844,-80.35027,False,,759650.0,8,412.32572216279175
44216619,7466 SW 112th Pl,Miami,FL,33173,547000,SINGLE_FAMILY,1256.0,4250.0,2.0,2.0,1986.0,39,75.0,,,0.0,False,,,N/A,547000,3,7,21,25.69816,-80.37594,False,,584100.0,8,381.6095873198738
44218066,7716 SW 102nd Pl,Miami,FL,33173,450000,TOWNHOUSE,1375.0,,2.0,2.0,1970.0,55,255.0,,,0.0,False,,,N/A,450000,3,7,21,25.6962,-80.35941,False,1.0,554075.0,8,337.8999087976482
44222234,7727 SW 86th St #A1-304,Miami,FL,33143,2000,CONDO,809.0,,1.0,1.0,1969.0,56,,,,,False,,,N/A,267000,3,7,28,25.6911,-80.31934,False,,2399.0,6,2.5343429820124777
44235952,11790 SW 18th St APT 227-3,Miami,FL,33175,200000,CONDO,898.0,,2.0,2.0,1984.0,41,258.0,,,0.0,False,True,,N/A,200000,3,9,21,25.748718,-80.38583,True,5.0,219681.25,8,244.56536779899798
44262148,15744 SW 69th Ln,Miami,FL,33193,639000,SINGLE_FAMILY,1711.0,5001.0,3.0,2.0,2001.0,24,,,,1.0,True,,,N/A,639000,3,7,21,25.70086,-80.44766,False,,704114.2857142857,7,346.01194777247264
44268361,14915 SW 80th St APT 215,Miami,FL,33193,325000,TOWNHOUSE,1060.0,,2.0,3.0,1996.0,29,375.0,Updated/Remodeled,,0.0,False,,,N/A,325000,3,7,21,25.693405,-80.434685,False,2.0,,0,
44300682,11344 SW 172nd St #21643,Miami,FL,33157,225000,TOWNHOUSE,903.0,,1.0,1.0,1968.0,57,403.0,,,1.0,True,,,N/A,225000,3,5,21,25.608482,-80.376205,False,1.0,,0,
44307499,11771 SW 94th St,Miami,FL,33186,670000,SINGLE_FAMILY,1663.0,5079.0,4.0,2.0,1989.0,36,120.0,,,0.0,True,,,N/A,670000,3,9,21,25.681047,-80.38587,False,,637971.0,7,340.99076953852165
44331710,13459 SW 144th Ter,Miami,FL,33186,699888,SINGLE_FAMILY,2404.0,5303.0,4.0,3.0,2000.0,25,263.0,"Updated/Remodeled,Completely Renovated",,2.0,True,,,N/A,699888,3,8,21,25.63345,-80.40999,False,,732387.5,8,350.5078718427493
44337412,14832 SW 173rd St,Miami,FL,33187,635400,SINGLE_FAMILY,1465.0,6773.0,3.0,2.0,1996.0,29,,,,1.0,True,,,N/A,635000,3,7,112,25.606314,-80.432556,False,,638075.0,8,388.47209935807905
44359996,11970 SW 190th St,Miami,FL,33177,650000,SINGLE_FAMILY,2340.0,8775.0,5.0,2.0,1972.0,53,,Updated/Remodeled,,0.0,False,,,N/A,650000,3,5,21,25.590805,-80.386314,False,,516014.375,8,338.28151254758984
58455153,15731 SW 59th Ter,Miami,FL,33193,810000,SINGLE_FAMILY,1814.0,6599.0,4.0,3.0,2003.0,22,,,,,False,,,N/A,810000,3,7,21,25.711443,-80.44789,False,,833362.5,8,337.85876005853453
66172996,136 NW 53rd St,Miami,FL,33127,703000,SINGLE_FAMILY,1500.0,7200.0,3.0,2.0,2003.0,22,,,Ranch,0.0,False,,,N/A,703000,3,6,21,25.82404,-80.198715,False,,659147.3333333334,3,350.7570876892718
92450116,900 Biscayne Blvd APT 4705,Miami,FL,33132,660000,CONDO,929.0,,1.0,2.0,2008.0,17,1233.0,,,1.0,True,,,N/A,660000,3,6,21,25.783337,-80.19002,False,63.0,641911.1111111111,9,496.53419877862297
122017418,3250 NE 1st Ave APT 906,Miami,FL,33137,580000,CONDO,1146.0,,2.0,2.0,2007.0,18,1700.0,,,1.0,True,,,N/A,580000,3,4,21,25.807512,-80.19312,False,11.0,504450.0,9,452.3836968679048
162031204,16111 SW 136th Way,Miami,FL,33196,870000,SINGLE_FAMILY,2597.0,5250.0,4.0,3.0,2016.0,9,90.0,,,2.0,True,,,N/A,870000,3,9,21,25.63882,-80.45484,False,,969212.5,8,339.92729454121525
247649875,1080 Brickell Ave UNIT 2807,Miami,FL,33131,575000,CONDO,748.0,,1.0,1.0,2016.0,9,1158.0,,,1.0,True,,,N/A,575000,3,7,21,25.762798,-80.19265,False,44.0,898444.4444444445,9,756.8394533746658
302867953,16581 SW 146th Ct,Miami,FL,33177,750000,SINGLE_FAMILY,1865.0,7500.0,4.0,2.0,1995.0,30,,,,2.0,True,True,,N/A,750000,3,9,21,25.61303,-80.42932,False,,670787.5,8,370.8433938020703
304792887,3131 NE 7th Ave UNIT 3202,Miami,FL,33137,830000,CONDO,959.0,,1.0,2.0,2018.0,7,1312.0,,,1.0,True,True,,N/A,830000,3,4,21,25.807047,-80.18558,False,54.0,1790055.5555555555,9,1000.0977722113716
43815101,65 NW 42nd St,Miami,FL,33127,2750000,SINGLE_FAMILY,1263.0,7200.0,2.0,1.0,1924.0,101,,,,0.0,False,,,N/A,2750000,3,4,22,25.815266,-80.19693,False,,1630800.0,3,555.6060511410961
43827610,801 NE 71st St,Miami,FL,33138,3200000,SINGLE_FAMILY,1745.0,10001.0,3.0,4.0,1950.0,75,,,,,False,,,N/A,3200000,3,7,22,25.840647,-80.18005,False,,1845200.0,7,804.1752491397432
43827720,900 Belle Meade Island Dr,Miami,FL,33138,4300000,SINGLE_FAMILY,1917.0,0.28409090909091,2.0,2.0,1956.0,69,,,,,False,,,N/A,4300000,3,7,22,25.845144,-80.17747,True,,4507085.714285715,7,1498.2991755433989
43829479,880 NE 69th St APT 4S,Miami,FL,33138,330000,CONDO,1104.0,,2.0,2.0,1965.0,60,1793.0,,,,False,,,N/A,330000,3,7,22,25.838953,-80.178474,False,,267225.0,4,294.11306440642494
43830267,231 NE 43rd St,Miami,FL,33137,899800,SINGLE_FAMILY,1444.0,7475.0,2.0,2.0,1950.0,75,,,,1.0,True,,,N/A,899800,3,5,22,25.815773,-80.19064,False,,834712.5,8,527.9696041968185
43832384,1717 N Bayshore Dr #A-3039,Miami,FL,33132,425000,CONDO,1066.0,,1.0,2.0,1986.0,39,778.0,,,1.0,True,,,N/A,425000,3,6,22,25.791315,-80.18616,False,45.0,687111.1111111111,9,444.89389208119036
43844236,635 SW 39th Ave,Miami,FL,33134,900000,SINGLE_FAMILY,2238.0,6000.0,3.0,2.0,1940.0,85,,,,1.0,True,,,N/A,900000,3,6,22,25.765396,-80.25941,False,,718012.5,8,521.4188878158322
43845836,131 NW 48th Ct #A,Miami,FL,33126,530000,CONDO,1520.0,,,,1979.0,46,469.0,,,,False,,,N/A,530000,3,6,22,25.773134,-80.274055,False,,382900.0,3,356.37220074048656
43848799,3144 SW 21st St,Miami,FL,33145,890000,SINGLE_FAMILY,1929.0,5000.0,4.0,4.0,1939.0,86,,,,1.0,True,,,N/A,890000,3,6,22,25.751469,-80.24479,False,,701980.0,5,454.7150844299587
43851347,1511 SW 20th Ct,Miami,FL,33145,795000,SINGLE_FAMILY,2020.0,5050.0,4.0,2.0,1940.0,85,,,,0.0,False,,,N/A,795000,3,6,22,25.75858,-80.22764,False,,739000.0,8,459.885512688103
43873011,800 Claughton Island Dr APT 1501,Miami,FL,33131,241100,MULTI_FAMILY,1000.0,111.0,2.0,2.0,1995.0,30,2241.0,,,,False,,,N/A,241100,3,7,22,25.76514,-80.18433,False,,680400.0,1,680.4
44179845,1927 SW 107th Ave APT 301,Miami,FL,33165,295000,TOWNHOUSE,987.0,,3.0,2.0,1983.0,42,169.0,,,0.0,False,,,N/A,295000,3,8,22,25.751495,-80.36686,False,2.0,308928.5714285714,7,367.5667018970577
44189929,3235 SW 75th Ct,Miami,FL,33155,745000,SINGLE_FAMILY,2053.0,6500.0,3.0,2.0,1954.0,71,,,,0.0,False,,,N/A,745000,3,6,22,25.73976,-80.31756,False,,644637.5,8,533.7239270277742
44197875,3884 SW 107th Ave #1-7,Miami,FL,33165,420000,TOWNHOUSE,1349.0,,4.0,3.0,1979.0,46,392.0,Updated/Remodeled,,0.0,False,,,N/A,420000,3,9,22,25.732944,-80.369194,False,2.0,,0,
44202775,10511 SW 52nd St,Miami,FL,33165,595000,SINGLE_FAMILY,1348.0,8001.0,3.0,2.0,1959.0,66,,,,,False,,,N/A,595000,3,9,22,25.71934,-80.36518,False,,622087.5,8,431.07915043425464
44203392,5467 SW 90th Ct,Miami,FL,33165,620000,SINGLE_FAMILY,1077.0,8025.0,3.0,3.0,1954.0,71,,,,0.0,False,,,N/A,620000,3,8,22,25.717676,-80.34114,False,,681662.5,8,559.9811876106448
44223675,7920 Camino Real #M-310,Miami,FL,33143,316000,CONDO,804.0,,2.0,1.0,1972.0,53,464.0,,,0.0,False,,,N/A,316000,3,9,22,25.694637,-80.32204,False,4.0,250057.14285714287,7,351.20385232744786
44245418,5303 SW 153rd Ave,Miami,FL,33185,642000,SINGLE_FAMILY,1840.0,5645.0,3.0,2.5,1989.0,36,962.0,,,,False,,,N/A,642000,3,8,22,25.717045,-80.44041,False,,537743.125,8,346.87811341898373
44261394,6194 SW 149th Ave,Miami,FL,33193,679000,SINGLE_FAMILY,1814.0,4500.0,3.0,2.0,1989.0,36,,,,0.0,False,,,N/A,679000,3,7,22,25.708101,-80.435074,False,,696825.0,8,332.77255143879063
44270155,8735 SW 137th Ave UNIT 8735,Miami,FL,33183,419999,CONDO,1346.0,,2.0,3.0,1972.0,53,400.0,Substantially Remodeled,,0.0,False,,,N/A,419999,3,8,22,25.68699,-80.415,False,2.0,386725.0,8,264.7601969031245
44274485,9641 SW 77th Ave APT 101D,Miami,FL,33156,285000,CONDO,677.0,,1.0,1.0,1967.0,58,298.0,Completely Renovated,,0.0,False,,,N/A,285000,3,7,22,25.681646,-80.31813,False,3.0,337700.0,7,335.0971611830164
44289804,15014 SW 113th Pl,Miami,FL,33176,219000,TOWNHOUSE,809.0,3079.0,2.0,1.0,1974.0,51,,,,,False,,,N/A,219000,3,9,22,25.628422,-80.377625,False,,325920.0,5,350.10772260633496
62024049,16219 SW 58th Ln,Miami,FL,33193,442500,TOWNHOUSE,1224.0,,3.0,2.0,2003.0,22,70.0,,,0.0,False,,,N/A,442500,3,9,22,25.710653,-80.45583,False,1.0,474333.3333333333,6,387.74072288296003
70775652,445 SW 11th St APT 104,Miami,FL,33130,275000,CONDO,596.0,,1.0,1.0,1971.0,54,454.0,Updated/Remodeled,,1.0,True,,,N/A,275000,3,7,22,25.763468,-80.20153,False,4.0,264650.0,4,432.40120705198837
70776622,335 Biscayne Blvd APT 2207,Miami,FL,33131,712500,CONDO,1178.0,,2.0,2.0,2005.0,20,1327.0,,,1.0,True,,,N/A,712500,3,6,22,25.771448,-80.18636,False,44.0,468005.55555555556,9,443.89489980312123
70788789,10892 SW 181st Ln,Miami,FL,33157,410000,TOWNHOUSE,1580.0,3073.0,3.0,3.0,2006.0,19,150.0,,,1.0,True,,,N/A,410000,3,5,22,25.599953,-80.368195,False,2.0,421520.0,5,265.24914737457226
82064271,2497 SW 34th Ave #2497,Miami,FL,33145,787000,TOWNHOUSE,2154.0,,3.0,3.0,2007.0,18,400.0,,Coach Home,2.0,True,,,N/A,787000,3,6,22,25.744997,-80.24923,False,1.0,,0,
82412387,3451 1st Ave #M0908,Miami,FL,33137,770000,CONDO,986.0,,2.0,3.0,2007.0,18,1119.0,,,2.0,True,,,N/A,770000,3,4,22,25.809574,-80.192345,False,10.0,532250.0,6,496.7436427235766
119407602,2020 N Bayshore Dr APT 3607,Miami,FL,33137,10000,CONDO,1673.0,,2.0,3.0,2010.0,15,,,,,False,,,N/A,1620000,3,6,1,25.796682,-80.18767,True,,4200.0,1,5.9405940594059405
156326334,954 SW 87th Ct,Miami,FL,33174,1050000,SINGLE_FAMILY,,4.7,,,,N/A,,,,,False,,,N/A,1050000,3,8,22,25.760612,-80.33734,False,,705012.5714285715,7,381.7595262973652
247650325,(Undisclosed Address),Miami,FL,33130,5000,APARTMENT,1026.0,,2.0,2.0,,N/A,,,,,False,,,N/A,614500,3,7,12,,,False,,3700.0,1,4.768041237113402
306394976,650 NE 32nd St UNIT 3206,Miami,FL,33137,880000,CONDO,1067.0,,2.0,2.0,2018.0,7,940.0,New Construction,,1.0,True,,,N/A,880000,3,4,22,25.806902,-80.18625,False,55.0,1063125.0,8,873.1619734242695
338743326,23066 SW 128th Pl,Miami,FL,33170,375000,TOWNHOUSE,1697.0,1964.0,3.0,3.0,2023.0,2,,,,,False,,,N/A,375000,3,6,22,25.552612,-80.40027,False,,306450.0,3,229.72424381348017
338743995,227 NE 2nd St UNIT 1902,Miami,FL,33179,450000,CONDO,599.0,,1.0,1.0,2022.0,3,946.0,,,0.0,False,,,N/A,450000,3,6,22,25.776505,-80.18969,True,31.0,268132.22222222225,9,513.1736139839719
343003891,398 NE 5th St #2018,Miami,FL,33132,1280000,CONDO,1135.0,,3.0,3.0,2022.0,3,,,,,False,,,N/A,1280000,3,6,22,25.779139,-80.17726,False,,910633.3333333334,3,1448.1723134027077
2094379428,11410 SW 110th Ln UNIT 11410,Miami,FL,33176,550000,TOWNHOUSE,1584.0,,3.0,2.0,1977.0,48,294.0,,,2.0,True,,,N/A,550000,3,9,22,25.665232,-80.380295,False,2.0,531416.6666666666,6,346.32729766595406
43821691,3271 NW 18th St,Miami,FL,33125,300000,SINGLE_FAMILY,2153.0,6268.0,4.0,3.0,1949.0,76,,,,,False,,,N/A,300000,3,4,23,25.791298,-80.24927,False,,557237.5,8,335.6976573797007
43834164,5780 NW 7th St,Miami,FL,33126,591000,SINGLE_FAMILY,1772.0,4870.0,3.0,2.0,1970.0,55,,,,0.0,False,,,N/A,591000,3,6,23,25.777737,-80.2898,False,,554666.6666666666,6,455.0815660717555
43840071,413 NW 25th Ct,Miami,FL,33125,526000,SINGLE_FAMILY,1074.0,5350.0,3.0,2.0,1939.0,86,,,,0.0,False,,,N/A,526000,3,6,23,25.776556,-80.23763,False,,428600.0,1,485.94104308390024
43844102,4060 SW 6th St,Miami,FL,33134,644400,SINGLE_FAMILY,1027.0,5000.0,2.0,1.0,1947.0,78,,,,1.0,True,,,N/A,540000,3,6,5,25.765736,-80.26267,False,,602533.3333333334,6,508.9327593935491
43851594,1951 SW 16th Ter,Miami,FL,33145,899000,SINGLE_FAMILY,1470.0,5702.0,3.0,3.0,1938.0,87,,,,0.0,False,,,N/A,899000,3,6,23,25.757631,-80.22745,False,,779175.0,8,554.9934986291663
43857881,3148 SW 24th Ter,Miami,FL,33145,1150000,SINGLE_FAMILY,1015.0,,2.0,1.0,,N/A,,,,,False,,,N/A,1150000,3,6,23,25.745691,-80.244484,False,,647712.6,5,427.1199435770084
44180819,9111 SW 18th Ter,Miami,FL,33165,715000,SINGLE_FAMILY,1437.0,,4.0,3.0,1959.0,66,,,,0.0,False,,,N/A,715000,3,8,23,25.752748,-80.343094,False,,687925.0,8,465.6745859772519
44190450,2875 SW 76th Ave,Miami,FL,33155,720000,SINGLE_FAMILY,1680.0,5000.0,4.0,3.0,1979.0,46,,,,0.0,False,,,N/A,720000,3,6,23,25.743353,-80.31883,False,,670187.5,8,434.0259045169254
44205764,8370 SW 48th St,Miami,FL,33155,2000000,SINGLE_FAMILY,5497.0,0.3271349862259,6.0,5.0,1984.0,41,,,,2.0,True,,,N/A,2000000,3,8,23,25.724077,-80.330956,False,,1761062.5,8,613.531601960389
44206953,4730 SW 67th Ave APT I3,Miami,FL,33155,500000,TOWNHOUSE,1234.0,,2.0,2.0,1978.0,47,695.0,,,0.0,False,,,N/A,500000,3,8,23,25.727436,-80.30511,False,2.0,475566.6666666667,6,406.52338080823324
44216815,10969 SW 73rd Ter,Miami,FL,33173,451400,SINGLE_FAMILY,1350.0,3619.0,3.0,2.0,1989.0,36,80.0,,,,False,,,N/A,451400,3,7,23,25.699533,-80.37178,False,,611753.0,8,376.4522430165448
44225831,7260 SW 47th Ave,Miami,FL,33143,4820000,SINGLE_FAMILY,4690.0,0.28725895316804,5.0,4.0,1997.0,28,,,,,False,,,N/A,4820000,3,10,23,25.704136,-80.269264,False,,3146637.5,8,819.1307332376582
44251154,4648 SW 136th Pl,Miami,FL,33175,475000,TOWNHOUSE,1110.0,,3.0,2.0,1980.0,45,62.0,,,0.0,False,,,N/A,475000,3,8,23,25.721964,-80.41506,False,1.0,383642.85714285716,7,357.2877365938872
44264970,8128 SW 153rd Pl,Miami,FL,33193,400000,TOWNHOUSE,1132.0,2731.0,2.0,2.0,1980.0,45,92.0,,,,False,,,N/A,400000,3,9,23,25.69078,-80.4421,False,,440533.3333333333,6,364.77471131158654
44271561,12900 SW 82nd Ter,Miami,FL,33183,716000,SINGLE_FAMILY,1872.0,9300.0,4.0,3.0,1973.0,52,67.0,,,0.0,False,,,N/A,716000,3,8,23,25.69025,-80.402885,False,,676362.5,8,408.52323340847704
44275781,10177 SW 77th Ct,Miami,FL,33156,477000,TOWNHOUSE,1152.0,1205.0,2.0,2.0,1988.0,37,388.0,,,,False,,,N/A,477000,3,7,23,25.67599,-80.320175,False,,443550.0,8,384.0226108632941
44279168,11256 SW 90th Ln,Miami,FL,33176,515000,SINGLE_FAMILY,1656.0,3060.0,3.0,2.0,1981.0,44,180.0,,Other,0.0,False,True,,N/A,515000,3,9,23,25.684198,-80.37728,False,,549278.25,8,319.3927451520252
44285543,9453 SW 125th Ter,Miami,FL,33176,1700000,SINGLE_FAMILY,3695.0,0.37878787878788,5.0,4.0,1998.0,27,455.0,,,2.0,True,True,,N/A,1700000,3,10,23,25.653402,-80.34774,False,,2148225.0,8,606.9420323315957
44289546,11241 SW 138th Ter,Miami,FL,33176,630000,SINGLE_FAMILY,2468.0,7500.0,3.0,2.0,1990.0,35,,,Ranch,1.0,True,,,N/A,630000,3,9,23,25.640121,-80.37616,False,,553587.5,8,307.8811582353216
44329935,13795 SW 147th Circle Ln #312,Miami,FL,33186,359000,CONDO,852.0,,2.0,2.0,1994.0,31,486.0,,,0.0,False,,,N/A,359000,3,9,23,25.630196,-80.415504,False,1.0,359925.0,8,391.3438222092226
44336129,15620 SW 147th Ave,Miami,FL,33187,695000,SINGLE_FAMILY,1666.0,0.28696051423324,4.0,2.0,1987.0,38,,,,2.0,True,True,,N/A,695000,3,9,23,25.621418,-80.430824,False,,765016.6666666666,6,379.11819044007774
44340925,17372 SW 139th Ct,Miami,FL,33177,455000,TOWNHOUSE,1270.0,,3.0,3.0,1996.0,29,140.0,,,0.0,False,,,N/A,455000,3,7,23,25.605783,-80.418846,False,2.0,419780.0,5,331.0722977809592
44341604,14551 SW 180th Ter,Miami,FL,33177,575000,SINGLE_FAMILY,1338.0,5250.0,3.0,2.0,2001.0,24,,,,2.0,True,,,N/A,575000,3,7,23,25.599358,-80.428375,False,,595893.0,8,393.64032150620153
44350543,20600 SW 116th Rd,Miami,FL,33189,670000,SINGLE_FAMILY,1744.0,8318.0,4.0,2.0,1965.0,60,,,,0.0,False,True,,N/A,670000,3,7,23,25.575289,-80.379456,False,,419785.71428571426,7,244.70457620506593
54696155,4417 SW 160th Ct,Miami,FL,33185,760000,SINGLE_FAMILY,2977.0,5905.0,5.0,4.0,2001.0,24,200.0,,,2.0,True,,,N/A,760000,3,8,23,25.723896,-80.45375,False,,850042.8571428572,7,310.4635520537213
60798815,15701 SW 137th Ave APT 104,Miami,FL,33177,3000,CONDO,1120.0,,3.0,2.0,2001.0,24,,,,,False,,,N/A,335000,3,5,5,25.620928,-80.41422,False,,2350.0,2,2.6111111111111107
62636968,5984 SW 162nd Pl,Miami,FL,33193,560000,TOWNHOUSE,1756.0,,4.0,3.0,2003.0,22,50.0,,,1.0,True,,,N/A,560000,3,9,23,25.709503,-80.45624,False,2.0,527600.0,5,309.8709142225521
62931899,12480 SW 126th Ave,Miami,FL,33186,440000,TOWNHOUSE,1452.0,,3.0,3.0,2004.0,21,298.0,,,1.0,True,,,N/A,440000,3,8,23,25.65213,-80.3983,False,2.0,511787.5,8,317.746682893668
70780222,6001 SW 70th St APT 305,South Miami,FL,33143,375000,CONDO,1010.0,,2.0,2.0,2004.0,21,705.0,,,1.0,True,,,N/A,375000,3,9,23,25.706558,-80.29103,False,6.0,249053.125,8,276.96620661457814
70788024,13100 SW 92nd Ave #A-303,Miami,FL,33176,305000,CONDO,1253.0,,2.0,2.0,1974.0,51,685.0,,,0.0,False,,,N/A,305000,3,10,23,25.647623,-80.344444,False,4.0,286871.4285714286,7,302.29371519586624
92436595,55 SE 6th St APT 2202,Miami,FL,33131,570000,CONDO,1123.0,,2.0,2.0,2008.0,17,1523.0,,,1.0,True,,,N/A,570000,3,7,23,25.768448,-80.191345,False,42.0,285066.6666666667,9,340.5585281201733
92440340,950 Brickell Bay Dr UNIT 1110,Miami,FL,33131,735000,CONDO,1278.0,,2.0,3.0,2008.0,17,1475.0,As Is,,1.0,True,,,N/A,735000,3,7,23,25.765005,-80.19016,False,52.0,747366.6666666666,3,670.0533560367489
92444455,1111 SW 1st Ave APT 3722-N,Miami,FL,33130,630000,CONDO,1012.0,,2.0,2.0,2008.0,17,,,Other,,True,,,N/A,630000,3,7,23,25.76287,-80.19506,False,,510962.5,8,569.9238682932321
92448872,1100 Biscayne Blvd UNIT 1504,Miami,FL,33132,800000,CONDO,1637.0,,1.0,1.0,2009.0,16,1782.0,,,1.0,True,,,N/A,800000,3,6,23,25.785198,-80.19011,False,64.0,974077.7777777778,9,598.4477449146583
123865054,3377 Day Ave #3377,Miami,FL,33133,1657000,CONDO,2104.0,,3.0,3.0,2014.0,11,,,,,False,,,N/A,1657000,3,9,23,25.73183,-80.24814,False,,1519400.0,1,754.4190665342602
247649504,1451 Brickell Ave UNIT 3803,Miami,FL,33131,1470000,CONDO,1367.0,,2.0,3.0,2017.0,8,1908.0,,,,False,,,N/A,1470000,3,7,23,25.758121,-80.1924,False,,1434820.0,5,1092.0100628756825
247650066,1080 Brickell Ave UNIT 311,Miami,FL,33131,450000,CONDO,727.0,,1.0,2.0,2016.0,9,1126.0,,,1.0,True,,,N/A,450000,3,7,23,25.762798,-80.19265,False,44.0,898444.4444444445,9,756.8394533746658
247650864,1300 S Miami Ave #1804,Miami,FL,33128,470000,APARTMENT,725.0,,1.0,1.0,2016.0,9,926.0,,,,False,,,N/A,470000,3,7,23,25.761368,-80.19357,False,,582600.0,4,510.53755551483266
247679367,151 SE 1st St APT 3011,Miami,FL,33131,445000,CONDO,791.0,,2.0,2.0,2016.0,9,959.0,,,0.0,False,,,N/A,445000,3,6,23,25.773535,-80.19072,True,38.0,144742.22222222222,9,199.02873285849284
247703135,2669 S Bayshore Dr UNIT 1602-N,Miami,FL,33133,3500000,CONDO,1829.0,,3.0,4.0,2016.0,9,3083.0,,Split Level,1.0,True,,,N/A,3500000,3,9,23,25.730675,-80.237114,False,20.0,6357374.875,8,1869.8933817209545
331696054,1000 Brickell Plz #3702,Miami,FL,33131,2425000,CONDO,1909.0,,3.0,4.0,2019.0,6,2907.0,,,2.0,True,,,N/A,2425000,3,7,23,25.764265,-80.192726,True,67.0,973555.5555555555,9,850.5887599879557
441789436,12477 SW 124th Ter #12477,Miami,FL,33186,460000,TOWNHOUSE,1491.0,,3.0,3.0,2003.0,22,300.0,,,0.0,False,,,N/A,460000,3,8,23,25.65279,-80.39703,False,2.0,501060.0,5,323.0135360685977
442615599,200 Biscayne Boulevard Way #PENTHOUSE 5012,Miami,FL,33131,910000,CONDO,1237.0,,3.0,3.0,2008.0,17,,,,2.0,True,,,N/A,910000,3,6,23,25.77043,-80.18916,False,54.0,966687.5,8,686.758432042722
2078864211,7785 SW 86th St #E-124,Miami,FL,33143,277500,CONDO,809.0,,1.0,2.0,1969.0,56,509.0,Updated/Remodeled,,1.0,True,,,N/A,277500,3,7,23,25.691092,-80.319336,False,4.0,243866.55555555556,9,279.49310084726443
80781170,19765 SW 130th Ave,Miami,FL,33177,1100000,SINGLE_FAMILY,2612.0,0.37871900826446,5.0,4.0,2005.0,20,,,,2.0,True,True,,N/A,1100000,3,5,25,25.582878,-80.40286,False,,991025.0,8,341.46096292677646
43830187,4445 Lake Rd,Miami,FL,33137,23500000,SINGLE_FAMILY,7002.0,0.52846648301194,6.0,8.0,2016.0,9,604.0,New Construction,,2.0,True,True,,N/A,23500000,3,7,26,25.819496,-80.18505,False,,8549450.0,8,1777.2287152871177
43838011,1530 SW 2nd St APT 307,Miami,FL,33135,220000,CONDO,656.0,,2.0,1.0,1973.0,52,380.0,Updated/Remodeled,,0.0,False,,,N/A,220000,3,3,26,25.771084,-80.22021,False,4.0,160080.0,5,246.78304217987005
43838861,1800 SW 3rd St APT D,Miami,FL,33135,232000,SINGLE_FAMILY,802.0,2040.0,2.0,1.0,1923.0,102,,,,0.0,False,,,N/A,232000,3,6,26,25.769386,-80.224815,False,,475650.0,4,665.360121584184
43838862,1800 SW 3rd St APT B,Miami,FL,33135,232000,SINGLE_FAMILY,530.0,1920.0,2.0,1.0,1931.0,94,,,,0.0,False,,,N/A,232000,3,6,26,25.769535,-80.22482,False,,499900.0,4,662.3990796205495
43838863,1800 SW 3rd St APT C,Miami,FL,33135,232000,SINGLE_FAMILY,561.0,1860.0,2.0,1.0,1922.0,103,,,,0.0,False,,,N/A,232000,3,6,26,25.769472,-80.224815,False,,463200.0,3,739.9719609477019
43856552,2490 Trapp Ave,Miami,FL,33133,1600000,SINGLE_FAMILY,1779.0,5811.0,3.0,2.0,1950.0,75,,,,0.0,False,True,,N/A,1600000,3,9,26,25.73635,-80.23381,False,,1831362.25,8,955.1939881899955
43856590,3019 Aviation Ave,Miami,FL,33133,5370000,SINGLE_FAMILY,0.0,6306.0,5.0,7.0,2025.0,0,,New Construction,,2.0,True,True,,N/A,5370000,3,9,26,25.735605,-80.23616,False,,1369116.6666666667,6,758.9173739147235
43861490,2869 Shipping Ave,Miami,FL,33133,1120000,SINGLE_FAMILY,1212.0,4575.0,2.0,2.0,1935.0,90,,,,0.0,False,,,N/A,1120000,3,9,26,25.733831,-80.23926,False,,1804250.0,2,904.6991537369528
43861823,3000 Bird Ave APT 3D,Miami,FL,33133,585000,CONDO,965.0,,2.0,1.0,1971.0,54,325.0,,,,False,,,N/A,585000,3,9,26,25.735132,-80.24203,False,,575880.0,5,596.7668393782383
43862051,2901 S Bayshore Dr APT 16A,Miami,FL,33133,2914000,CONDO,1172.0,,2.0,2.0,1975.0,50,1153.0,,,,False,,,N/A,2914000,3,9,26,25.727747,-80.23988,False,,1241212.5,8,891.9207911516264
43862454,2843 S Bayshore Dr APT 5C,Miami,FL,33133,1375000,CONDO,1388.0,,2.0,2.0,1982.0,43,2412.0,,,2.0,True,,,N/A,1375000,3,9,26,25.72827,-80.23889,False,19.0,1128875.0,8,764.6261732073806
43872534,520 Brickell Key Dr APT A1816,Miami,FL,33131,1100000,CONDO,1552.0,,2.0,2.0,1982.0,43,2154.0,"Updated/Remodeled,New Construction",,1.0,True,,,N/A,1100000,3,7,26,25.767311,-80.18433,False,22.0,559677.2222222222,9,437.7906526504648
44178008,10041 SW 13th Ter,Miami,FL,33174,690000,SINGLE_FAMILY,1691.0,7500.0,3.0,2.0,1961.0,64,,Fixer,Ranch,0.0,False,True,,N/A,690000,3,8,26,25.756672,-80.35887,False,,641521.625,8,365.46137734311384
44180767,8701 SW 20th Ter,Miami,FL,33165,750000,SINGLE_FAMILY,1515.0,10608.0,3.0,2.0,1959.0,66,,,,0.0,False,,,N/A,750000,3,8,26,25.751202,-80.33606,False,,752900.0,8,381.37002190286495
44182763,7900 SW 21st St,Miami,FL,33155,665000,SINGLE_FAMILY,2591.0,7501.0,3.0,2.0,1997.0,28,,,,,False,,,N/A,665000,3,8,26,25.750784,-80.323975,False,,683737.5,8,437.35150526049244
44184489,7620 SW 16th St,Miami,FL,33155,470000,SINGLE_FAMILY,1043.0,7500.0,3.0,1.0,1950.0,75,,,,,False,,,N/A,470000,3,8,26,25.755138,-80.31864,False,,646750.0,8,415.45545907206235
44185150,1685 SW 67th Ct,Miami,FL,33155,650000,SINGLE_FAMILY,1365.0,7500.0,3.0,2.0,1949.0,76,,,,1.0,True,,,N/A,650000,3,6,26,25.754549,-80.30431,False,,685500.0,8,396.7559922702983
44203756,9315 SW 44th St,Miami,FL,33165,680000,SINGLE_FAMILY,1602.0,8300.0,3.0,1.0,1957.0,68,,"Updated/Remodeled,Completely Renovated",,0.0,False,,,N/A,680000,3,6,26,25.72744,-80.34596,False,,699775.0,8,412.739232351454
44218454,10445 SW 80th St,Miami,FL,33173,615000,TOWNHOUSE,1680.0,,3.0,3.0,1973.0,52,234.0,Updated/Remodeled,,0.0,False,,,N/A,615000,3,7,26,25.69443,-80.362076,False,2.0,568162.5,8,322.7430381588571
44220436,9260 SW 80th Ter,Miami,FL,33173,935000,SINGLE_FAMILY,1833.0,0.25252525252525,4.0,2.0,1965.0,60,,,,2.0,True,,,N/A,935000,3,7,26,25.694183,-80.34314,False,,967075.0,8,469.89891211518494
44223131,7720 Camino Real APT 211,Miami,FL,33143,305000,CONDO,912.0,,2.0,2.0,1972.0,53,185.0,,,,False,,,N/A,305000,3,9,26,25.693771,-80.32004,False,,252600.0,8,348.7686217787467
44223610,7860 Camino Real #L-413,Miami,FL,33143,245000,CONDO,712.0,,1.0,1.0,1972.0,53,415.0,,,0.0,False,,,N/A,245000,3,9,26,25.69487,-80.32105,False,4.0,242059.375,8,304.2510147094951
44225812,7741 Ponce De Leon Rd,Miami,FL,33143,6000000,SINGLE_FAMILY,4447.0,1.0954775022957,5.0,4.0,1951.0,74,,,,,False,,,N/A,6000000,3,10,26,25.699648,-80.27239,False,,5211548.125,8,1032.898389182038
44240254,4199 SW 136th Ave,Miami,FL,33175,755000,SINGLE_FAMILY,3384.0,0.3078971533517,4.0,3.0,1984.0,41,,,,0.0,False,True,,N/A,755000,3,6,26,25.729513,-80.4135,False,,843650.0,8,394.7456971569069
44256542,6654 SW 138th Ct,Miami,FL,33183,523000,TOWNHOUSE,1592.0,,3.0,3.0,1974.0,51,80.0,,,0.0,False,,,N/A,523000,3,9,26,25.705154,-80.41863,False,2.0,459750.0,6,307.29413775313645
44258875,13882 SW 63rd St,Miami,FL,33183,441000,TOWNHOUSE,1308.0,1376.0,3.0,2.0,1997.0,28,60.0,,,,False,,,N/A,441000,3,9,26,25.708431,-80.42012,False,,457028.5714285714,7,349.4102228047182
44259913,6122 SW 147th Ct,Miami,FL,33193,395000,SINGLE_FAMILY,1059.0,,2.0,2.0,1984.0,41,55.0,,,0.0,False,,,N/A,395000,3,7,26,25.709002,-80.43173,False,1.0,438400.0,1,207.6740881099005
44275569,9354 SW 77th Ave APT I4,Miami,FL,33156,340000,CONDO,1262.0,,3.0,2.0,1967.0,58,761.0,New Construction,,1.0,True,,,N/A,340000,3,7,26,25.683947,-80.32032,False,2.0,307714.28571428574,7,279.13536849199767
44282082,10801 SW 109th Ct APT D314,Miami,FL,33176,225000,CONDO,725.0,,1.0,2.0,1971.0,54,329.0,New Construction,,0.0,False,,,N/A,225000,3,9,26,25.670078,-80.37131,False,4.0,259787.5,8,696.0110277889428
44288909,10705 SW 147th St,Miami,FL,33176,495000,SINGLE_FAMILY,1146.0,9450.0,3.0,2.0,1958.0,67,,,,0.0,False,,,N/A,495000,3,6,26,25.632658,-80.36672,False,,503812.375,8,397.1141537924389
44297773,10060 SW 152nd Ter,Miami,FL,33157,552000,SINGLE_FAMILY,1058.0,8100.0,3.0,1.0,1971.0,54,,,,0.0,False,,,N/A,552000,3,7,26,25.627686,-80.35782,False,,515475.0,8,994.2626647993785
44298416,15240 SW 100th Ave,Miami,FL,33157,590000,SINGLE_FAMILY,1268.0,7500.0,4.0,2.0,1991.0,34,,,,200.0,True,True,,N/A,590000,3,7,26,25.627739,-80.35678,False,,611312.5,8,377.11922242618834
44307396,11859 SW 98th Ter,Miami,FL,33186,515000,TOWNHOUSE,1382.0,,3.0,3.0,1990.0,35,497.0,Updated/Remodeled,,1.0,True,,,N/A,515000,3,9,26,25.676708,-80.387596,False,2.0,469916.6666666667,6,356.3294410072618
44326111,11716 SW 110th Ter,Miami,FL,33186,440000,TOWNHOUSE,942.0,,2.0,2.0,1981.0,44,118.0,,,1.0,True,,,N/A,440000,3,9,26,25.665524,-80.38443,False,1.0,458842.85714285716,7,423.976175126303
44331842,12742 SW 150th Ter,Miami,FL,33186,480000,TOWNHOUSE,1917.0,2125.0,2.0,2.5,1983.0,42,,,,,False,,,N/A,480000,3,8,26,25.62857,-80.39699,False,,434775.0,8,346.8163023569832
44336092,14830 SW 157th Ter,Miami,FL,33187,805000,SINGLE_FAMILY,2370.0,0.39198806244261,4.0,2.0,1985.0,40,,,,2.0,True,,,N/A,805000,3,9,26,25.620296,-80.434326,False,,797037.5,8,363.61359005301284
44337313,17303 SW 149th Pl,Miami,FL,33187,579000,SINGLE_FAMILY,1418.0,8250.0,3.0,2.0,1996.0,29,,,,2.0,True,,,N/A,579000,3,7,26,25.606522,-80.43534,False,,628212.5,8,380.6529865932828
44357127,19800 SW 180th Ave LOT 271,Miami,FL,33187,299900,APARTMENT,1450.0,,4.0,2.0,,N/A,,,,,False,,,N/A,299900,3,5,26,25.58159,-80.48648,False,,,0,
62785897,17148 SW 137th Pl,Miami,FL,33177,405000,TOWNHOUSE,1380.0,1298.0,3.0,2.0,2003.0,22,116.0,,,,False,,,N/A,405000,3,7,26,25.608265,-80.415596,False,,413357.14285714284,7,325.96603089100205
63614743,2756 Day Ave APT 302,Miami,FL,33133,440000,CONDO,730.0,,2.0,2.0,1994.0,31,565.0,,,1.0,True,,,N/A,440000,3,9,26,25.73164,-80.23869,False,4.0,377585.71428571426,7,626.2802028835018
63831024,455 NE 25th St APT 706,Miami,FL,33137,500000,CONDO,965.0,,2.0,2.0,2004.0,21,840.0,Updated/Remodeled,,1.0,True,,,N/A,500000,3,6,26,25.801218,-80.18743,False,9.0,278731.25,8,337.2906194909451
64659988,2101 Brickell Ave APT 2712,Miami,FL,33129,850000,CONDO,1367.0,,2.0,2.0,2004.0,21,1768.0,,,1.0,True,,,N/A,850000,3,7,26,25.752743,-80.19933,False,35.0,418855.55555555556,9,419.43660663485093
70774746,3052 SW 27th Ave APT 403,Miami,FL,33133,355000,CONDO,650.0,,1.0,2.0,1996.0,29,298.0,,,,False,,,N/A,355000,3,9,26,25.734491,-80.23797,False,,300050.0,6,473.1942124392701
72580288,10402 SW 224th Ter,Miami,FL,33190,800000,SINGLE_FAMILY,3256.0,5850.0,5.0,3.0,2013.0,12,70.0,,,2.0,True,True,,N/A,800000,3,5,26,25.558498,-80.361244,False,,638542.8571428572,7,287.06357383825446
79860162,1780 SW 6th St APT 6,Miami,FL,33135,2000,CONDO,700.0,,2.0,1.0,1969.0,56,,,,,False,,,N/A,230000,3,6,24,25.767159,-80.22418,False,,,0,
82410199,3470 E Coast Ave APT H2009,Miami,FL,33137,790000,CONDO,1181.0,,2.0,3.0,2007.0,18,1118.0,,,2.0,True,,,N/A,790000,3,4,26,25.809553,-80.19159,True,29.0,697375.0,8,656.7440141527584
83160934,7280 SW 89th St UNIT D603,Miami,FL,33156,335000,CONDO,777.0,,1.0,1.0,2007.0,18,739.0,,,1.0,True,,,N/A,335000,3,7,26,25.687557,-80.31317,False,7.0,283100.0,5,292.0939160482324
83161728,8395 SW 73rd Ave APT 905,Miami,FL,33143,550000,CONDO,1542.0,,2.0,3.0,2008.0,17,1640.0,,,2.0,True,,,N/A,550000,3,9,26,25.69297,-80.31063,False,9.0,477349.375,8,312.6058368077776
87937600,1900 N Bayshore Dr APT 3416,Miami,FL,33132,520000,CONDO,867.0,,1.0,2.0,2008.0,17,950.0,,,1.0,True,,,N/A,520000,3,6,26,25.795042,-80.187126,False,44.0,550966.6666666666,9,541.0725216757994
92441641,495 Brickell Ave APT 4403,Miami,FL,33131,1020300,CONDO,1518.0,,2.0,2.0,2009.0,16,1807.0,,,2.0,True,,,N/A,1020000,3,7,93,25.768353,-80.188675,False,57.0,957000.0,9,790.7990848208993
113378204,92 SW 3rd St APT 3811,Miami,FL,33130,615000,CONDO,1118.0,,2.0,2.0,2010.0,15,1283.0,,,1.0,True,,,N/A,615000,3,6,26,25.769594,-80.195045,False,51.0,659866.6666666666,9,502.0478926392057
121345846,460 NE 28th St APT 4104,Miami,FL,33137,2450000,CONDO,2569.0,,5.0,5.0,2015.0,10,3712.0,,,0.0,False,,,N/A,2450000,3,4,26,25.80364,-80.18711,False,42.0,1028377.7777777778,9,711.3884574732941
123865465,31 SE 6th St APT 1403,Miami,FL,33131,385000,CONDO,551.0,,0.0,1.0,2014.0,11,918.0,,,0.0,False,,,N/A,385000,3,7,26,25.768606,-80.19189,False,28.0,287812.5,8,375.59906591118937
249080209,2831 S Bayshore Dr UNIT 1005,Miami,FL,33133,1950000,CONDO,1184.0,,2.0,2.0,2018.0,7,3262.0,,,1.0,True,,,N/A,1950000,3,9,26,25.729355,-80.238556,False,23.0,1523537.5,8,1269.4357219963283
250954574,501 NE 31st St #2409,Miami,FL,33137,601000,CONDO,944.0,,2.0,2.0,2018.0,7,1211.0,,,1.0,True,,,N/A,601000,3,4,26,25.80688,-80.18732,False,44.0,464900.0,9,574.5755082549482
308907034,13630 SW 189th St,Miami,FL,33177,1050000,SINGLE_FAMILY,2290.0,0.29106978879706,4.0,3.0,2018.0,7,,,,2.0,True,True,,N/A,1050000,3,5,26,25.59102,-80.412025,False,,895775.0,8,371.107746372758
337201108,851 NE 1st Ave UNIT 2411,Miami,FL,33132,1670000,CONDO,2188.0,,4.0,4.0,2019.0,6,3859.0,,,2.0,True,,,N/A,1670000,3,6,26,25.782454,-80.19183,False,58.0,923437.5,8,514.5331116812035
350464951,2292 SW 16th Ter,Miami,FL,33145,1046500,MULTI_FAMILY,3251.0,,7.0,5.0,1927.0,98,,,Old Spanish,,False,,,N/A,1046500,3,6,26,25.75698,-80.23222,False,2.0,777633.3333333334,3,498.8299360253791
443140819,6405 SW 152nd Circle Pl #5-10,Miami,FL,33193,340000,TOWNHOUSE,1010.0,,2.0,2.0,1988.0,37,550.0,,,0.0,False,,,N/A,340000,3,7,26,25.705898,-80.44461,False,1.0,429550.0,2,454.92857142857144
443999691,325 Biscayne Blvd #2614,Miami,FL,33131,610000,CONDO,1105.0,,2.0,2.0,2005.0,20,1259.0,,,1.0,True,,,N/A,610000,3,6,26,25.771706,-80.18637,False,38.0,3432.222222222222,9,3.5589013528733457
2066691648,10017 SW 228th Ter,Miami,FL,33190,459300,TOWNHOUSE,1539.0,,3.0,3.0,2022.0,3,235.0,,,0.0,False,,,N/A,459300,3,5,26,25.553408,-80.3535,False,2.0,437714.28571428574,7,309.22998632699415
2067770327,1800 SW 3rd St,Miami,FL,33135,925000,MULTI_FAMILY,620.0,,7.0,4.0,1922.0,103,,,Other,,False,,,N/A,925000,3,6,26,25.769615,-80.22483,False,1.0,1022500.0,2,405.8837225963605
2071312559,700 NE 26th Ter #1401,Miami,FL,33137,2950000,CONDO,2575.0,,3.0,5.0,2023.0,2,3833.0,New Construction,,1.0,True,True,,N/A,2950000,3,6,26,25.802013,-80.185776,True,57.0,2169428.5714285714,7,1148.4583850743622
43807338,6500 NE 1st Pl,Miami,FL,33138,285000,MULTI_FAMILY,2287.0,8450.0,5.0,4.0,1950.0,75,,,,,False,,,N/A,285000,3,6,27,25.835758,-80.19356,False,,359200.0,1,387.0689655172414
43809439,5520 NW 7th Ct,Miami,FL,33127,599000,MULTI_FAMILY,2059.0,,4.0,2.0,1988.0,37,,,,,False,,,N/A,599000,3,5,27,25.826006,-80.209915,False,1.0,662166.6666666666,3,366.19740424359594
43846378,4774 SW 6th St,Miami,FL,33134,650000,SINGLE_FAMILY,1038.0,4240.0,3.0,1.0,1938.0,87,,Completely Renovated,,0.0,False,,,N/A,650000,3,6,27,25.765398,-80.27306,False,,702154.1666666666,6,384.1394534285032
43847487,3030 SW 14th St,Miami,FL,33145,1250000,SINGLE_FAMILY,1434.0,0.3168044077135,4.0,3.0,1940.0,85,,,,1.0,True,,,N/A,1250000,3,6,27,25.759247,-80.243454,False,,717887.5,8,408.44992507232473
43859879,3791 SW 26th Ter,Miami,FL,33134,3800,APARTMENT,746.0,,2.0,1.0,,N/A,,,,,False,,,N/A,1299000,3,6,32,25.742243,-80.256226,False,,2600.0,1,1.742627345844504
43861432,3686 Loquat Ave,Miami,FL,33133,1345000,SINGLE_FAMILY,1155.0,,2.0,2.0,1910.0,115,,,,0.0,False,,,N/A,1345000,3,9,27,25.723389,-80.25289,False,,1891020.0,5,1017.6968965059871
44189930,3225 SW 75th Ct,Miami,FL,33155,575000,SINGLE_FAMILY,975.0,6400.0,3.0,1.0,1954.0,71,,,,0.0,False,,,N/A,575000,3,6,27,25.739859,-80.317375,False,,661381.25,8,459.7148390627534
44202558,4160 SW 97th Ave,Miami,FL,33165,770000,SINGLE_FAMILY,2007.0,7650.0,3.0,3.0,1959.0,66,,,,0.0,False,,,N/A,770000,3,6,27,25.730192,-80.351875,False,,707512.5,8,363.9742639404467
44213632,6705 SW 113th Ave,Miami,FL,33173,465000,TOWNHOUSE,1378.0,,3.0,2.0,1974.0,51,165.0,,,0.0,False,,,N/A,465000,3,7,27,25.704771,-80.376175,False,2.0,463862.5,8,331.0730538653173
44213884,6985 SW 110th Ct,Miami,FL,33173,455000,TOWNHOUSE,1378.0,,3.0,2.0,1974.0,51,160.0,,,0.0,False,,,N/A,455000,3,7,27,25.70338,-80.37233,False,2.0,448460.0,5,325.44267053701014
44214788,7133 SW 115th Pl APT G,Miami,FL,33173,405000,TOWNHOUSE,1330.0,,2.0,3.0,1979.0,46,805.0,Updated/Remodeled,,0.0,False,,,N/A,405000,3,7,27,25.701113,-80.379265,False,2.0,405675.0,4,282.36960257787325
44265773,8540 SW 149th Ave APT 802,Miami,FL,33193,2650,APARTMENT,1100.0,,2.0,2.0,,N/A,,,,,False,,,N/A,245000,3,9,17,25.686935,-80.43547,False,,2728.8888888888887,9,2.7272892383966894
44267396,15695 SW 76th Ln #A101,Miami,FL,33193,437450,TOWNHOUSE,1240.0,,3.0,2.0,1984.0,41,428.0,"Updated/Remodeled,Completely Renovated,New Construction",,0.0,False,,,N/A,437450,3,9,27,25.695475,-80.44577,False,1.0,390000.0,1,345.13274336283183
44273574,8650 SW 133rd Avenue Rd APT 410,Miami,FL,33183,270000,CONDO,965.0,,2.0,2.0,1982.0,43,555.0,,,1.0,True,,,N/A,270000,3,8,27,25.68622,-80.41185,False,4.0,232812.5,8,245.4590380658
44274663,8401 SW 102nd St,Miami,FL,33156,1900000,SINGLE_FAMILY,4464.0,0.73500918273646,5.0,5.0,1993.0,32,,,,2.0,True,True,,N/A,1900000,3,7,27,25.67574,-80.331406,False,,1426851.4285714286,7,507.5096871890607
44278598,10850 N Kendall Dr APT 417,Miami,FL,33176,340000,CONDO,1242.0,,2.0,2.0,1974.0,51,641.0,Updated/Remodeled,,0.0,False,,,N/A,340000,3,9,27,25.685247,-80.36966,False,4.0,296200.0,8,248.7721339128626
44283026,10970 SW 107th Ave,Miami,FL,33176,822000,SINGLE_FAMILY,1593.0,0.30594582185491,3.0,2.0,1969.0,56,,,,1.0,True,,,N/A,822000,3,9,27,25.66795,-80.36778,False,,839814.2857142857,7,472.6365126734912
44327879,14771 SW 143rd St,Miami,FL,33196,680000,SINGLE_FAMILY,2797.0,2796.0,4.0,2.5,1997.0,28,,,,,False,,,N/A,680000,3,9,27,25.634604,-80.43262,False,,631059.625,8,296.85884660176737
44349036,19621 SW 117th Ave,Miami,FL,33177,485000,SINGLE_FAMILY,1455.0,7500.0,3.0,1.0,1970.0,55,,,,0.0,False,,,N/A,485000,3,6,27,25.584246,-80.3803,False,,446900.0,7,366.84265523805186
44357515,18700 SW 197th Ave,Miami,FL,33187,850000,SINGLE_FAMILY,1751.0,1.53,3.0,2.0,1969.0,56,,,Ranch,0.0,False,,,N/A,850000,3,5,27,25.591335,-80.51152,False,,881014.2857142857,7,400.94492192415555
51621731,13350 SW 152nd St APT 2803,Miami,FL,33177,285000,CONDO,900.0,,2.0,2.0,2000.0,25,365.0,,,2.0,True,,,N/A,285000,3,5,27,25.625784,-80.40923,False,2.0,293487.5,6,301.4462881022616
64737339,6821 SW 44th St APT 303,Miami,FL,33155,445000,CONDO,,,3.0,2.0,2006.0,19,766.0,,,0.0,False,,,N/A,445000,3,8,27,25.730202,-80.305534,False,3.0,317220.0,5,397.5515318816628
66176133,1200 Brickell Bay Drive #3215,Miami,FL,33131,635000,CONDO,1030.0,0.0,2.0,2.0,2005.0,20,791.0,Resale,,1.0,True,,,N/A,635000,3,7,27,25.761787,-80.190575,False,43.0,407650.0,2,494.1212121212121
70777104,325 Biscayne Blvd #1726,Miami,FL,33130,810000,CONDO,1416.0,,3.0,2.0,2005.0,20,,,,,False,,,N/A,810000,3,6,27,25.771437,-80.18627,True,,526483.3333333334,6,512.8005983262555
72568084,117 NW 42nd Ave APT 707,Miami,FL,33126,278400,CONDO,703.0,,1.0,1.0,2006.0,19,433.0,,,1.0,True,,,N/A,278250,3,6,199,25.772919,-80.26337,False,10.0,305066.6666666667,9,384.9965657889678
72580117,218 SE 14th St APT 1703,Miami,FL,33131,625000,CONDO,1298.0,,2.0,3.0,2006.0,19,1706.0,,,1.0,True,,,N/A,625000,3,7,27,25.759636,-80.19033,False,27.0,488674.75,8,486.9059248679719
83162772,350 NE 24th St APT 1104,Miami,FL,33137,3400,CONDO,1036.0,,2.0,2.0,2008.0,17,,,,,True,,,N/A,505000,3,6,0,25.800152,-80.18868,False,,3010.0,4,3.7599807922126356
87938789,888 Biscayne Blvd APT 3410,Miami,FL,33132,600000,CONDO,845.0,,1.0,2.0,2008.0,17,908.0,,,1.0,True,True,,N/A,600000,3,6,27,25.782549,-80.189865,False,57.0,542222.2222222222,9,525.4915927672781
92441396,200 Biscayne Boulevard Way APT 705,Miami,FL,33131,1325000,CONDO,1579.0,,2.0,3.0,2008.0,17,2477.0,,,1.0,True,,,N/A,1325000,3,6,27,25.77043,-80.18916,False,52.0,966687.5,8,686.758432042722
119406383,2020 N Bayshore Dr APT 3110,Miami,FL,33137,2000000,CONDO,1679.0,,3.0,3.0,2010.0,15,2307.0,Updated/Remodeled,,1.0,True,,,N/A,2000000,3,6,27,25.796682,-80.18767,True,47.0,1491444.4444444445,9,946.0666746401104
123868226,31 SE 6th St APT 808,Miami,FL,33131,440000,CONDO,842.0,,2.0,2.0,2013.0,12,1167.0,New Construction,,1.0,True,,,N/A,440000,3,7,27,25.768606,-80.19189,False,28.0,287812.5,8,375.59906591118937
448262288,(Undisclosed Address),Miami,FL,33143,375000,CONDO,1010.0,,2.0,2.0,2004.0,21,705.0,,,1.0,True,,,N/A,375000,3,9,27,,,False,6.0,263047.22222222225,9,287.446309069944
2062784244,(Undisclosed Address),Miami,FL,33125,1175000,MULTI_FAMILY,3163.0,,9.0,5.0,1948.0,77,,,,,False,,,N/A,1175000,3,3,27,,,False,1.0,794666.6666666666,6,281.1233164929063
43823710,1739 NW 16th St,Miami,FL,33125,500000,MULTI_FAMILY,3392.0,,,,1926.0,99,,,,,False,,,N/A,500000,3,3,28,25.789816,-80.224075,False,1.0,533466.6666666666,3,395.1945122778456
43843297,4375 NW 3rd St,Miami,FL,33126,715000,MULTI_FAMILY,2066.0,,,,1966.0,59,,,,,False,,,N/A,715000,3,6,28,25.775396,-80.26773,False,1.0,741333.3333333334,3,390.6027520279429
43861223,3564 William Ave,Miami,FL,33133,6500,SINGLE_FAMILY,1765.0,5300.0,4.0,3.0,1934.0,91,,,,,False,,,N/A,1160000,3,6,6,25.726072,-80.25058,False,,3251.0,1,3.7154285714285713
43865993,2950 SW 3rd Ave APT 7B,Miami,FL,33129,275000,CONDO,904.0,,1.0,1.0,1974.0,51,352.0,,,,False,,,N/A,275000,3,7,28,25.753584,-80.21144,False,,310877.77777777775,9,329.8853317138065
43869986,1541 Brickell Ave APT T104,Miami,FL,33129,1025000,CONDO,1510.0,1698.0,3.0,2.5,1981.0,44,1221.0,,,,False,,,N/A,1025000,3,7,28,25.756298,-80.19232,False,,923200.0,5,544.0188568061284
44206165,7849 Miller Rd #210A,Miami,FL,33155,160000,CONDO,760.0,760.0,1.0,1.0,1971.0,54,290.0,,,,False,,,N/A,160000,3,8,28,25.718159,-80.32201,False,,192200.0,8,252.89473684210526
44210624,6310 SW 92nd Ave,Miami,FL,33173,715000,SINGLE_FAMILY,1458.0,8610.0,3.0,2.0,1965.0,60,,New Construction,,1.0,True,,,N/A,715000,3,9,28,25.709835,-80.342804,False,,819925.0,8,492.7225458858592
44217853,8032 SW 103rd Ave,Miami,FL,33173,545000,TOWNHOUSE,1240.0,1999.0,2.0,2.0,1969.0,56,129.0,,,,False,,,N/A,545000,3,7,28,25.693922,-80.36064,False,,488683.3333333333,6,351.1331596243224
44236302,1350 SW 122nd Ave APT 306,Miami,FL,33184,288000,CONDO,1170.0,,2.0,2.0,1983.0,42,443.0,,,1.0,True,,,N/A,288000,3,9,28,25.75565,-80.39303,False,4.0,305600.0,9,261.1965811965812
44240188,3301 SW 128th Ave,Miami,FL,33175,620000,SINGLE_FAMILY,1510.0,7878.0,3.0,2.0,1974.0,51,,,,,False,,,N/A,620000,3,6,28,25.737616,-80.40168,False,,727550.0,8,375.7267887167946
44243458,4229 SW 157th Ct,Miami,FL,33185,725000,SINGLE_FAMILY,1939.0,5998.0,4.0,2.0,1998.0,27,,,,,False,,,N/A,725000,3,8,28,25.727114,-80.447945,False,,775550.0,6,341.5583019033675
44245758,4541 SW 149th Ct,Miami,FL,33185,840000,SINGLE_FAMILY,2060.0,7500.0,4.0,2.0,1989.0,36,130.0,,,2.0,True,True,,N/A,840000,3,8,28,25.723284,-80.43678,False,,783931.0,8,310.706429797528
44252421,6732 SW 135th Ct,Miami,FL,33183,682500,SINGLE_FAMILY,1512.0,7500.0,3.0,2.0,1977.0,48,,,,0.0,False,,,N/A,682500,3,8,28,25.70317,-80.41293,False,,640087.5,8,442.98273143480355
44254914,13420 SW 62nd St APT 104-J,Miami,FL,33183,415000,CONDO,1185.0,,2.0,2.0,1986.0,39,250.0,,,,False,,,N/A,415000,3,8,28,25.708574,-80.410995,False,,346525.0,4,297.05887167175905
44264692,14734 SW 87th Ter,Miami,FL,33193,425000,TOWNHOUSE,1224.0,,2.0,2.0,1975.0,50,185.0,,,0.0,False,,,N/A,425000,3,9,28,25.685186,-80.431816,False,1.0,431600.0,6,351.91689748085196
44273368,8600 SW 133rd Avenue Rd APT 207,Miami,FL,33183,258000,CONDO,1040.0,,3.0,2.0,1981.0,44,303.0,,,0.0,False,,,N/A,258000,3,8,28,25.686224,-80.41324,False,2.0,237783.16666666666,6,235.19156619503124
44279772,10878 SW 112th Ave,Miami,FL,33176,480000,TOWNHOUSE,1080.0,3894.0,2.0,1.0,1975.0,50,140.0,,,,False,,,N/A,480000,3,9,28,25.66755,-80.376205,False,,530340.0,5,355.1206146172117
44290251,10411 SW 151st Ter,Miami,FL,33176,310000,SINGLE_FAMILY,988.0,7501.0,3.0,1.0,1964.0,61,,,,,False,,,N/A,310000,3,7,28,25.629211,-80.362595,False,,506800.0,8,347.29339920095435
44297468,10451 SW 164th St,Miami,FL,33157,525000,SINGLE_FAMILY,1144.0,8250.0,3.0,2.0,1968.0,57,,,,1.0,True,,,N/A,525000,3,7,28,25.617216,-80.3631,False,,599671.4285714285,7,430.50039815011013
44335250,14257 SW 165th St,Miami,FL,33177,655000,SINGLE_FAMILY,1730.0,6037.0,3.0,2.0,1997.0,28,,,,1.0,True,,,N/A,655000,3,9,28,25.614054,-80.42346,False,,691785.7142857143,7,288.70950319966033
44340729,17360 SW 142nd Ct,Miami,FL,33177,515000,SINGLE_FAMILY,1406.0,3912.0,3.0,2.0,1996.0,29,34.0,,,1.0,True,,,N/A,515000,3,7,28,25.606144,-80.422806,False,,552637.5,8,373.3117664159272
44343119,16901 SW 120th Ct,Miami,FL,33177,650000,SINGLE_FAMILY,2251.0,9090.0,3.0,2.0,1967.0,58,,,,,False,,,N/A,650000,3,5,28,25.611332,-80.38781,False,,553750.0,8,398.61295073524946
44349152,19800 SW 114th Pl,Miami,FL,33157,575000,SINGLE_FAMILY,1658.0,7500.0,4.0,2.0,1970.0,55,,,,0.0,False,,,N/A,575000,3,6,28,25.582281,-80.37843,False,,533028.5714285715,7,347.8572602033174
67412444,8764 SW 12th St APT 205,Miami,FL,33174,295000,CONDO,910.0,,2.0,1.0,1971.0,54,218.0,,,0.0,False,,,N/A,295000,3,8,28,25.758152,-80.337364,False,2.0,222900.0,8,291.4876168607512
70775525,31 SE 5th St APT 811,Miami,FL,33131,525000,CONDO,1117.0,,2.0,2.0,2006.0,19,1269.0,,,1.0,True,,,N/A,525000,3,7,28,25.769579,-80.19188,False,43.0,528880.4444444445,9,485.37096076549835
70776433,335 Biscayne Blvd #4100,Miami,FL,33131,597000,CONDO,1105.0,,2.0,2.0,2005.0,20,1219.0,,,1.0,True,,,N/A,597000,3,6,28,25.771448,-80.18636,True,42.0,451881.25,8,431.84782562692766
82057338,3232 SW 22nd St #203,Miami,FL,33145,462500,CONDO,1180.0,,2.0,2.0,2007.0,18,601.0,,,,False,,,N/A,462500,3,6,28,25.749586,-80.246796,False,,574542.8571428572,7,446.95107280414635
92437982,950 Brickell Bay Dr APT 2501,Miami,FL,33131,505000,CONDO,774.0,,1.0,1.0,2008.0,17,894.0,,,1.0,True,,,N/A,505000,3,7,28,25.764961,-80.19012,False,43.0,476437.5,8,502.4668377297216
92451120,1100 Biscayne Blvd UNIT 3705,Miami,FL,33132,1185000,CONDO,1675.0,,1.0,2.0,2009.0,16,1672.0,,,1.0,True,,,N/A,1185000,3,6,28,25.785198,-80.19011,False,64.0,974077.7777777778,9,598.4477449146583
123869149,15451 SW 176th Ln,Miami,FL,33187,580000,SINGLE_FAMILY,1906.0,5000.0,4.0,3.0,2014.0,11,186.0,,,2.0,True,,,N/A,580000,3,7,28,25.60294,-80.44282,False,,693712.5,8,285.0792969237092
247680388,1010 Brickell Ave UNIT 2904,Miami,FL,33131,1000000,CONDO,1325.0,,2.0,3.0,2017.0,8,1763.0,,Split Level,1.0,True,,,N/A,1000000,3,7,28,25.764204,-80.19218,False,50.0,1194633.3333333333,9,812.3664164298648
308907570,1600 NE 1st Ave APT 3217,Miami,FL,33132,3000,CONDO,752.0,,1.0,1.0,2018.0,7,,,,,False,,,N/A,430000,3,6,13,25.791016,-80.19267,False,,5700.0,1,4.136429608127721
338743457,19187 SW 132nd Pl,Miami,FL,33177,36500,SINGLE_FAMILY,2412.0,0.37929292929293,4.0,3.0,2022.0,3,,,,,False,,,N/A,36500,3,5,28,25.587994,-80.40646,False,,672900.0,8,248.0347583242842
338743777,23002 SW 128th Pl,Miami,FL,33170,445800,TOWNHOUSE,0.0,0.0,3.0,3.0,2023.0,2,71.0,New Construction,,1.0,True,,,N/A,445800,3,6,28,25.57183,-80.40025,False,2.0,560000.0,1,330.3834808259587
338744432,18281 SW 148th Ave,Miami,FL,33187,495000,TOWNHOUSE,1321.0,,3.0,3.0,2022.0,3,92.0,,,0.0,False,,,N/A,495000,3,7,28,25.59695,-80.432106,False,2.0,479328.5714285714,7,353.5086131695086
343002824,398 NE 5th St #3601,Miami,FL,33132,1200000,CONDO,1150.0,,3.0,3.0,2022.0,3,,,,,False,,,N/A,1200000,3,6,28,25.779139,-80.17726,False,,910633.3333333334,3,1448.1723134027077
443927049,200 Biscayne Boulevard Way #PENTHOUSE 5101,Miami,FL,33131,1700000,CONDO,2457.0,,3.0,4.0,2008.0,17,3763.0,,,2.0,True,,,N/A,1700000,3,6,28,25.77043,-80.18916,False,54.0,966687.5,8,686.758432042722
446406385,22534 SW 124th Ct #A,Miami,FL,33170,629990,TOWNHOUSE,2502.0,,5.0,4.0,2024.0,1,,Under Construction,,2.0,True,,,N/A,629990,3,6,28,25.556755,-80.39373,False,2.0,655990.0,2,262.18625099920064
2071278093,15420 SW 74th Circle Ct #2103,Miami,FL,33193,212000,CONDO,970.0,,2.0,2.0,1985.0,40,785.0,,,0.0,False,,,N/A,212000,3,7,28,25.69678,-80.44292,False,2.0,315540.0,5,263.2129960895249
2071324661,7734 SW 54th Ave #7734,Miami,FL,33143,1485000,TOWNHOUSE,2046.0,,3.0,3.0,2008.0,17,1330.0,,,0.0,False,,,N/A,1485000,3,10,28,25.699482,-80.281876,False,2.0,1913020.0,5,717.81627597653
43806819,160 NE 77th St,Miami,FL,33138,550000,MULTI_FAMILY,1500.0,,4.0,2.0,1950.0,75,,,,,False,,,N/A,550000,3,5,29,25.84534,-80.19367,False,1.0,490520.0,5,337.23904215890667
43820304,5249 NW 7th St APT 308,Miami,FL,33126,160000,CONDO,1080.0,,3.0,2.0,1985.0,40,242.0,,,,False,,,N/A,160000,3,5,29,25.778904,-80.281296,False,,300533.3333333333,9,311.57357933990096
43822333,925 NW 32nd Ave,Miami,FL,33125,288200,SINGLE_FAMILY,1965.0,8215.0,3.0,2.0,1950.0,75,,,,,False,,,N/A,288200,3,4,29,25.781467,-80.24725,False,,588050.0,6,398.8506204375711
43848814,3110 SW 21st Ter,Miami,FL,33145,666000,MULTI_FAMILY,2052.0,5000.0,4.0,2.0,1946.0,79,,,,,False,,,N/A,666000,3,6,29,25.753096,-80.23326,False,,942400.0,2,346.26721394965193
43855487,2370 Secoffee Ter,Miami,FL,33133,3125000,SINGLE_FAMILY,3390.0,7790.0,4.0,6.0,2017.0,8,,,,2.0,True,True,,N/A,3125000,3,9,29,25.740696,-80.23288,False,,1309816.6666666667,6,927.1805067277825
43860062,3871 SW 29th St,Miami,FL,33134,1080000,SINGLE_FAMILY,1026.0,,2.0,1.0,,N/A,,,,,False,,,N/A,1080000,3,6,29,25.736984,-80.25797,False,,641000.0,1,624.7563352826511
44165063,1001 NW 127th Pl,Miami,FL,33182,675000,SINGLE_FAMILY,2124.0,5905.0,3.0,2.0,1990.0,35,,,,2.0,True,True,,N/A,675000,3,9,29,25.779112,-80.40165,False,,710637.5,8,375.8510380975693
44180122,1121 SW 104th Ct,Miami,FL,33174,520000,TOWNHOUSE,1424.0,,3.0,3.0,1989.0,36,,,,1.0,True,,,N/A,520000,3,8,29,25.759348,-80.36448,False,2.0,519385.71428571426,7,295.9393927011204
44187012,6224 SW 25th St,Miami,FL,33155,730000,SINGLE_FAMILY,1700.0,9000.0,3.0,2.0,1951.0,74,,,,0.0,False,,,N/A,730000,3,6,29,25.747091,-80.29596,False,,713185.7142857143,7,497.3915133747915
44187908,6354 SW 35th St,Miami,FL,33155,822000,SINGLE_FAMILY,1444.0,5250.0,3.0,3.0,1959.0,66,,,,0.0,False,,,N/A,822000,3,6,29,25.737423,-80.29807,False,,794725.0,8,468.69917288033236
44191489,3725 SW 83rd Ave,Miami,FL,33155,675000,SINGLE_FAMILY,1443.0,9000.0,3.0,2.0,1952.0,73,,,,0.0,False,,,N/A,675000,3,7,29,25.73554,-80.329346,False,,728162.5,8,487.0569620621955
44206679,4722 SW 67th Ave APT A1,Miami,FL,33155,549000,TOWNHOUSE,1234.0,,3.0,2.5,1976.0,49,669.0,,,,False,,,N/A,549000,3,8,29,25.726898,-80.30669,False,,548450.0,2,444.4489465153971
44206747,4726 SW 67th Ave APT F9,Miami,FL,33155,495000,CONDO,1065.0,,2.0,1.0,1976.0,49,669.0,,,,False,,,N/A,495000,3,8,29,25.726927,-80.3058,False,,472250.0,6,379.4213353709793
44245810,4470 SW 154th Pl,Miami,FL,33185,620000,SINGLE_FAMILY,1347.0,4499.0,3.0,2.0,1993.0,32,117.0,,,1.0,True,,,N/A,620000,3,8,29,25.723934,-80.44527,False,,580026.125,8,313.3418009240224
44252893,6819 SW 128th Ct,Miami,FL,33183,520000,TOWNHOUSE,1183.0,,3.0,2.0,1979.0,46,215.0,Updated/Remodeled,,0.0,False,,,N/A,520000,3,8,29,25.703533,-80.400955,False,1.0,438500.0,5,375.9820742707652
44253124,6716 SW 128th Pl,Miami,FL,33183,465000,TOWNHOUSE,1025.0,,2.0,1.0,1980.0,45,231.0,,,0.0,False,,,N/A,465000,3,8,29,25.704441,-80.401,False,1.0,526162.5,8,305.55085560912727
44269698,7941 SW 146th Ave,Miami,FL,33183,829000,SINGLE_FAMILY,2243.0,9900.0,3.0,2.0,1971.0,54,,,,1.0,True,,,N/A,829000,3,9,29,25.692478,-80.42865,False,,781525.0,8,410.3928649850652
44286381,10005 SW 122nd Ter,Miami,FL,33176,1600000,SINGLE_FAMILY,2906.0,0.45661157024793,4.0,3.0,1980.0,45,,,,2.0,True,True,,N/A,1600000,3,8,29,25.656017,-80.357254,False,,1573028.5714285714,7,432.12078507261896
44329490,14921 SW 140th Ct,Miami,FL,33186,625000,SINGLE_FAMILY,1567.0,4400.0,3.0,2.0,1980.0,45,220.0,,,1.0,True,,,N/A,625000,3,9,29,25.627909,-80.42003,False,,567650.0,8,340.6772335843021
44334310,14422 SW 158th St,Miami,FL,33177,605000,SINGLE_FAMILY,1574.0,4679.0,3.0,2.0,1991.0,34,,,,0.0,False,,,N/A,605000,3,9,29,25.62006,-80.42619,False,,576750.0,8,380.69459967983096
44356111,21780 SW 111th Ave,Miami,FL,33170,473000,SINGLE_FAMILY,1353.0,8250.0,3.0,2.0,1989.0,36,,,,1.0,True,,,N/A,473000,3,5,29,25.564945,-80.3715,False,,510483.3333333333,6,356.47048709830864
44356868,17905 SW 188th St,Miami,FL,33187,1530000,SINGLE_FAMILY,2302.0,4.73,4.0,2.0,1984.0,41,,Updated/Remodeled,,2.0,True,True,,N/A,1530000,3,5,29,25.591133,-80.4829,False,,1616737.5,8,497.15002232862196
64857934,9960 SW 88th St #614-6,Miami,FL,33176,240000,CONDO,755.0,,1.0,1.0,1968.0,57,119.0,,,1.0,True,,,N/A,240000,3,7,29,25.685663,-80.356995,False,2.0,259600.0,7,299.88256768206105
70766856,601 NE 36th St APT 1109,Miami,FL,33137,579000,CONDO,1158.0,,2.0,3.0,2005.0,20,1645.0,New Construction,,1.0,True,,,N/A,579000,3,4,29,25.811113,-80.18624,False,30.0,469225.0,8,439.44345256651064
70775380,31 SE 5th St APT 1205,Miami,FL,33131,430000,CONDO,757.0,,1.0,1.0,2006.0,19,736.0,,,1.0,True,,,N/A,430000,3,7,29,25.769579,-80.19188,False,43.0,528880.4444444445,9,485.37096076549835
70787053,3620 SW 114th Ave #2-111,Miami,FL,33165,275000,CONDO,982.0,,2.0,2.0,1981.0,44,380.0,,,0.0,False,,,N/A,275000,3,6,29,25.73505,-80.38124,False,2.0,254114.2857142857,7,298.750746520068
82067418,1690 SW 27th Ave APT 802,Miami,FL,33145,375000,TOWNHOUSE,1040.0,,2.0,2.0,2007.0,18,,,,,True,,,N/A,375000,3,9,29,25.756245,-80.23878,False,,,0,
82070182,133 NE 2nd Ave APT 3301,Miami,FL,33132,510000,CONDO,1041.0,,2.0,2.0,2007.0,18,,,,,False,,,N/A,510000,3,6,29,25.776104,-80.18969,False,,2999.0,1,2.9693069306930693
82071160,1021 NW 3rd St APT 108,Miami,FL,33128,1650,CONDO,465.0,,1.0,1.0,1930.0,95,,,,,False,,,N/A,121000,3,3,28,25.7768,-80.212,False,,1990.0,1,2.775453277545328
83157925,7285 SW 90th St #D719,Miami,FL,33156,665000,CONDO,1738.0,,2.0,3.0,2007.0,18,,,,2.0,True,True,,N/A,665000,3,7,29,25.687023,-80.31319,False,7.0,334285.71428571426,7,394.34298497382264
92445715,60 SW 13th St APT 2618,Miami,FL,33130,420000,CONDO,781.0,,1.0,2.0,2008.0,17,955.0,,,1.0,True,,,N/A,420000,3,7,29,25.76097,-80.194374,False,52.0,633166.6666666666,9,588.6203477502461
92450196,3301 NE 1st Ave APT H1201,Miami,FL,33137,710000,CONDO,1262.0,,2.0,2.0,2008.0,17,1264.0,,,1.0,True,,,N/A,710000,3,4,29,25.807789,-80.1923,False,32.0,936400.0,6,601.1075893091339
247680948,68 SE 6th St #1806,Miami,FL,33130,675000,CONDO,810.0,,1.0,1.5,2016.0,9,,,,,False,,,N/A,675000,3,3,29,25.76794,-80.20325,False,,810400.0,2,631.5729608675153
247699734,1010 SW 2nd Ave UNIT 1409,Miami,FL,33130,570000,CONDO,1037.0,,2.0,2.5,2016.0,9,,,,,False,,,N/A,570000,3,7,29,25.764074,-80.19781,False,,494785.71428571426,7,561.6226661100735
247703203,1176 SW 22nd Ter UNIT 2,Miami,FL,33129,1300000,TOWNHOUSE,2902.0,,3.0,4.0,2015.0,10,273.0,,Multi Level,1.0,True,,,N/A,1300000,3,7,29,25.750029,-80.21359,False,1.0,1072400.0,1,369.53824948311507
306392639,3131 NE 7th Ave UNIT 4203,Miami,FL,33137,1572500,CONDO,1526.0,,3.0,4.0,2018.0,7,2379.0,As Is,,1.0,True,,,N/A,1572500,3,4,29,25.807222,-80.18561,False,48.0,1533716.6666666667,6,980.8384212265959
338741128,23102 SW 127th Pl,Miami,FL,33170,534900,TOWNHOUSE,1804.0,,3.0,3.0,2020.0,5,85.0,,,1.0,True,,,N/A,534900,3,6,29,25.551975,-80.39845,False,0.0,475916.6666666667,6,319.6244645314182
351900080,131 NW 48th Ct,Miami,FL,33126,530000,SINGLE_FAMILY,1520.0,,3.0,2.0,1979.0,46,,,,0.0,False,,,N/A,530000,3,6,29,25.773134,-80.274055,False,,432533.3333333333,3,403.4626498233456
2055529540,19880 SW 123rd Ave #19880,Miami,FL,33177,400000,TOWNHOUSE,960.0,,3.0,1.0,1985.0,40,,,,0.0,False,,,N/A,400000,3,6,29,25.582119,-80.39072,False,1.0,355342.85714285716,7,370.1488095238095
43843799,4370 SW 2nd St,Miami,FL,33134,690000,SINGLE_FAMILY,981.0,6240.0,3.0,2.0,1941.0,84,,,,1.0,True,,,N/A,690000,3,6,30,25.76993,-80.26707,False,,703175.0,8,383.71179321722866
43848630,3056 SW 17th St,Miami,FL,33145,910000,MULTI_FAMILY,3016.0,,6.0,5.0,1992.0,33,,New Construction,,,False,,,N/A,910000,3,9,30,25.755548,-80.243675,False,1.0,860650.0,6,454.6802247214473
43850270,2537 SW 10th St,Miami,FL,33135,540000,SINGLE_FAMILY,882.0,5400.0,3.0,2.0,1935.0,90,,,,0.0,False,,,N/A,540000,3,6,30,25.76394,-80.23751,False,,669100.0,1,533.1474103585657
43853128,1511 SW 17th Ter,Miami,FL,33145,970000,SINGLE_FAMILY,1274.0,5136.0,3.0,2.0,1957.0,68,,,Mediterranean,0.0,False,,,N/A,970000,3,7,30,25.756699,-80.21968,False,,784137.5,8,517.3404455637778
43855266,2225 SW 25th Ter,Miami,FL,33133,780000,SINGLE_FAMILY,1540.0,5750.0,3.0,3.0,1925.0,100,,,,0.0,False,,,N/A,780000,3,6,30,25.74517,-80.23046,False,,846950.0,8,607.7356575920811
43855550,2235 Overbrook St,Miami,FL,33133,1360000,SINGLE_FAMILY,960.0,5500.0,2.0,1.0,1947.0,78,,,,,False,,,N/A,1360000,3,9,30,25.73972,-80.23085,False,,1479112.5,8,936.0575042602115
43856214,3555 Crystal View Ct,Miami,FL,33133,3400000,SINGLE_FAMILY,4021.0,6000.0,4.0,4.0,1993.0,32,,,Modern/Contemporary,3.0,True,True,,N/A,3400000,3,9,30,25.73661,-80.22405,False,,3151133.3333333335,6,1131.7233238754886
43856329,2472 Abaco Ave,Miami,FL,33133,2175000,SINGLE_FAMILY,1876.0,6550.0,3.0,3.0,1925.0,100,,,Old Spanish,0.0,False,,,N/A,2175000,3,9,30,25.738468,-80.23521,False,,1638914.2857142857,7,843.8417912190413
43860901,3460 Percival Ave,Miami,FL,33133,945000,SINGLE_FAMILY,1073.0,5000.0,2.0,1.0,1952.0,73,,,,2.0,True,,,N/A,945000,3,6,30,25.730392,-80.249596,False,,1378380.0,5,1055.6208852785826
43864771,340 SW 17th Rd,Miami,FL,33129,1100100,MULTI_FAMILY,2326.0,6751.0,4.0,2.0,1965.0,60,,,,,False,,,N/A,1100100,3,7,30,25.761637,-80.20068,False,,815522.0,4,554.4413486709028
43865123,1278 SW 14th St,Miami,FL,33145,844000,SINGLE_FAMILY,1502.0,6555.0,3.0,3.0,1941.0,84,,,,0.0,False,,,N/A,844000,3,7,30,25.759829,-80.21584,False,,930425.0,8,632.5206231799489
43866096,755 SW 6th St APT 5,Miami,FL,33130,245000,CONDO,699.0,,2.0,1.0,1971.0,54,400.0,,,1.0,True,,,N/A,245000,3,3,30,25.76819,-80.20691,False,4.0,229650.0,8,319.2671731267643
43870590,2127 Brickell Ave APT 1901,Miami,FL,33129,3000000,CONDO,2600.0,,3.0,3.0,1993.0,32,4388.0,,,2.0,True,,,N/A,3000000,3,7,30,25.752161,-80.19934,False,40.0,2208125.0,8,1009.7972165406738
43998639,6411 SW 62nd Ter,South Miami,FL,33143,1365000,SINGLE_FAMILY,2739.0,10530.0,3.0,2.0,1957.0,68,,Completely Renovated,Modern/Contemporary,2.0,True,,,N/A,1365000,3,8,30,25.712791,-80.29831,False,,1267637.5,8,578.4205441894617
44183475,8630 SW 20th St,Miami,FL,33155,880000,SINGLE_FAMILY,2631.0,10151.0,4.0,3.0,1958.0,67,,,,0.0,False,,,N/A,880000,3,8,30,25.751305,-80.335526,False,,790687.5,8,419.9393887591954
44184380,1841 SW 75 Avenue Rd,Miami,FL,33155,580000,SINGLE_FAMILY,1088.0,7501.0,3.0,1.0,1950.0,75,,,,,False,,,N/A,580000,3,8,30,25.753155,-80.317474,False,,594914.2857142857,7,418.1442851308054
44196270,10300 Coral Way UNIT A25,Miami,FL,33165,285000,CONDO,830.0,,2.0,1.0,1974.0,51,263.0,,,,False,,,N/A,285000,3,8,30,25.745943,-80.36214,False,,287344.44444444444,9,346.19812583668005
44206609,6701 SW 48th St,Miami,FL,33155,830000,SINGLE_FAMILY,1805.0,8742.0,4.0,2.0,1975.0,50,,,,0.0,False,,,N/A,830000,3,8,30,25.726168,-80.30288,False,,1115416.6666666667,6,575.2893800039357
44265345,8475 SW 156th Ct APT 336,Miami,FL,33193,235000,CONDO,1130.0,,3.0,2.0,1979.0,46,555.0,,,0.0,False,,,N/A,235000,3,9,30,25.68778,-80.44523,False,3.0,268175.0,4,229.686623063757
44270788,13731 SW 84th St APT F,Miami,FL,33183,350000,TOWNHOUSE,1395.0,,2.0,3.0,1974.0,51,443.0,,,0.0,False,,,N/A,350000,3,9,30,25.689436,-80.41731,False,2.0,368525.0,4,238.72894369118475
44275871,7880 SW 102nd Ln,Miami,FL,33156,531000,TOWNHOUSE,1348.0,,3.0,3.0,1995.0,30,656.0,,,2.0,True,,,N/A,531000,3,7,30,25.674503,-80.322266,False,2.0,421950.0,6,387.8600526285996
44289319,10864 SW 141st Ln,Miami,FL,33176,550000,SINGLE_FAMILY,4189.0,7500.0,6.0,5.0,1975.0,50,,,,0.0,False,,,N/A,550000,3,6,30,25.638443,-80.36989,False,,524428.5714285715,7,318.10717170155874
44304887,20490 SW 184th Street,Miami,FL,33187,1525000,SINGLE_FAMILY,2706.0,4.875,4.0,3.0,1995.0,30,,,,2.0,True,,,N/A,1525000,3,7,30,25.59489,-80.52393,False,,1184338.4285714286,7,1117.701870272462
44334094,14496 SW 156th St,Miami,FL,33177,600000,SINGLE_FAMILY,1787.0,7500.0,3.0,2.0,1991.0,34,,,,0.0,False,,,N/A,600000,3,9,30,25.622038,-80.42824,False,,663542.8571428572,7,383.21818354078226
44356175,10700 SW 216th St,Miami,FL,33170,589900,SINGLE_FAMILY,1688.0,0.28950872359963,5.0,2.0,1960.0,65,,,,0.0,False,,,N/A,589900,3,5,30,25.566126,-80.364426,False,,479569.875,8,401.95873619559677
44362865,20620 SW 120th Pl,Miami,FL,33177,475000,SINGLE_FAMILY,1367.0,7762.0,3.0,2.0,1980.0,45,,,,,False,,,N/A,475000,3,6,30,25.574755,-80.38754,False,,474517.5714285714,7,362.86464456603557
60798371,15832 SW 146th Ter,Miami,FL,33196,675000,SINGLE_FAMILY,1960.0,5378.0,4.0,3.0,2003.0,22,,,,2.0,True,,,N/A,675000,3,9,30,25.630447,-80.4499,False,,674750.0,8,317.6909456174129
63614669,3000 Coral Way APT 1412,Miami,FL,33145,516000,CONDO,1107.0,,2.0,2.0,2003.0,22,420.0,,,,False,,,N/A,516000,3,6,30,25.74947,-80.24225,True,,424350.0,6,447.596617761124
64535498,3800 SW 102nd Ave APT 104,Miami,FL,33165,225000,CONDO,632.0,,1.0,1.0,1969.0,56,343.0,,,0.0,False,,,N/A,225000,3,6,30,25.734156,-80.360466,False,2.0,187457.14285714287,7,284.58158157246254
70773984,601 NE 36th St APT 1812,Miami,FL,33137,1250000,CONDO,1870.0,,2.0,3.0,2005.0,20,2636.0,Updated/Remodeled,,3.0,True,True,,N/A,1250000,3,4,30,25.811113,-80.18624,False,35.0,481422.22222222225,9,446.1719578368983
70780332,6001 SW 70th St APT 529,South Miami,FL,33143,400000,APARTMENT,1164.0,,3.0,2.0,2004.0,21,533.0,,,,False,,,N/A,400000,3,9,30,25.7065,-80.29129,True,,210206.0,1,402.69348659003833
70780353,6001 SW 70th St APT 433,South Miami,FL,33143,400000,APARTMENT,1164.0,,3.0,2.0,2004.0,21,533.0,,,,False,,,N/A,400000,3,9,30,25.7065,-80.29129,True,,210206.0,1,402.69348659003833
71742313,6410 SW 33rd St,Miami,FL,33155,1300000,SINGLE_FAMILY,2587.0,7500.0,4.0,3.0,2006.0,19,,,,2.0,True,True,,N/A,1300000,3,6,30,25.739292,-80.299515,False,,795857.1428571428,7,528.7456897308646
82056925,225 NW 53rd St,Miami,FL,33127,950000,MULTI_FAMILY,2948.0,,8.0,4.0,2007.0,18,,,,,False,,,N/A,950000,3,6,30,25.824488,-80.200455,False,1.0,,0,
82061964,10735 SW 34th St,Miami,FL,33165,1660000,SINGLE_FAMILY,2895.0,0.43611111111111,4.0,4.0,2007.0,18,,,,2.0,True,True,,N/A,1660000,3,9,30,25.738071,-80.36891,True,,1378250.0,6,379.5093870161745
92447474,485 Brickell Ave APT 1904,Miami,FL,33131,1079000,CONDO,1286.0,1285.0,2.0,2.0,2009.0,16,1377.0,,,,False,,,N/A,1079000,3,7,30,25.768652,-80.18913,False,,677780.0,5,638.7701834122347
92447515,200 Biscayne Boulevard Way APT 3602,Miami,FL,33131,1150000,CONDO,1539.0,,2.0,3.0,2008.0,17,2358.0,,,1.0,True,,,N/A,1150000,3,6,30,25.77043,-80.18916,False,54.0,966687.5,8,686.758432042722
92448075,90 SW 3rd St APT 1702,Miami,FL,33130,525000,CONDO,1129.0,,2.0,2.0,2008.0,17,1205.0,,,1.0,True,,,N/A,525000,3,6,30,25.770365,-80.19521,False,0.0,777666.6666666666,6,548.7480686416703
103442846,1435 Brickell Ave #3502,Miami,FL,33131,800000,CONDO,624.0,0.0,0.0,1.0,2003.0,22,935.0,,,1.0,True,,,N/A,800000,3,7,30,25.75869,-80.19143,True,70.0,933438.8888888889,9,798.9299837485102
156369347,15202 SW 176th Ln,Miami,FL,33187,775000,SINGLE_FAMILY,2264.0,6491.0,4.0,4.0,2020.0,5,181.0,,,2.0,True,,,N/A,775000,3,7,30,25.602661,-80.438225,False,,775285.7142857143,7,343.81248122979486
247467798,151 SE 1st St APT 1604,Miami,FL,33131,325000,CONDO,446.0,,1.0,1.0,2016.0,9,463.0,,,0.0,False,,,N/A,325000,3,6,30,25.773546,-80.190674,False,38.0,390625.0,8,677.8948366239565
247702417,2620 Trapp Ave #B,Miami,FL,33133,1950000,TOWNHOUSE,2319.0,,3.0,3.0,2016.0,9,454.0,,,2.0,True,True,,N/A,1950000,3,9,30,25.73374,-80.23698,False,3.0,2136138.2,5,861.073395903619
252195645,10509 SW 118th Ave,Miami,FL,33186,620000,TOWNHOUSE,1774.0,1934.0,4.0,3.0,2019.0,6,,,,,False,,,N/A,620000,3,9,30,25.670626,-80.38639,False,,604325.0,4,350.22406222576154
352364032,22828 SW 122nd Ct,Miami,FL,33170,585000,SINGLE_FAMILY,1495.0,6250.0,4.0,2.0,2024.0,1,,"New Construction,Under Construction",Modern/Contemporary,4.0,True,,,N/A,585000,3,7,30,25.5547,-80.3892,False,,517671.4285714286,7,359.934760359728
447182062,3000 Bird Ave #3D-12,Miami,FL,33133,585000,CONDO,965.0,,2.0,2.0,1971.0,54,763.0,,,1.0,True,,,N/A,585000,3,9,30,25.735186,-80.24217,False,1.0,573950.0,4,646.8204332245326
2061973747,227 NE 2nd St #2008,Miami,FL,33132,375000,CONDO,393.0,,0.0,1.0,2022.0,3,647.0,,,0.0,False,,,N/A,375000,3,6,30,25.776505,-80.18969,True,31.0,268132.22222222225,9,513.1736139839719
2067983505,7260 Erwin Rd,Miami,FL,33143,4820000,SINGLE_FAMILY,4700.0,0.28725895316804,5.0,4.0,1997.0,28,,,,2.0,True,True,,N/A,4820000,3,10,30,25.704145,-80.26932,False,,3146637.5,8,819.4040626392823
2081366586,13776 SW 149th Circle Ln APT 2,Miami,FL,33186,347000,CONDO,738.0,,2.0,1.0,1995.0,30,486.0,,,0.0,False,,,N/A,347000,3,9,30,25.62883,-80.41742,False,1.0,330399.6666666667,3,380.5786566735553
43811862,1203 NW 51st Ter,Miami,FL,33142,514570,SINGLE_FAMILY,1200.0,3560.0,3.0,2.0,2023.0,2,,New Construction,,0.0,False,,,N/A,514570,3,5,33,25.822676,-80.21651,False,,395950.0,6,327.856844043274
43812647,775 NW 41st St,Miami,FL,33127,440000,SINGLE_FAMILY,1054.0,5458.0,2.0,1.0,1932.0,93,,,,0.0,False,,,N/A,440000,3,3,33,25.813923,-80.209404,False,,404914.28571428574,7,321.73172224710146
43817223,1521 NW 31st St,Miami,FL,33142,587000,SINGLE_FAMILY,1123.0,6900.0,3.0,2.0,1949.0,76,,"Updated/Remodeled,Completely Renovated",Modern/Contemporary,0.0,False,,,N/A,587000,3,4,33,25.805635,-80.222206,False,,525175.0,4,371.42115933232145
43827109,836 NE 82nd Street,Miami,FL,33138,850000,SINGLE_FAMILY,1967.0,6780.0,4.0,4.0,1933.0,92,,Resale,,0.0,False,,,N/A,850000,3,5,33,25.849672,-80.18183,False,1.0,804342.8571428572,7,518.656609220117
43849564,3411 SW 9th Ter APT 3B,Miami,FL,33135,225000,CONDO,725.0,,2.0,1.0,1949.0,76,295.0,,,0.0,False,,,N/A,222600,3,6,22,25.762756,-80.252335,False,2.0,195425.0,8,296.1379310344828
43853307,1439 SW 19th Ter,Miami,FL,33145,718500,SINGLE_FAMILY,1620.0,2700.0,3.0,2.0,1982.0,43,,,Modern/Contemporary,0.0,False,,,N/A,718500,3,7,33,25.7541,-80.21928,False,,744442.8571428572,7,449.7734048355488
43856209,3505 Crystal View Ct,Miami,FL,33133,8900,SINGLE_FAMILY,1484.0,5600.0,3.0,2.0,1957.0,68,,,,,True,,,N/A,1622000,3,9,32,25.737646,-80.22468,False,,16998.0,5,5.095568257809205
43856226,3560 Crystal View Ct,Miami,FL,33133,5550000,SINGLE_FAMILY,3660.0,5625.0,4.0,5.0,2024.0,1,,New Construction,Modern/Contemporary,2.0,True,True,,N/A,5550000,3,9,33,25.736267,-80.224266,False,,5783550.0,8,1191.582418951116
43857590,3251 SW 23rd Ter,Miami,FL,33145,808000,MULTI_FAMILY,1216.0,,2.0,2.0,1956.0,69,,,,,False,,,N/A,808000,3,6,33,25.74752,-80.2474,False,1.0,921950.0,4,627.0082265487536
43862049,2901 S Bayshore Dr APT 15G,Miami,FL,33133,1700000,CONDO,1587.0,,3.0,2.0,1975.0,50,1519.0,,,1.0,True,,,N/A,1700000,3,9,33,25.727736,-80.23948,False,18.0,1113562.5,8,831.4186912692862
43871851,2201 Brickell Ave APT 80,Miami,FL,33129,355000,CONDO,713.0,,1.0,1.0,1969.0,56,429.0,,,1.0,True,,,N/A,355000,3,7,33,25.751406,-80.19941,False,5.0,238992.14285714287,7,290.5967169476486
43874087,825 Brickell Bay Dr APT 1947,Miami,FL,33131,3100,CONDO,990.0,,2.0,2.0,1996.0,29,,,,,False,,,N/A,420000,3,7,32,25.765026,-80.18922,False,,2766.6666666666665,3,2.7875953928058137
44180861,1711 SW 92nd Ct,Miami,FL,33165,700000,SINGLE_FAMILY,1826.0,7680.0,3.0,2.0,1959.0,66,,,,0.0,False,True,,N/A,700000,3,8,33,25.753716,-80.34449,False,,762650.0,8,435.57560292847086
44187483,3041 SW 67th Ave,Miami,FL,33155,655000,SINGLE_FAMILY,1688.0,6100.0,3.0,2.0,1957.0,68,,,,0.0,False,,,N/A,655000,3,6,33,25.74161,-80.30297,False,,671240.0,5,470.25138097449855
44189013,6381 SW 36th St,Miami,FL,33155,850000,SINGLE_FAMILY,1170.0,6615.0,3.0,2.0,1955.0,70,,"Updated/Remodeled,Completely Renovated",,0.0,False,,,N/A,850000,3,6,33,25.737104,-80.29857,False,,745142.8571428572,7,466.7591098010871
44196686,3821 SW 99th Ave APT 2,Miami,FL,33165,320000,CONDO,1080.0,,2.0,3.0,1980.0,45,124.0,,,,False,,,N/A,320000,3,6,33,25.735182,-80.3546,False,,311214.28571428574,7,288.1613756613757
44199950,11021 SW 47th Ter,Miami,FL,33165,665000,SINGLE_FAMILY,1336.0,7500.0,4.0,2.0,1956.0,69,,,,0.0,False,True,,N/A,665000,3,6,33,25.723297,-80.373665,False,,577650.0,8,525.1535792852846
44200655,11020 SW 52nd Dr,Miami,FL,33165,675000,SINGLE_FAMILY,1538.0,0.25679522497704,3.0,2.0,1957.0,68,,,Ranch,0.0,False,,,N/A,675000,3,7,33,25.718231,-80.372574,False,,650550.0,6,533.8636299158355
44215453,10901 N Kendall Dr #203,Miami,FL,33176,257000,CONDO,910.0,,2.0,2.0,1970.0,55,386.0,,,0.0,False,,,N/A,257000,3,9,33,25.687042,-80.370125,False,2.0,258742.85714285713,7,258.16610210319817
44217985,10251 SW 80th St,Miami,FL,33173,625000,SINGLE_FAMILY,1508.0,9933.0,3.0,2.0,1976.0,49,172.0,,,2.0,True,,,N/A,625000,3,7,33,25.694487,-80.35942,False,,569300.0,2,446.3499245852187
44221372,8500 SW 84th Ter,Miami,FL,33143,960000,SINGLE_FAMILY,2732.0,0.26728650137741,3.0,2.0,1967.0,58,,,,,False,,,N/A,960000,3,7,33,25.690985,-80.33162,False,,1054744.625,8,418.9055595971687
44223271,7740 Camino Real #G-208,Miami,FL,33143,310000,CONDO,804.0,,2.0,1.0,1972.0,53,465.0,,,,False,,,N/A,310000,3,9,33,25.69293,-80.318924,False,,256100.0,8,302.38046518312103
44224776,8315 SW 63rd Pl,Miami,FL,33143,1200000,SINGLE_FAMILY,1286.0,9150.0,3.0,2.0,1954.0,71,,,,0.0,False,,,N/A,1200000,3,9,33,25.693518,-80.29621,False,,1310512.5,8,786.8783114021354
44238408,3625 SW 122nd Pl,Miami,FL,33175,150000,SINGLE_FAMILY,1708.0,8001.0,4.0,2.0,1962.0,63,,,,,False,,,N/A,150000,3,9,33,25.7346,-80.39308,False,,723637.5,8,369.48639296139385
44244008,5434 SW 151st Pl,Miami,FL,33185,725000,SINGLE_FAMILY,1821.0,7664.0,3.0,2.0,1981.0,44,129.0,,,2.0,True,True,,N/A,725000,3,8,33,25.715097,-80.43824,False,,639683.375,8,312.42509018672865
44245819,4630 SW 154th Pl,Miami,FL,33185,630000,SINGLE_FAMILY,1815.0,4440.0,3.0,3.0,1995.0,30,145.0,,,2.0,True,,,N/A,630000,3,8,33,25.722553,-80.44485,False,,642325.0,8,341.119352617162
44249075,14305 SW 50th St,Miami,FL,33175,715000,SINGLE_FAMILY,1853.0,5000.0,4.0,2.0,2001.0,24,,,,1.0,True,,,N/A,715000,3,10,33,25.718246,-80.42568,True,,660212.5,8,376.33712913490973
44253904,6425 SW 133rd Pl,Miami,FL,33183,450000,SINGLE_FAMILY,1250.0,,2.0,2.0,1985.0,40,128.0,,,0.0,False,,,N/A,450000,3,8,33,25.706606,-80.41005,False,1.0,502775.0,8,355.5873901669938
44254666,13357 SW 59th Ter,Miami,FL,33183,465000,TOWNHOUSE,1360.0,1467.0,3.0,3.0,1985.0,40,249.0,,,,False,,,N/A,465000,3,8,33,25.713137,-80.4104,False,,427400.0,7,367.10929174164465
44265172,8670 SW 149th Ave APT 107,Miami,FL,33193,275000,CONDO,1055.0,,2.0,2.0,1979.0,46,536.0,,,0.0,True,,,N/A,275000,3,9,33,25.686321,-80.433945,False,2.0,242728.57142857142,7,250.134922847496
