zpid,address,city,state,zipcode,price,homeType,livingArea,lotAreaValue,bedrooms,bathrooms,yearBuilt,houseAge,monthlyHoaFee,propertyCondition,architecturalStyle,garageSpaces,hasGarage,hasPrivatePool,basementYN,parking,lastSoldPrice,schools_count,schools_max_rating,daysOnZillow,latitude,longitude,furnished,storiesTotal,NearbyAvgPrice,NumSimilarHomesSold,NearbyPricePerSqFt
155808290,1823 SW 2nd Ct,Miami,FL,33129,3999999,SINGLE_FAMILY,3993.0,7500.0,5,5,2019.0,6,,,,1.0,True,True,,N/A,3600000.0,3,7,70,25.759068,-80.20054,False,,1246885.7142857143,7,801.8369195786145
44258592,14245 SW 57th Ln #9-1,Miami,FL,33183,450000,TOWNHOUSE,1515.0,,3,3,1989.0,36,470.0,,Split Level,0.0,False,,,N/A,265000.0,3,10,11,25.713692,-80.42483,False,2.0,444650.0,2,308.97768919333794
82410458,41 SE 5th St APT 1817,Miami,FL,33131,649900,CONDO,1267.0,,2,2,2006.0,19,1125.0,,,2.0,True,,,N/A,380000.0,3,7,51,25.769062,-80.19182,False,24.0,594250.0,8,503.99598144129277
44239412,12273 SW 27th St,Miami,FL,33175,525000,SINGLE_FAMILY,1476.0,7500.0,3,2,1967.0,58,,,,2.0,True,True,,N/A,,3,6,5,25.743698,-80.39372,False,,700137.5,8,385.25316366830094
43864129,4141 Pamona Ave,Miami,FL,33133,1975000,SINGLE_FAMILY,1734.0,6255.0,3,2,1976.0,49,,,,0.0,False,,,N/A,799500.0,3,9,7,25.719393,-80.25998,False,,2609807.8571428573,7,915.8319074185177
448492857,380 NW 20th St #8,Miami,FL,33127,525000,SINGLE_FAMILY,1190.0,,3,3,2005.0,20,480.0,,,0.0,False,,,N/A,430000.0,3,3,1,25.795155,-80.20154,False,,,0,
43808364,56 NW 60th St,Miami,FL,33127,350000,MULTI_FAMILY,1982.0,,5,4,1925.0,100,,,Ranch,,False,,,N/A,90000.0,3,5,177,25.830536,-80.19756,False,1.0,,0,
2054770050,304 Biscayne Boulevard Way PENTHOUSE 6301,Miami,FL,33131,59000000,APARTMENT,27191.0,,7,11,,N/A,,,,,True,True,False,N/A,,3,6,501,25.770939,-80.18885,False,,9160920.0,5,1650.183831938907
2103285521,8205 SW 152nd Ave,Miami,FL,33193,265000,CONDO,1074.0,,2,2,1984.0,41,304.0,Completely Renovated,,0.0,False,,,N/A,,3,9,6,25.690271,-80.43865,False,4.0,197075.0,4,208.26523706826697
44186315,5790 SW 17th St,Miami,FL,33155,1160000,SINGLE_FAMILY,2043.0,,5,4,1953.0,72,,New Construction,,0.0,False,True,,N/A,490000.0,3,8,22,25.754679,-80.28947,False,,977862.5,8,359.7658312774921
44331701,13529 SW 144th Ter,Miami,FL,33186,645000,SINGLE_FAMILY,1621.0,5303.0,3,2,2000.0,25,337.0,,,2.0,True,,,N/A,394000.0,3,8,78,25.633402,-80.41164,False,,702325.0,8,363.8325033075539
43855988,1780 Chucunantah Rd,Miami,FL,33133,5600000,SINGLE_FAMILY,3912.0,6500.0,5,4,2024.0,1,,New Construction,Modern/Contemporary,2.0,True,True,,N/A,700000.0,3,9,96,25.742033,-80.22341,False,,2872650.0,8,942.5437006581296
44336513,15385 SW 152nd Ter,Miami,FL,33187,729000,SINGLE_FAMILY,1605.0,0.28696051423324,3,2,1984.0,41,,,,2.0,True,True,,N/A,122000.0,3,9,6,25.625105,-80.44214,False,,712785.0,8,307.17898598160474
2061661554,23101 SW 99th Ave,Miami,FL,33190,350000,TOWNHOUSE,1328.0,,3,3,2022.0,3,253.0,,,0.0,False,,,N/A,,3,5,175,25.55226,-80.351906,False,2.0,372566.6666666667,6,258.92264141561606
43999003,6155 SW 69th St #9,South Miami,FL,33143,229900,TOWNHOUSE,970.0,,3,2,1974.0,51,578.0,,,0.0,False,,,N/A,70100.0,3,9,70,25.7072,-80.293175,False,2.0,316200.0,1,279.82300884955754
44288856,11615 SW 142nd Ter,Miami,FL,33176,449999,SINGLE_FAMILY,2722.0,7500.0,4,3,1962.0,63,,,,0.0,False,,,N/A,,3,9,7,25.636187,-80.38179,False,,512448.71428571426,7,317.4386588326102
44199147,11350 SW 43rd Ln,Miami,FL,33165,795000,SINGLE_FAMILY,1181.0,7500.0,3,3,1955.0,70,,,,0.0,False,True,,N/A,330000.0,3,6,75,25.726229,-80.37922,False,,570937.5,8,416.32957376381955
155802956,3832 Bayside Ct,Miami,FL,33133,39000000,SINGLE_FAMILY,10556.0,0.53308080808081,6,8,2015.0,10,33.0,,Modern/Contemporary,8.0,True,True,,N/A,,3,9,8,25.717146,-80.24616,False,,9701476.875,8,1336.8843004891437
44217671,9835 SW 86th St,Miami,FL,33173,699999,SINGLE_FAMILY,,7500.0,3,2,1961.0,64,,,,0.0,False,,,N/A,380000.0,3,7,6,25.689167,-80.353195,False,,660150.0,8,453.36091757532995
43855575,3200 Morris Ln,Miami,FL,33133,2250000,SINGLE_FAMILY,2027.0,6867.0,3,3,1953.0,72,,,,0.0,False,True,,N/A,1495000.0,3,9,2,25.738155,-80.22865,False,,3227225.0,8,940.5974936805119
43999066,6007 SW 69th St #74,South Miami,FL,33143,299600,TOWNHOUSE,970.0,,3,2,1974.0,51,576.0,,Split Level,1.0,True,,,N/A,190000.0,3,9,35,25.707338,-80.29205,False,2.0,122650.0,4,126.3338199069428
44181018,9221 SW 16th St,Miami,FL,33165,850000,SINGLE_FAMILY,1752.0,9375.0,3,2,1959.0,66,,,,0.0,False,,,N/A,595000.0,3,8,4,25.754915,-80.34469,False,,735200.0,7,431.26825062902253
44000127,5703 SW 83rd St,South Miami,FL,33143,1999000,SINGLE_FAMILY,1940.0,10640.0,3,3,1955.0,70,,,,2.0,True,True,,N/A,760000.0,3,10,16,25.694489,-80.28547,False,,3195512.5,8,831.5180467410482
79854631,7560 SW 56th Ct,Miami,FL,33143,2475000,TOWNHOUSE,2678.0,,3,5,2011.0,14,1496.0,Updated/Remodeled,,4.0,True,,,N/A,842000.0,3,10,21,25.701128,-80.28502,False,2.0,2361666.6666666665,3,786.2846446436009
44212980,5815 SW 107th Pl,Miami,FL,33173,1885000,SINGLE_FAMILY,2842.0,0.55268595041322,4,4,2022.0,3,,,,0.0,False,,,N/A,360000.0,3,9,15,25.713192,-80.36835,False,,772685.7142857143,7,437.27875116094265
448621202,1376-1378 NW 32nd St,Miami,FL,33142,549000,MULTI_FAMILY,4284.0,6250.0,8,6,,N/A,,,,,False,,,N/A,,3,3,26,25.80626,-80.21907,False,,625200.0,4,367.2415609412129
156310530,(Undisclosed Address),Miami,FL,33156,2750000,SINGLE_FAMILY,3567.0,0.4136593204775,4,5,2019.0,6,,,,2.0,True,True,,N/A,425000.0,3,10,71,,,False,,1508022.2222222222,9,571.0313987883054
446069952,5050 NW 7th St #PENTHOUSE 7,Miami,FL,33126,235000,CONDO,882.0,,2,2,1973.0,52,426.0,,,2.0,True,True,,N/A,,3,5,84,25.77625,-80.27788,False,8.0,244000.0,5,276.9333882128914
449854038,1432 SW 129th Ct,Miami,FL,33184,149900,MULTI_FAMILY,,0.0,4,3,1980.0,45,,,Ranch,,False,,,N/A,,3,8,6,25.754484,-80.40645,False,,,0,
44218771,8401 SW 107th Ave APT 243E,Miami,FL,33173,290000,CONDO,1235.0,,2,2,1974.0,51,505.0,,,0.0,False,,,N/A,133000.0,3,7,12,25.689573,-80.362495,False,3.0,278711.1111111111,9,238.91477907755714
44212861,6431 SW 109th Ct,Miami,FL,33173,1029000,SINGLE_FAMILY,2188.0,8250.0,5,4,1964.0,61,,,,0.0,False,True,,N/A,655000.0,3,7,64,25.707449,-80.37149,False,,684571.375,8,406.461352567468
442661928,650 NE 32nd St #PENTHOUSE 5004,Miami,FL,33137,3550000,CONDO,3012.0,,4,5,2018.0,7,3817.0,,,3.0,True,True,,N/A,2500000.0,3,4,23,25.806902,-80.18625,False,54.0,1063125.0,8,873.1619734242695
43809346,1540 NW 66th St,Miami,FL,33147,499000,SINGLE_FAMILY,1300.0,3400.0,3,2,2024.0,1,,New Construction,,1.0,True,,,N/A,70100.0,3,6,174,25.83466,-80.223885,False,,305378.8,5,311.13036910230517
2055634356,700 NE 26th Ter UNIT 1202,Miami,FL,33137,2495000,CONDO,2348.0,,2,4,2023.0,2,3465.0,New Construction,,1.0,True,,,N/A,1820000.0,3,6,6,25.802006,-80.18577,False,57.0,1379343.75,8,750.5499668559105
353685939,3585 Anchorage Way,Miami,FL,33133,135000000,SINGLE_FAMILY,11855.0,4.0898,13,18,2008.0,17,24631.0,,,6.0,True,True,,N/A,,3,9,292,25.720655,-80.2467,False,,5891700.0,5,1392.565009610969
337191219,20551 SW 162nd Ave,Miami,FL,33187,16900000,SINGLE_FAMILY,27808.0,18.46,10,11,2022.0,3,,New Construction,Mediterranean,8.0,True,True,,N/A,,3,5,386,25.57776,-80.45214,True,,1272833.3333333333,3,525.529010710081
44264197,7645 SW 164th Pl,Miami,FL,33193,665000,SINGLE_FAMILY,1676.0,6666.0,3,2,1998.0,27,55.0,,,3.0,True,,,N/A,510000.0,3,9,9,25.693962,-80.459724,False,,626344.625,8,330.4001769620097
43998844,7132 SW 65th Ave,South Miami,FL,33143,1099000,SINGLE_FAMILY,2669.0,10000.0,4,2,1959.0,66,,,,2.0,True,,,N/A,144000.0,3,9,0,25.70437,-80.29967,False,,1235275.0,8,471.1523892552511
44277088,10515 SW 96th Ter,Miami,FL,33176,974900,SINGLE_FAMILY,1554.0,9350.0,3,2,1966.0,59,,,,1.0,True,,,N/A,675000.0,3,7,0,25.67969,-80.36589,False,,871375.0,8,436.4888168700853
449359977,2942 Center St,Miami,FL,33133,3985000,SINGLE_FAMILY,4148.0,,5,6,2025.0,0,500.0,New Construction,Modern/Contemporary,2.0,True,True,,N/A,,3,9,12,25.736673,-80.239006,False,,2724500.0,2,815.6575212866603
44214564,6604 SW 114th Pl #F72,Miami,FL,33173,355000,TOWNHOUSE,1540.0,,3,2,1978.0,47,800.0,,Split Level,0.0,False,,,N/A,350000.0,3,7,191,25.706291,-80.37883,False,2.0,379600.0,3,285.4135338345865
43827278,725 NE 77th St,Miami,FL,33138,11995000,SINGLE_FAMILY,8210.0,0.38659320477502,6,8,2024.0,1,,New Construction,,3.0,True,True,,N/A,1726000.0,3,7,7,25.846262,-80.18166,False,,6212428.571428572,7,1311.9496778650628
43856696,1781 SW 24th St,Miami,FL,33145,995000,SINGLE_FAMILY,1351.0,6300.0,2,2,1953.0,72,,,,1.0,True,,,N/A,,3,6,0,25.747812,-80.22356,False,,1007066.6666666666,6,657.1150222037414
43827617,881 NE 71st St,Miami,FL,33138,1995000,SINGLE_FAMILY,2124.0,7500.0,4,2,1950.0,75,,,,0.0,False,True,,N/A,1125000.0,3,7,3,25.84068,-80.178444,False,,1320468.7142857143,7,840.2151562920209
44238752,12253 SW 28th Ter,Miami,FL,33175,629000,SINGLE_FAMILY,,8000.0,3,2,1965.0,60,,,,0.0,False,,,N/A,555000.0,3,9,71,25.74192,-80.39353,False,,659857.1428571428,7,405.06117706480285
338743526,21421 SW 127th Ct,Miami,FL,33177,874900,SINGLE_FAMILY,2213.0,6000.0,4,3,2022.0,3,,,,2.0,True,True,,N/A,611900.0,3,5,11,25.579931,-80.39742,False,,1661366.6666666667,3,316.09451361129396
66178892,13137 SW 190th St,Miami,FL,33177,1339000,SINGLE_FAMILY,3363.0,0.36701101928375,5,4,2007.0,18,,,,2.0,True,True,,N/A,475000.0,3,5,216,25.590944,-80.40432,False,,1119299.875,8,331.4963756460277
44214707,6947 SW 115th Pl #E36,Miami,FL,33173,445000,TOWNHOUSE,1470.0,,3,2,1979.0,46,805.0,Updated/Remodeled,,0.0,False,,,N/A,270000.0,3,7,16,25.70295,-80.37968,False,2.0,394758.1666666667,6,280.95966051492366
82068866,1021 NW 3rd St APT 302,Miami,FL,33128,129999,CONDO,465.0,,1,1,1930.0,95,162.0,,,0.0,False,,,N/A,142900.0,3,3,8,25.7768,-80.212,False,3.0,98525.0,8,199.75216365066873
2057620878,1445 SW 127th Ct,Miami,FL,33184,250000,MULTI_FAMILY,2000.0,,3,4,,N/A,1120.0,,,,False,,,N/A,,3,8,37,25.75594,-80.40138,False,,,0,
44364172,12231 SW 203rd Ter,Miami,FL,33177,405000,SINGLE_FAMILY,1250.0,2380.0,3,2,1994.0,31,70.0,,,0.0,False,,,N/A,53000.0,3,6,30,25.577414,-80.38915,False,,361100.0,7,318.4419460071221
44210356,9431 SW 62nd St,Miami,FL,33173,850000,SINGLE_FAMILY,2090.0,7875.0,4,3,1967.0,58,,,,0.0,False,,,N/A,670000.0,3,8,63,25.71101,-80.34759,False,,835425.0,8,417.79904621591345
44291057,10061 SW 144th St,Miami,FL,33176,1439000,SINGLE_FAMILY,3601.0,0.34449035812672,5,5,1988.0,37,,,,2.0,True,True,,N/A,715000.0,3,8,9,25.63617,-80.35651,False,,1414275.0,8,401.46018336787256
449334409,3618 SW 5th Ter,Miami,FL,33135,645000,SINGLE_FAMILY,1282.0,,3,2,1988.0,37,,Updated/Remodeled,,0.0,False,,,N/A,,3,6,13,25.766743,-80.25364,False,,612750.0,4,405.82184717097465
44188205,5912 SW 31st St,Miami,FL,33155,1095000,SINGLE_FAMILY,1608.0,8385.0,4,2,1948.0,77,,Completely Renovated,,0.0,False,,,N/A,620000.0,3,8,7,25.741804,-80.291435,False,,1008541.25,8,523.6512834766047
44253019,12921 SW 66 Terrace Dr,Miami,FL,33183,605000,TOWNHOUSE,1914.0,2188.0,3,3,1980.0,45,215.0,,,,False,,,N/A,255000.0,3,8,26,25.704859,-80.40145,False,,508550.0,8,330.874387734743
44206885,5292 SW 69th Pl,Miami,FL,33155,850000,TOWNHOUSE,1837.0,,2,3,1978.0,47,429.0,,,0.0,False,,,N/A,410000.0,3,8,0,25.721048,-80.30748,False,2.0,881600.0,7,463.8000217023811
44221054,7500 SW 81st Ave,Miami,FL,33143,2450000,SINGLE_FAMILY,2452.0,0.86999540863177,4,4,1954.0,71,,,,2.0,True,,,N/A,278000.0,3,9,1,25.699886,-80.32506,False,,2811987.5,8,834.5906130695245
43998506,5912 SW 63rd St,South Miami,FL,33143,689550,SINGLE_FAMILY,1144.0,6300.0,3,2,1947.0,78,,,,0.0,False,,,N/A,700000.0,3,8,37,25.712069,-80.2901,False,,771380.0,5,525.8936569847821
44291013,10302 SW 144th St,Miami,FL,33176,1295000,SINGLE_FAMILY,3205.0,0.35812672176309,4,3,1987.0,38,,,Modern/Contemporary,0.0,False,True,,N/A,267500.0,3,8,30,25.636108,-80.36057,False,,1262049.0,8,348.25898609260975
2068603070,300 Biscayne Boulevard Way PENTHOUSE 6301,Miami,FL,33131,59000000,CONDO,19868.0,,7,14,2023.0,2,37937.0,"New Construction,Under Construction",,6.0,True,,,N/A,,3,6,219,25.770777,-80.18752,False,65.0,2794562.5,8,1478.044585880645
60797429,6543 SW 162nd Path,Miami,FL,33193,1299000,SINGLE_FAMILY,3441.0,6000.0,5,5,2004.0,21,,,,2.0,True,True,,N/A,855000.0,3,9,30,25.704742,-80.456215,False,,729988.0,8,297.07612551602256
92436528,475 Brickell Ave APT 3813,Miami,FL,33131,725000,CONDO,1012.0,,2,2,2008.0,17,1479.0,,,1.0,True,,,N/A,804000.0,3,7,4,25.769072,-80.18861,True,57.0,526075.0,8,477.5167250568771
449347163,2878 SW 32nd Ct,Miami,FL,33133,1649000,TOWNHOUSE,0.0,,4,4,2025.0,0,,New Construction,Split Level,2.0,True,,,N/A,,3,6,12,25.737484,-80.24722,False,2.0,,0,
44282329,10625 SW 112th St,Miami,FL,33176,999999,SINGLE_FAMILY,1188.0,0.3495867768595,3,2,1956.0,69,,Updated/Remodeled,,1.0,True,True,,N/A,580000.0,3,8,15,25.66528,-80.36702,False,,1001525.0,8,483.82268173296495
70770610,16212 SW 60th Ter,Miami,FL,33193,535000,TOWNHOUSE,1614.0,,3,3,2006.0,19,70.0,,,1.0,True,,,N/A,171000.0,3,9,7,25.708838,-80.455505,False,2.0,547733.3333333334,3,311.921032649962
2063518841,12424 SW 10th Ter,Miami,FL,33184,600000,SINGLE_FAMILY,1536.0,,3,3,1982.0,43,,,,0.0,False,,,N/A,,3,9,48,25.758131,-80.39844,False,,555633.3333333334,3,425.43023704180723
44195532,3010 SW 105th Ave,Miami,FL,33165,720000,SINGLE_FAMILY,1691.0,8984.0,3,2,1957.0,68,,Updated/Remodeled,,0.0,False,True,,N/A,10000.0,3,8,7,25.741074,-80.365395,False,,685332.5,8,364.22215789879573
44189459,6710 SW 33rd St,Miami,FL,33155,825000,SINGLE_FAMILY,1676.0,5000.0,4,2,1980.0,45,,,,0.0,False,True,,N/A,70000.0,3,6,86,25.739086,-80.30349,False,,611942.8571428572,7,486.7591720991212
44255999,6049 SW 128th Ct,Miami,FL,33183,569777,SINGLE_FAMILY,1552.0,4182.0,3,2,1990.0,35,95.0,,Mediterranean,0.0,False,,,N/A,115000.0,3,8,69,25.711287,-80.402,False,,600100.0,8,363.47835482673054
44196756,10250 SW 28th St,Miami,FL,33165,973000,SINGLE_FAMILY,2220.0,7667.0,4,3,1984.0,41,,Completely Renovated,,0.0,False,,,N/A,481800.0,3,8,15,25.743153,-80.36093,False,,740862.5,8,849.3514382756528
43855558,3232 Emathla St,Miami,FL,33133,8495000,SINGLE_FAMILY,5721.0,10725.0,6,7,2017.0,8,,New Construction,Modern/Contemporary,2.0,True,True,,N/A,800000.0,3,9,21,25.738108,-80.2279,False,,2827757.1428571427,7,1124.4170965545075
44284739,9001 SW 125th Ter,Miami,FL,33176,789000,SINGLE_FAMILY,1546.0,0.3442378328742,3,2,1959.0,66,,,Ranch,1.0,True,,,N/A,85500.0,3,10,6,25.653671,-80.34083,False,,1046000.0,8,484.1942068013351
44257398,13951 Kendale Lakes Cir #706A,Miami,FL,33183,265000,CONDO,1296.0,,2,2,1973.0,52,698.0,,,1.0,True,,,N/A,120000.0,3,9,50,25.70973,-80.42106,False,9.0,292275.0,8,217.77390713163197
448670134,3631 Loquat Ave,Miami,FL,33133,735000,SINGLE_FAMILY,756.0,,2,1,1967.0,58,590.0,,,0.0,False,True,,N/A,,3,9,26,25.723825,-80.25183,False,,755360.0,5,834.7563377205106
82416832,665 NE 25th St #1504,Miami,FL,33137,730000,CONDO,1237.0,,2,3,2007.0,18,1892.0,,,1.0,True,,,N/A,490000.0,3,6,33,25.801422,-80.185616,False,28.0,743500.0,6,611.3118207671956
44247741,4595 SW 139th Ct #742,Miami,FL,33175,375000,TOWNHOUSE,1351.0,,3,3,1980.0,45,371.0,,Split Level,1.0,True,,,N/A,94500.0,3,9,36,25.724516,-80.41806,False,2.0,521900.0,1,386.3064396743153
43997370,6338 SW 41st St,South Miami,FL,33155,950000,SINGLE_FAMILY,1350.0,5100.0,3,2,1967.0,58,,,Mediterranean,0.0,False,,,N/A,799850.0,3,9,3,25.732677,-80.29752,False,,718550.0,8,508.21286264512287
43831759,1061 N Venetian Dr,Miami Beach,FL,33139,38000000,SINGLE_FAMILY,6701.0,0.34435261707989,7,8,2022.0,3,,New Construction,,2.0,True,True,,N/A,5100000.0,3,10,99,25.79103,-80.173256,False,,14033866.666666666,3,2840.996449837158
43818166,2142 NW 33rd St,Miami,FL,33142,494000,SINGLE_FAMILY,1400.0,8640.0,4,2,1938.0,87,,,,0.0,False,,,N/A,62200.0,3,4,4,25.80639,-80.23064,False,,349545.5,2,288.3732473993668
44247045,14103 SW 55th St,Miami,FL,33175,435000,SINGLE_FAMILY,835.0,,2,1,1978.0,47,45.0,,Other,0.0,False,,,N/A,112000.0,3,9,134,25.714935,-80.42185,False,,,0,
43856182,2910 Emathla St,Miami,FL,33133,15900000,SINGLE_FAMILY,12863.0,0.45913682277319,6,9,2024.0,1,,New Construction,Modern/Contemporary,2.0,True,True,,N/A,1975000.0,3,9,252,25.740797,-80.228645,False,,4426725.0,8,1101.7315427984759
44327652,14750 SW 151st Ter,Miami,FL,33196,799000,SINGLE_FAMILY,1943.0,9001.0,4,5,1993.0,32,,,,2.0,True,True,,N/A,335000.0,3,9,43,25.626003,-80.43194,False,,720200.0,8,337.5978318106856
43864871,168 SW 20th Rd,Miami,FL,33129,4835000,SINGLE_FAMILY,4344.0,6953.0,5,5,2024.0,1,,New Construction,Modern/Contemporary,1.0,True,True,,N/A,695000.0,3,7,55,25.757317,-80.20223,False,,1325600.0,6,604.9695536435801
44296522,9970 SW 161st St,Miami,FL,33157,599000,SINGLE_FAMILY,1522.0,7500.0,4,2,1960.0,65,,,,0.0,False,,,N/A,475000.0,3,5,54,25.619942,-80.35535,False,,562025.0,8,401.90595967187664
44217395,10030 SW 82nd Ter,Miami,FL,33173,739831,SINGLE_FAMILY,1350.0,9000.0,4,2,1961.0,64,,,,0.0,False,,,N/A,120000.0,3,7,86,25.692064,-80.356445,False,,737300.0,8,431.47099292332314
448589334,12562 SW 125th Ter #12562,Miami,FL,33186,519000,TOWNHOUSE,1452.0,,3,3,2003.0,22,,,,1.0,True,,,N/A,,3,8,28,25.651077,-80.39783,False,2.0,508216.6666666667,6,326.24802657339274
82072132,1690 SW 27th Ave APT 301,Miami,FL,33145,385000,CONDO,997.0,,2,2,2007.0,18,650.0,,,1.0,True,,,N/A,315000.0,3,9,6,25.75626,-80.238716,False,9.0,327700.0,9,363.2978440977239
44254924,13462 SW 62nd St APT 104-C,Miami,FL,33183,435000,TOWNHOUSE,1160.0,,2,3,1986.0,39,331.0,,,0.0,False,,,N/A,193000.0,3,8,41,25.709404,-80.411644,False,2.0,414100.0,2,347.98319327731093
43844683,5291 SW 5th St,Miami,FL,33134,575000,SINGLE_FAMILY,1256.0,6099.0,4,2,1944.0,81,,,,0.0,False,,,N/A,165000.0,3,5,2,25.766937,-80.28163,False,,589648.25,8,480.4683546057122
44261343,15104 SW 63rd Ter,Miami,FL,33193,624900,SINGLE_FAMILY,1794.0,5000.0,4,2,1990.0,35,,,,2.0,True,,,N/A,,3,7,9,25.706747,-80.44012,False,,648125.0,8,380.0082244611805
43812208,1523 NW 38th St,Miami,FL,33142,780000,MULTI_FAMILY,1672.0,5840.0,3,2,1925.0,100,,,,,False,,,N/A,400000.0,3,5,0,25.81127,-80.222466,False,1.0,658100.0,1,328.8855572213893
113377387,1861 NW South River Dr UNIT 1805,Miami,FL,33125,395000,CONDO,1022.0,,2,2,2010.0,15,1292.0,,,2.0,True,,,N/A,305000.0,3,3,112,25.784834,-80.22584,False,27.0,405937.5,8,417.6177326136509
44245488,5081 SW 154th Pl,Miami,FL,33185,798900,SINGLE_FAMILY,2607.0,4491.0,4,3,1993.0,32,130.0,,,2.0,True,True,,N/A,585000.0,3,8,27,25.716269,-80.443954,False,,598710.875,8,315.66933534822635
44288766,11532 SW 136th Ter,Miami,FL,33176,609900,SINGLE_FAMILY,1638.0,8400.0,4,2,1959.0,66,,,Other,0.0,False,,,N/A,250000.0,3,9,35,25.641018,-80.38175,False,,523900.0,7,392.0253469997577
44295581,9730 SW 161st St,Miami,FL,33157,689500,SINGLE_FAMILY,1851.0,9185.0,4,2,1959.0,66,,,,1.0,True,,,N/A,520000.0,3,6,259,25.619797,-80.3502,False,,580762.5,8,344.0027855694983
43811462,1071 NW 51st St,Miami,FL,33127,599900,SINGLE_FAMILY,1504.0,6950.0,3,2,1951.0,74,,,,1.0,True,,,N/A,395000.0,3,5,37,25.822212,-80.21358,False,,422025.0,4,322.7157875713374
444342334,1210 Brickell Ave #5,Miami,FL,33131,920700,CONDO,5490.0,,3,2,,N/A,,,,,False,,False,N/A,,3,7,91,25.762396,-80.19226,False,,,0,
44359485,11870 SW 189th St,Miami,FL,33177,449999,SINGLE_FAMILY,1042.0,7950.0,3,1,1956.0,69,,,,0.0,False,,,N/A,,3,5,4,25.59152,-80.38447,False,,504114.28571428574,7,386.6309048262604
44187730,6449 SW 34th St,Miami,FL,33155,950000,SINGLE_FAMILY,1610.0,7500.0,3,2,1945.0,80,,,,0.0,False,True,,N/A,500000.0,3,6,9,25.738752,-80.30013,False,,841430.875,8,830.5748732147912
44244744,14925 SW 48th Ter #20H,Miami,FL,33185,298000,CONDO,885.0,,2,2,1984.0,41,513.0,,,1.0,True,,,N/A,93000.0,3,8,161,25.720716,-80.435715,False,1.0,355275.0,4,392.95688258676586
44339306,14443 SW 172nd Ln,Miami,FL,33177,649000,SINGLE_FAMILY,1522.0,5126.0,3,2,1994.0,31,,,,2.0,True,True,,N/A,540000.0,3,7,154,25.607122,-80.42647,False,,666514.2857142857,7,381.4035354722948
70761005,1371 NW 51st Ter,Miami,FL,33142,450000,SINGLE_FAMILY,1164.0,6000.0,3,2,2005.0,20,,,,0.0,False,,,N/A,130000.0,3,5,0,25.822592,-80.21975,False,,372560.25,8,371.1524443826729
43867128,1240 SW 20th St,Miami,FL,33145,950000,SINGLE_FAMILY,2406.0,5928.0,4,3,1950.0,75,,,,0.0,False,,,N/A,,3,7,45,25.75304,-80.215126,False,,1035800.0,8,633.1681377545315
79858307,170 SE 14th St APT 2408,Miami,FL,33131,509000,CONDO,1090.0,,2,2,2006.0,19,750.0,,Split Level,1.0,True,,,N/A,,3,7,95,25.759737,-80.19074,False,30.0,307072.22222222225,9,424.43334538106535
44211713,6321 SW 106th Ave,Miami,FL,33173,1100000,SINGLE_FAMILY,4578.0,0.37869605142332,6,6,1980.0,45,,,,2.0,True,True,,N/A,1375000.0,3,9,75,25.708565,-80.36529,False,,931075.0,8,395.784598678821
44335409,16711 SW 140th Ave,Miami,FL,33177,697594,SINGLE_FAMILY,1828.0,4500.0,5,3,1998.0,27,,,,0.0,False,True,,N/A,225000.0,3,9,4,25.61191,-80.4201,False,,646837.5,8,340.157169946565
44301892,17331 SW 103 Avenue,Miami,FL,33157,475000,SINGLE_FAMILY,1188.0,0.0,4,2,1953.0,72,,Resale,,0.0,False,,,N/A,,3,6,5,25.608416,-80.35864,False,1.0,419528.5714285714,7,394.249084014502
162032583,16185 SW 136th Terrace,Miami,FL,33196,979000,SINGLE_FAMILY,3045.0,6364.0,5,4,2016.0,9,90.0,Resale,,2.0,True,True,,N/A,1000000.0,3,9,24,25.639366,-80.45605,False,2.0,863087.5,8,328.46588503619506
92437073,244 Biscayne Blvd APT 2507,Miami,FL,33132,420000,SINGLE_FAMILY,806.0,,1,1,2008.0,17,970.0,,Modern/Contemporary,1.0,True,True,,N/A,420000.0,3,6,22,25.777002,-80.18852,False,,,0,
441850218,305 NW 19th St,Miami,FL,33136,485000,SINGLE_FAMILY,1347.0,,4,3,2006.0,19,415.0,,,0.0,False,,,N/A,,3,3,181,25.793665,-80.200516,False,,566440.0,5,448.08431151517607
44217972,8704 SW 103rd Ave,Miami,FL,33173,499500,TOWNHOUSE,1335.0,,3,3,1968.0,57,173.0,,,2.0,True,,,N/A,87000.0,3,7,3,25.688316,-80.36012,False,2.0,427828.5714285714,7,348.6858243942912
43828299,1040 NE 85th St,Miami,FL,33138,1449000,SINGLE_FAMILY,1561.0,6250.0,3,2,1956.0,69,,,,0.0,False,,,N/A,1235000.0,3,9,29,25.853642,-80.17587,False,,926285.7142857143,7,597.8236124483086
64874974,2001 Biscayne Blvd APT 2220,Miami,FL,33137,625000,CONDO,1476.0,,3,2,2004.0,21,1227.0,,,1.0,True,,,N/A,445000.0,3,6,210,25.795185,-80.18881,False,15.0,322238.8888888889,9,423.2375367327793
2055043829,1003 NE Little River Dr,Miami,FL,33138,2195000,SINGLE_FAMILY,2564.0,6953.0,4,3,2023.0,2,,New Construction,Modern/Contemporary,2.0,True,True,,N/A,,3,5,147,25.846626,-80.176155,False,,1060300.0,1,593.0089485458612
43810175,1361 NW 59th St,Miami,FL,33142,255000,SINGLE_FAMILY,866.0,5300.0,2,1,1946.0,79,,,,0.0,False,,,N/A,186000.0,3,5,100,25.829874,-80.22007,False,,420600.0,7,374.25379290533823
44233660,13251 SW 17th Ln APT 5-22,Miami,FL,33175,365000,CONDO,1109.0,,3,2,1983.0,42,118.0,,,0.0,False,,,N/A,330000.0,3,8,97,25.751642,-80.41229,False,2.0,294471.4285714286,7,318.4997640376528
44178184,1731 SW 98th Ave,Miami,FL,33165,1299000,SINGLE_FAMILY,2054.0,7500.0,5,4,1961.0,64,,Updated/Remodeled,,0.0,False,True,,N/A,,3,8,9,25.752676,-80.3539,False,,691900.0,8,407.9967138523714
44265381,15685 SW 84th Ter APT 801,Miami,FL,33193,320000,TOWNHOUSE,1660.0,,3,3,1980.0,45,763.0,,,0.0,False,,,N/A,160000.0,3,9,76,25.687737,-80.44518,False,2.0,306626.0,4,213.68000663322044
44286383,12140 SW 100th Ave,Miami,FL,33176,2095000,SINGLE_FAMILY,4203.0,0.4495867768595,5,4,1987.0,38,,,,2.0,True,True,,N/A,399000.0,3,8,9,25.656765,-80.357254,False,,1578800.0,7,458.9168853231802
125965428,9402 SW 83rd Ave,Miami,FL,33156,2995000,SINGLE_FAMILY,4069.0,0.32651515151515,6,6,2014.0,11,,,,2.0,True,True,,N/A,2500000.0,3,7,124,25.682552,-80.329605,False,,1634957.142857143,7,649.2292955996394
156360620,13335 SW 142nd Ter,Miami,FL,33186,549000,SINGLE_FAMILY,1624.0,2251.0,3,2,2000.0,25,155.0,,,1.0,True,,,N/A,300000.0,3,8,120,25.635372,-80.409256,False,,530450.0,4,313.0079429460922
44330049,13725 SW 147th Circle Ln APT 1-31,Miami,FL,33186,310000,TOWNHOUSE,694.0,,2,1,1994.0,31,486.0,,Ranch,0.0,False,,,N/A,235000.0,3,9,66,25.631294,-80.41659,False,1.0,357333.3333333333,3,440.0740486278102
64774393,8365 SW 152nd Ave #C-206,Miami,FL,33193,235000,CONDO,1074.0,,2,2,1984.0,41,303.0,,,0.0,False,,,N/A,66700.0,3,9,184,25.688574,-80.43846,False,4.0,232033.75,8,245.71055151506735
70788822,18152 SW 109th Place,Miami,FL,33157,370000,TOWNHOUSE,996.0,1890.0,2,2,2006.0,19,135.0,Resale,,0.0,False,,,N/A,134300.0,3,5,15,25.600191,-80.37004,False,1.0,357885.71428571426,7,57431.23213693569
44284830,8943 SW 128th St,Miami,FL,33176,700000,SINGLE_FAMILY,1450.0,7920.0,4,2,1969.0,56,,,,0.0,False,,,N/A,240000.0,3,10,293,25.651314,-80.33936,False,,580750.0,8,470.9616405726412
44335220,14206 SW 164th Ter,Miami,FL,33177,945000,SINGLE_FAMILY,2537.0,8051.0,4,4,1997.0,28,,,,8.0,True,True,,N/A,710000.0,3,9,16,25.614395,-80.42254,False,,702512.5,8,348.1238403253743
44249221,4627 SW 128th Ct,Miami,FL,33175,1199000,SINGLE_FAMILY,3671.0,8625.0,6,4,1971.0,54,,,,0.0,False,True,,N/A,700000.0,3,8,21,25.72337,-80.40193,False,,659662.5,8,400.87054853897416
44301959,10350 SW 175th St,Miami,FL,33157,469000,SINGLE_FAMILY,960.0,2775.0,3,2,1972.0,53,,,,0.0,False,,,N/A,370000.0,3,8,172,25.606533,-80.359856,False,,398525.0,4,327.1628916435965
43808811,1560 NW 71st Street,Miami,FL,33147,374900,SINGLE_FAMILY,1210.0,2730.0,4,2,1944.0,81,,Resale,Ranch,0.0,False,,,N/A,350000.0,3,6,119,25.838934,-80.224396,False,1.0,308166.6666666667,6,391.217414687245
44190669,2650 SW 76th Ave,Miami,FL,33155,675000,SINGLE_FAMILY,1750.0,5000.0,3,2,1969.0,56,,,,0.0,False,,,N/A,169900.0,3,6,6,25.74568,-80.31933,False,,648933.3333333334,6,422.88692307572705
70787504,8550 SW 109th Ave #5-217,Miami,FL,33173,229000,CONDO,801.0,,1,2,1969.0,56,521.0,"Completely Renovated,New Construction",Split Level,0.0,False,,,N/A,153500.0,3,9,83,25.689154,-80.37076,False,2.0,217175.0,8,240.18067157811018
44300163,17721 SW 113th Ct,Miami,FL,33157,664500,SINGLE_FAMILY,1331.0,7676.0,3,2,1964.0,61,,,,1.0,True,True,,N/A,470000.0,3,5,93,25.604101,-80.37592,False,,555325.0,8,372.47284001603464
72562650,9001 SW 77th Ave APT C408,Miami,FL,33156,304999,CONDO,1230.0,,3,2,1971.0,54,520.0,,,0.0,False,,,N/A,155000.0,3,7,36,25.686707,-80.31885,False,10.0,286585.71428571426,7,312.633301825092
44278438,11220 SW 95th St,Miami,FL,33176,4999999,SINGLE_FAMILY,5943.0,0.88298898071625,4,5,2025.0,0,,New Construction,,3.0,True,True,,N/A,,3,9,8,25.679893,-80.3768,False,,1388837.5,8,497.9445914790796
44180345,10360 SW 22nd St,Miami,FL,33165,630000,SINGLE_FAMILY,1634.0,3701.0,3,2,1992.0,33,50.0,,,0.0,False,,,N/A,123000.0,3,8,218,25.748295,-80.3633,False,,575472.875,8,362.0305210869753
44333914,14450 SW 153rd Ter,Miami,FL,33177,641000,SINGLE_FAMILY,1420.0,9501.0,3,2,1990.0,35,,,,1.0,True,True,,N/A,162500.0,3,9,19,25.624508,-80.42719,False,,538781.25,8,350.35542913265994
82065984,133 NE 2nd Ave APT 719,Miami,FL,33132,425000,CONDO,1036.0,,2,2,2007.0,18,955.0,,,0.0,False,,,N/A,265000.0,3,6,398,25.775953,-80.19019,False,36.0,283222.5,8,376.3276536344797
44214187,6619 SW 116th Pl #G7,Miami,FL,33173,360000,TOWNHOUSE,1330.0,,2,2,1975.0,50,680.0,,Split Level,1.0,True,,,N/A,298000.0,3,7,12,25.705217,-80.38161,False,2.0,371733.3333333333,3,265.5044061767321
43850577,2225 SW 12th St,Miami,FL,33135,735000,SINGLE_FAMILY,1922.0,5850.0,4,2,1925.0,100,,,"Mediterranean,Old Spanish",5.0,True,,,N/A,235000.0,3,6,7,25.761463,-80.231575,False,,694112.5,8,408.05803138646263
43863611,3305 S Moorings Way,Miami,FL,33133,31000000,SINGLE_FAMILY,14720.0,0.50013774104683,7,9,2008.0,17,1000.0,,,2.0,True,True,,N/A,8650000.0,3,9,145,25.716696,-80.24655,False,,19785344.57142857,7,2223.900088497903
44220127,9291 SW 88th St,Miami,FL,33173,2690000,SINGLE_FAMILY,3049.0,0.34435261707989,4,5,1972.0,53,,,Modern/Contemporary,2.0,True,True,,N/A,680000.0,3,7,252,25.688047,-80.34341,False,,1263471.4285714286,7,496.28132184840223
92436159,55 SE 6th St APT 3503,Miami,FL,33131,595000,CONDO,1111.0,,2,2,2008.0,17,1644.0,,,1.0,True,,,N/A,385000.0,3,7,16,25.768448,-80.191345,False,43.0,285066.6666666667,9,340.5585281201733
44280727,11443 SW 109th Road #45-D,Miami,FL,33176,399900,TOWNHOUSE,1220.0,0.0,4,3,1977.0,48,539.0,Resale,,0.0,False,,,N/A,76000.0,3,9,130,25.669643,-80.37982,False,2.0,464100.0,3,341.65336413697065
43866481,2031 S Miami Ave,Miami,FL,33129,5750000,SINGLE_FAMILY,4259.0,8500.0,4,5,2016.0,9,,,,1.0,True,True,,N/A,2500000.0,3,7,6,25.754284,-80.19981,False,,2775300.0,4,746.183324043409
44211326,9144 SW 70th Ter,Miami,FL,33173,1350000,SINGLE_FAMILY,2541.0,9538.0,4,3,1995.0,30,,,,2.0,True,True,,N/A,375000.0,3,9,15,25.703161,-80.34175,False,,989498.5,8,391.14515246611813
448166311,1428 Brickell Ave #6202,Miami,FL,33131,16973900,CONDO,,,3,5,,N/A,,,,,False,,False,N/A,,3,7,40,25.759705,-80.19282,False,,4974404.75,4,1869.6798181542417
43848326,3660 SW 12th St,Miami,FL,33135,1950000,SINGLE_FAMILY,3104.0,5278.0,4,4,2022.0,3,,New Construction,,1.0,True,True,,N/A,1950000.0,3,9,145,25.760817,-80.254265,False,,627587.5,8,460.6386895278357
80791461,12600 SW 93rd Ave,Miami,FL,33176,2700000,SINGLE_FAMILY,4071.0,0.480463728191,5,5,2006.0,19,,,Mediterranean,2.0,True,True,,N/A,845000.0,3,10,23,25.652657,-80.344894,False,,1280516.6666666667,6,434.35433973501745
44247566,13852 SW 46th Ln,Miami,FL,33175,479000,SINGLE_FAMILY,1118.0,3163.0,3,1,1980.0,45,45.0,,,0.0,False,,,N/A,300000.0,3,9,15,25.722351,-80.41767,False,,497917.0,8,396.311579737849
44207025,4706 SW 67th Ave APT M3,Miami,FL,33155,479000,TOWNHOUSE,1234.0,,2,2,1979.0,46,695.0,,,0.0,False,,,N/A,140000.0,3,8,29,25.726835,-80.30638,False,2.0,504760.0,5,391.02742772424017
44192172,7860 SW 33rd Ter,Miami,FL,33155,699000,SINGLE_FAMILY,1541.0,8240.0,3,2,1957.0,68,,,,0.0,False,,,N/A,2300.0,3,6,309,25.738869,-80.32297,False,,702885.7142857143,7,441.40234543718043
43869452,1925 Brickell Ave APT DPH7,Miami,FL,33129,1750000,CONDO,2260.0,,3,3,1980.0,45,2442.0,Updated/Remodeled,,2.0,True,True,,N/A,1760000.0,3,7,295,25.753292,-80.19823,False,23.0,681500.0,8,506.2686095706398
44216352,10816 SW 72nd St APT 194,Miami,FL,33173,539500,TOWNHOUSE,1569.0,,4,3,1981.0,44,490.0,,,0.0,False,,,N/A,300000.0,3,7,309,25.70073,-80.36893,False,2.0,448983.3333333333,6,285.438904352495
44332565,12344 SW 144th Ter,Miami,FL,33186,549999,SINGLE_FAMILY,1578.0,3435.0,3,2,1994.0,31,148.0,,,1.0,True,,,N/A,172000.0,3,8,49,25.633293,-80.39326,False,,550700.0,8,327.19510600827266
43822039,3520 NW 20th St,Miami,FL,33142,589000,SINGLE_FAMILY,1150.0,5000.0,3,2,1951.0,74,,,,0.0,False,,,N/A,55000.0,3,4,30,25.793741,-80.25289,False,,539362.5,8,398.7646498007392
43862415,2956 Bird Ave APT 4,Miami,FL,33133,697000,CONDO,895.0,,2,3,1982.0,43,650.0,,,1.0,True,,,N/A,125000.0,3,9,167,25.735077,-80.24089,False,3.0,350400.0,1,391.50837988826817
44340769,17382 SW 142nd Pl,Miami,FL,33177,529000,SINGLE_FAMILY,1393.0,3703.0,3,2,1996.0,29,42.0,,,0.0,False,,,N/A,410000.0,3,7,55,25.605879,-80.423515,False,,526287.5,8,374.76404310250007
43846493,5200 SW 4th St,Miami,FL,33134,699900,SINGLE_FAMILY,1680.0,6351.0,4,2,1940.0,85,,Updated/Remodeled,,0.0,False,,,N/A,435750.0,3,5,210,25.767258,-80.27997,False,,621600.0,4,395.66112809529807
44200032,11261 SW 48th St,Miami,FL,33165,849000,SINGLE_FAMILY,1109.0,9000.0,3,2,1957.0,68,,,,0.0,False,True,,N/A,192500.0,3,7,49,25.722273,-80.37682,False,,713225.0,8,433.3625982468556
44266441,15400 SW 81st Circle Ln APT 104,Miami,FL,33193,272000,CONDO,1096.0,,3,2,1981.0,44,320.0,Updated/Remodeled,,1.0,True,,,N/A,1550.0,3,9,327,25.691181,-80.44259,False,2.0,296516.6666666667,6,255.7260627127101
2069505653,788 NE 23rd St #4301,Miami,FL,33137,4000000,CONDO,3313.0,,3,4,2021.0,4,4941.0,New Construction,,2.0,True,,,N/A,,3,6,70,25.799065,-80.18554,False,57.0,3811500.0,9,1281.9828030196288
2055756982,99 SE 5th St #UPH7201,Miami,FL,33131,31760000,CONDO,9074.0,,5,10,2027.0,-2,9074.0,New Construction,,2.0,True,,,N/A,,3,7,190,25.769646,-80.19108,False,75.0,4254650.0,8,1738.6403804378454
44214464,6504 SW 114th Pl #D79,Miami,FL,33173,355000,TOWNHOUSE,1390.0,,2,3,1977.0,48,800.0,,,0.0,False,,,N/A,152000.0,3,7,12,25.707369,-80.379166,False,2.0,345975.0,4,242.7835416463236
44186053,1900 SW 70th Ave,Miami,FL,33155,745000,SINGLE_FAMILY,1844.0,7500.0,4,3,1957.0,68,,,,0.0,False,,,N/A,323800.0,3,6,15,25.752884,-80.30854,False,,873200.0,4,399.8262358115459
44201293,9751 SW 47th St,Miami,FL,33165,675000,SINGLE_FAMILY,1590.0,9000.0,4,2,1952.0,73,,Completely Renovated,,0.0,False,,,N/A,500100.0,3,9,29,25.724354,-80.35251,False,,630200.0,7,399.4428533273161
43808837,6930 NW 15th Ave,Miami,FL,33147,350000,MULTI_FAMILY,1687.0,,4,3,1948.0,77,,,,,False,,,N/A,80000.0,3,6,406,25.837706,-80.22346,False,1.0,351333.3333333333,3,120.31963470319636
44215113,6356 SW 114th Ave,Miami,FL,33173,590000,SINGLE_FAMILY,1415.0,4375.0,3,3,1991.0,34,190.0,,,1.0,True,,,N/A,230000.0,3,7,160,25.709248,-80.37829,False,,519236.14285714284,7,352.95731384830145
43828806,696 NE 67th St,Miami,FL,33138,1299000,SINGLE_FAMILY,1736.0,5400.0,3,3,1947.0,78,,,,1.0,True,True,,N/A,750000.0,3,7,26,25.837143,-80.18241,False,,959833.3333333334,6,611.6508123288006
43997926,7101 SW 64th Ct,South Miami,FL,33143,1695000,SINGLE_FAMILY,1719.0,10080.0,3,3,1949.0,76,,,,0.0,False,True,,N/A,760000.0,3,9,42,25.704771,-80.29774,False,,1102200.0,6,585.3233607774253
43812684,1429 NW 38th St,Miami,FL,33142,489900,SINGLE_FAMILY,1228.0,5000.0,3,2,1940.0,85,,,,0.0,False,,,N/A,330000.0,3,5,12,25.811497,-80.22053,False,,417600.0,4,375.0542976793226
44179890,1917 SW 107th Ave APT 709,Miami,FL,33165,280000,TOWNHOUSE,669.0,,2,2,1983.0,42,100.0,,,,False,,,N/A,,3,6,51,25.734707,-80.35922,False,,,0,
70792272,8401 NW 107th Ct UNIT 6-36,Doral,FL,33178,509995,TOWNHOUSE,1462.0,,3,3,2005.0,20,437.0,,,0.0,False,,,N/A,245000.0,3,7,49,25.69,-80.36428,False,2.0,,0,
60797433,6423 SW 162nd Path,Miami,FL,33193,978000,SINGLE_FAMILY,2651.0,6000.0,4,4,2003.0,22,,,,2.0,True,True,,N/A,320000.0,3,9,105,25.705402,-80.45625,False,,837756.25,8,318.7686925886536
44331962,14806 SW 124th Pl,Miami,FL,33186,468000,SINGLE_FAMILY,1302.0,,2,2,1981.0,44,225.0,,,0.0,False,,,N/A,281000.0,3,8,28,25.630257,-80.39444,False,0.0,458750.0,2,356.99699305730064
43871460,1420 Brickell Bay Dr APT 1407C,Miami,FL,33131,474900,CONDO,1227.0,,2,2,1973.0,52,1022.0,,,1.0,True,,,N/A,142500.0,3,7,6,25.758305,-80.18951,False,17.0,432524.875,8,393.7079126032337
446904732,12830 SW 67th Ter UNIT 12830,Miami,FL,33183,449900,TOWNHOUSE,1472.0,,3,3,1980.0,45,231.0,As Is,,0.0,False,,,N/A,,3,8,71,25.70427,-80.400185,False,2.0,491300.0,7,323.7503211591069
43873887,905 Brickell Bay Dr APT 1121,Miami,FL,33131,420000,CONDO,990.0,,2,2,1968.0,57,943.0,,,1.0,True,,,N/A,,3,7,195,25.764196,-80.18899,False,20.0,334818.75,8,311.31505896510777
43847033,5050 NW 7th St APT 202,Miami,FL,33126,249900,CONDO,1120.0,,3,2,1973.0,52,541.0,,,1.0,True,,,N/A,70000.0,3,5,99,25.778025,-80.27778,False,8.0,231112.5,8,286.8424568443978
62932129,22542 SW 103rd Ct,Miami,FL,33190,770733,SINGLE_FAMILY,2581.0,5000.0,4,3,2005.0,20,,,,2.0,True,True,,N/A,371000.0,3,5,90,25.558128,-80.35899,False,,523677.3333333333,6,330.4725823077369
43813628,944 NW 47th St,Miami,FL,33127,415000,SINGLE_FAMILY,1356.0,5000.0,3,2,1940.0,85,,,,0.0,False,,,N/A,,3,5,13,25.817957,-80.21163,False,,436550.0,2,355.43939393939394
44000303,6209 SW 78th St #2E,South Miami,FL,33143,740000,TOWNHOUSE,1632.0,,3,3,1974.0,51,,,,0.0,False,,,N/A,,3,9,55,25.698889,-80.293564,False,2.0,840916.6666666666,6,488.4145135810816
64748474,1200 Brickell Bay Dr UNIT 3001,Miami,FL,33131,800000,SINGLE_FAMILY,1105.0,,2,2,2005.0,20,949.0,Substantially Remodeled,,1.0,True,,,N/A,945000.0,3,7,141,25.761702,-80.190315,False,43.0,,0,
441889826,601 NE 27th St #PENTHOUSE 1903,Miami,FL,33137,1125000,CONDO,1397.0,,3,2,2016.0,9,1532.0,,,2.0,True,,,N/A,1000000.0,3,4,93,25.803148,-80.18659,False,90.0,585687.5,8,527.6214136521664
60793421,1155 Brickell Bay Dr APT 1802,Miami,FL,33131,825000,CONDO,1470.0,,3,2,2001.0,24,2260.0,,,1.0,True,,,N/A,675000.0,3,7,308,25.762184,-80.18899,False,36.0,597177.7777777778,9,553.8859649122807
162033258,600 NE 27th St APT 701,Miami,FL,33137,825000,CONDO,1547.0,,3,3,2015.0,10,1420.0,,,1.0,True,True,,N/A,770000.0,3,6,34,25.80263,-80.187065,False,38.0,669559.625,8,446.36347189558904
43863948,4100 Kiaora St,Miami,FL,33133,15500000,SINGLE_FAMILY,8921.0,1.0952,6,8,2016.0,9,,,Ranch,4.0,True,True,,N/A,8700000.0,3,9,5,25.714937,-80.2597,False,,4514587.5,8,1064.0098784999482
44333835,14631 SW 162nd St,Miami,FL,33177,698000,SINGLE_FAMILY,1615.0,7500.0,3,2,1989.0,36,,,Modern/Contemporary,2.0,True,,,N/A,500000.0,3,9,33,25.616734,-80.42905,False,,655075.0,8,383.7779506390869
43845297,200 SW 48th Ave,Miami,FL,33134,824997,SINGLE_FAMILY,1450.0,9100.0,3,2,1949.0,76,,,,0.0,False,,,N/A,620000.0,3,6,5,25.769817,-80.27403,False,,770200.0,8,445.921679401496
449770139,2851 W West Trade Ave,Miami,FL,33133,4149000,SINGLE_FAMILY,4228.0,0.26432506887052,5,6,2025.0,0,500.0,New Construction,,2.0,True,True,,N/A,,3,9,6,25.736507,-80.23927,False,,2709550.0,2,880.9385690350873
43828320,1200 NE 87th St,Miami,FL,33138,6900000,SINGLE_FAMILY,4931.0,10300.0,7,8,2023.0,2,,New Construction,Modern/Contemporary,2.0,True,True,,N/A,2750000.0,3,9,91,25.855349,-80.17242,False,,2300300.0,7,1104.806634283502
44251205,4465 SW 136th Pl,Miami,FL,33175,379900,TOWNHOUSE,864.0,,2,1,1980.0,45,62.0,,,0.0,False,,,N/A,100000.0,3,8,12,25.725046,-80.414566,False,1.0,450660.0,5,429.41975263111163
440945138,690 SW 1st Ct #PENTHOUSE II22,Miami,FL,33130,520000,CONDO,1255.0,,2,2,2006.0,19,1507.0,,,0.0,False,,,N/A,,3,7,95,25.767992,-80.1961,False,36.0,468333.3333333333,9,510.0293866734888
43873860,999 Brickell Bay Dr APT 711,Miami,FL,33131,415000,CONDO,990.0,,2,2,1968.0,57,943.0,,,1.0,True,,,N/A,225000.0,3,7,132,25.764359,-80.189514,False,20.0,326777.77777777775,9,313.7301422948485
448082723,34 SW 5th St,Florida City,FL,33034,380340,TOWNHOUSE,1330.0,,3,3,2025.0,0,190.0,"New Construction,Under Construction",,0.0,False,,,N/A,,3,7,13,25.76168,-80.19179,False,2.0,1062500.0,2,471.68854788147155
43831777,910 N Venetian Dr,Miami Beach,FL,33139,3950000,SINGLE_FAMILY,0.0,9000.0,5,7,2026.0,-1,,New Construction,Modern/Contemporary,2.0,True,True,,N/A,2600000.0,3,10,166,25.790445,-80.17647,False,,7588400.0,6,2233.6454739445976
442561444,2033 SW 62nd Ave UNIT A,Miami,FL,33155,699000,TOWNHOUSE,1090.0,,2,3,2023.0,2,,New Construction,,0.0,False,,,N/A,,3,8,155,25.751596,-80.29529,False,2.0,,0,
43870683,2127 Brickell Ave APT 2104,Miami,FL,33129,2190000,CONDO,2070.0,,2,3,1993.0,32,3355.0,,,2.0,True,,,N/A,1850000.0,3,7,0,25.752237,-80.199356,False,40.0,2572056.25,8,1044.4293669059134
43851268,1884 SW 16th St,Miami,FL,33145,1199000,SINGLE_FAMILY,1839.0,5450.0,4,3,1939.0,86,,,,0.0,False,True,,N/A,592500.0,3,6,99,25.757969,-80.22601,False,,831028.5714285715,7,484.3113940902861
44189418,6775 SW 38th St,Miami,FL,33155,699000,SINGLE_FAMILY,1514.0,8000.0,5,4,1955.0,70,,,,0.0,False,True,,N/A,460000.0,3,6,266,25.735987,-80.304344,False,,644925.0,8,433.2404969044486
162032584,16065 SW 136th Ter,Miami,FL,33196,890000,SINGLE_FAMILY,2597.0,5407.0,4,3,2016.0,9,90.0,,Modern/Contemporary,2.0,True,,,N/A,842000.0,3,9,205,25.63949,-80.45449,False,,918762.5,8,310.6099536535875
156376499,11307 SW 200th St APT 115B,Miami,FL,33157,229900,CONDO,840.0,,2,2,1977.0,48,578.0,,,0.0,False,,,N/A,95000.0,3,7,71,25.5822,-80.374985,False,3.0,177074.7142857143,7,210.803231292517
44189100,6418 SW 39th Ter,Miami,FL,33155,875000,SINGLE_FAMILY,1730.0,5250.0,4,2,1950.0,75,,,,0.0,False,,,N/A,530000.0,3,6,141,25.734049,-80.299286,False,,625000.0,7,480.8201671090275
44177673,9941 SW 23rd St,Miami,FL,33165,884000,SINGLE_FAMILY,3019.0,10575.0,4,4,1972.0,53,,,Mediterranean,2.0,True,,,N/A,,3,8,71,25.748272,-80.356606,False,,834650.0,8,381.75269975991864
44197537,11420 SW 34th Ln,Miami,FL,33165,625000,SINGLE_FAMILY,1253.0,4233.0,3,2,1979.0,46,33.0,,,0.0,False,,,N/A,,3,6,97,25.736603,-80.38036,False,,504753.0,8,310.04813829529985
43853914,3540 E Glencoe St,Miami,FL,33133,1675000,SINGLE_FAMILY,1110.0,7575.0,3,2,1952.0,73,,,,1.0,True,True,,N/A,1600000.0,3,9,173,25.74045,-80.21808,False,,2215537.5,8,1262.2482903986806
43828186,424 NE 82nd St APT 2C,Miami,FL,33138,150000,CONDO,855.0,,2,1,1945.0,80,413.0,,,0.0,False,,,N/A,180000.0,3,5,131,25.849638,-80.187225,False,2.0,195260.0,5,222.20902885332416
44187593,3135 SW 64th Ave,Miami,FL,33155,699900,SINGLE_FAMILY,806.0,7500.0,3,3,1954.0,71,,Updated/Remodeled,,0.0,False,,,N/A,393000.0,3,6,39,25.74073,-80.29891,False,,702287.5,8,499.2957231516972
43998155,6400 SW 58th Ave,South Miami,FL,33143,649000,SINGLE_FAMILY,1166.0,6000.0,2,1,1949.0,76,,,,0.0,False,,,N/A,60000.0,3,10,23,25.711422,-80.288185,False,,588187.5,8,507.2211376777692
44205322,8280 SW 44th St,Miami,FL,33155,650000,SINGLE_FAMILY,1460.0,6300.0,3,2,1977.0,48,,,,0.0,False,,,N/A,123000.0,3,7,86,25.727715,-80.32889,False,,699400.0,7,433.1165765660535
44203191,5205 SW 102nd Pl,Miami,FL,33165,690000,SINGLE_FAMILY,1619.0,7654.0,3,2,1982.0,43,,,,0.0,False,,,N/A,87800.0,3,9,96,25.719202,-80.360214,False,,756071.4285714285,7,377.88934611526264
43855101,2293 SW 24th Ter,Miami,FL,33145,1500000,SINGLE_FAMILY,2138.0,9375.0,3,3,1937.0,88,,,Old Spanish,0.0,False,True,,N/A,540000.0,3,6,126,25.746767,-80.23184,False,,1111214.2857142857,7,568.5384930658955
245776046,1451 Brickell Ave UNIT 3903,Miami,FL,33131,5250000,CONDO,3012.0,,4,4,2017.0,8,6500.0,,,4.0,True,,,N/A,3850000.0,3,7,37,25.75814,-80.19243,False,55.0,1544812.5,8,1233.8256120222222
43807654,296 NW 59th St,Miami,FL,33127,399000,SINGLE_FAMILY,1112.0,5100.0,2,1,1935.0,90,,Fixer,Old Spanish,2.0,True,,,N/A,355000.0,3,5,135,25.829283,-80.202065,False,,439000.0,3,351.02573689237306
70767301,1250 S Miami Ave APT 1206,Miami,FL,33130,550000,CONDO,1143.0,,2,2,2004.0,21,1288.0,,,1.0,True,,,N/A,345360.0,3,7,14,25.76199,-80.19362,False,36.0,409661.1111111111,9,430.58034527695787
44181703,9101 SW 11th St,Miami,FL,33174,1075000,SINGLE_FAMILY,2039.0,8370.0,4,3,1977.0,48,,,,0.0,False,True,,N/A,687000.0,3,8,38,25.759352,-80.343254,False,,718150.0,8,359.9077475530245
43874143,825 Brickell Bay Dr APT 445,Miami,FL,33131,419500,CONDO,990.0,6.0,2,2,1968.0,57,973.0,,,1.0,True,,False,N/A,230000.0,3,7,41,25.765026,-80.18922,False,,161556.25,8,210.4854881352038
43861504,3042 SW 27th Ave #8,Miami,FL,33133,695000,TOWNHOUSE,960.0,,2,2,1980.0,45,290.0,,Multi Level,1.0,True,,,N/A,210000.0,3,9,121,25.734798,-80.238075,False,1.0,776233.3333333334,6,679.0691121273087
44240189,12745 SW 33rd Ter,Miami,FL,33175,760000,SINGLE_FAMILY,1572.0,8775.0,4,3,1974.0,51,,,,0.0,False,,,N/A,120500.0,3,6,78,25.73768,-80.40141,False,,661356.875,8,341.2698574037562
66173690,4550 Sunset Dr,Miami,FL,33143,13900000,SINGLE_FAMILY,6382.0,1.13,8,9,2003.0,22,,,Modern/Contemporary,7.0,True,True,,N/A,3660000.0,3,10,30,25.70454,-80.26769,False,,6185266.666666667,6,1991.39126807692
43827694,1133 Belle Meade Island Dr,Miami,FL,33138,22899949,SINGLE_FAMILY,8200.0,0.30238751147842,5,6,2021.0,4,,New Construction,,8.0,True,True,,N/A,13250000.0,3,7,379,25.844584,-80.17414,False,,6478084.375,8,1720.5450538429952
347535941,8998 SW 108th St,Miami,FL,33176,5295000,SINGLE_FAMILY,4679.0,0.69692378328742,5,7,2025.0,0,,Under Construction,,2.0,True,True,,N/A,,3,10,371,25.66963,-80.33972,False,,3644228.5714285714,7,587.4917863786862
338742535,22900 SW 130th Ave,Miami,FL,33170,649900,SINGLE_FAMILY,2598.0,5000.0,4,3,2023.0,2,26.0,New Construction,,2.0,True,,,N/A,614400.0,3,6,5,25.554092,-80.4029,False,,667850.0,2,736.0411931818181
43998332,6303 SW 69th St,South Miami,FL,33143,875000,SINGLE_FAMILY,1140.0,9690.0,3,2,1970.0,55,,,,0.0,False,,,N/A,100000.0,3,9,72,25.706924,-80.29602,False,,1028730.0,8,629.9721549762555
44364179,12227 SW 203rd St,Miami,FL,33177,400000,SINGLE_FAMILY,1050.0,2205.0,3,1,1995.0,30,60.0,,,0.0,False,,,N/A,80000.0,3,6,21,25.57781,-80.39015,False,,350314.28571428574,7,312.5569160997733
44274827,7930 SW 96th St,Miami,FL,33156,1150000,SINGLE_FAMILY,1857.0,0.3455463728191,4,2,1955.0,70,,,Ranch,0.0,False,,,N/A,400000.0,3,7,35,25.680899,-80.32437,False,,1188887.5,8,643.6530108406764
44261463,14946 SW 59th St,Miami,FL,33193,785000,SINGLE_FAMILY,2138.0,5145.0,4,3,1992.0,33,,New Construction,,2.0,True,,,N/A,175900.0,3,7,104,25.70982,-80.43514,False,,685275.0,8,44482.5503596938
43824387,753 NW 22nd Ct,Miami,FL,33125,585000,SINGLE_FAMILY,1481.0,5000.0,3,2,1928.0,97,,Completely Renovated,,0.0,False,,,N/A,415000.0,3,3,58,25.780638,-80.23174,False,,,0,
44309347,13481 SW 103rd St,Miami,FL,33186,650000,SINGLE_FAMILY,1422.0,5507.0,3,2,1986.0,39,30.0,,,1.0,True,,,N/A,182300.0,3,7,28,25.673183,-80.36686,False,,835850.0,8,407.89763438846956
44193385,3620 SW 94th Ave,Miami,FL,33165,1590000,MULTI_FAMILY,4458.0,,6,6,2024.0,1,,New Construction,,,False,,,N/A,235000.0,3,7,83,25.735853,-80.34792,False,2.0,729433.3333333334,3,361.5971593137686
43856086,1755 Fairhaven Pl,Miami,FL,33133,8999000,SINGLE_FAMILY,5378.0,6250.0,5,6,1991.0,34,,,,2.0,True,True,,N/A,8750000.0,3,9,225,25.738909,-80.22133,False,,3665098.5714285714,7,1425.934514709656
44216600,11186 SW 75th Ter,Miami,FL,33173,738000,SINGLE_FAMILY,1520.0,4250.0,4,2,1988.0,37,75.0,,,0.0,False,,,N/A,595000.0,3,7,89,25.69752,-80.3745,False,,574996.625,8,348.6459357754676
306397473,801 S Miami Ave UNIT 3905,Miami,FL,33130,1195000,CONDO,1152.0,,2,2,2018.0,7,1906.0,,,2.0,True,,,N/A,959900.0,3,7,177,25.76599,-80.1931,False,57.0,867833.3333333334,9,769.9862133669168
44331977,14808 SW 124th Ct,Miami,FL,33186,320000,TOWNHOUSE,1256.0,,2,2,1982.0,43,225.0,,,0.0,False,,,N/A,240000.0,3,8,8,25.630192,-80.39374,False,1.0,411466.6666666667,6,342.2786110339032
43834131,280 NW 57th Ct,Miami,FL,33126,615000,SINGLE_FAMILY,1005.0,4880.0,3,2,1971.0,54,,As Is,,0.0,False,,,N/A,66000.0,3,6,30,25.774029,-80.28939,False,,557250.0,8,392.3636302247918
338744162,18082 SW 147th Ct,Miami,FL,33187,430000,TOWNHOUSE,1414.0,,3,3,2022.0,3,115.0,,,0.0,False,,,N/A,,3,7,23,25.599005,-80.4304,False,2.0,480085.71428571426,7,360.9894662062191
43818433,2372 NW 34th St,Miami,FL,33142,420000,SINGLE_FAMILY,857.0,5600.0,2,2,1926.0,99,,,Other,0.0,False,,,N/A,309900.0,3,4,89,25.80699,-80.235535,False,,438600.0,3,373.8645691267578
44283249,10190 SW 114th Ter,Miami,FL,33176,1725000,SINGLE_FAMILY,2645.0,0.383608815427,4,3,1996.0,29,,,,2.0,True,True,,N/A,600000.0,3,8,30,25.662758,-80.35893,False,,1416512.5,8,518.6677656625898
447799574,1420 SW 129th Ct,Miami,FL,33184,144900,MULTI_FAMILY,,0.0,3,3,1980.0,45,,,Ranch,,False,,,N/A,,3,8,48,25.75464,-80.4062,False,,,0,
44327702,15022 SW 149th Ct,Miami,FL,33196,715000,SINGLE_FAMILY,1868.0,7500.0,3,3,1993.0,32,,,,2.0,True,True,,N/A,425000.0,3,9,40,25.627026,-80.43636,False,,711437.5,8,332.4718668536984
2058065107,300 S Biscayne Blvd #6301,Miami,FL,33131,59000000,CONDO,19868.0,,7,7,,N/A,,,,,True,True,False,N/A,,3,6,520,25.771427,-80.18766,False,,487250.0,4,556.3297863899872
44225882,4780 SW 86th Ter,Miami,FL,33143,16700000,SINGLE_FAMILY,9909.0,1.04,7,8,2016.0,9,,,,3.0,True,True,,N/A,6470000.0,3,10,26,25.690954,-80.27047,False,,3859050.0,6,1097.3304477666818
44166833,1150 NW 135th Ct,Miami,FL,33182,850000,SINGLE_FAMILY,1933.0,5606.0,4,4,2000.0,25,,,,2.0,True,True,,N/A,260000.0,3,9,66,25.7818,-80.41413,False,,729162.5,8,334.2768096947317
44297248,9820 SW 152nd Ter,Miami,FL,33157,839900,SINGLE_FAMILY,2869.0,0.47038567493113,4,3,1967.0,58,13.0,,,2.0,True,True,,N/A,385000.0,3,7,90,25.627789,-80.35255,False,,802325.0,8,344.78500604254225
64761163,7344 SW 82nd St APT C113,Miami,FL,33143,279900,TOWNHOUSE,1000.0,,2,2,1968.0,57,452.0,,,0.0,False,,,N/A,80000.0,3,9,35,25.692755,-80.31258,False,1.0,,0,
44226431,4800 Pine Dr,Miami,FL,33143,16499000,SINGLE_FAMILY,10412.0,1.0,8,11,2009.0,16,,,,3.0,True,True,,N/A,6400000.0,3,10,78,25.692755,-80.27087,False,,8351600.0,8,1245.9986278193564
44256824,6831 SW 147th Ave APT 2H1,Miami,FL,33193,375000,CONDO,1700.0,,3,2,1973.0,52,520.0,,,0.0,False,,,N/A,240000.0,3,9,30,25.702267,-80.429436,False,4.0,312350.0,8,206.5452786377709
44211162,6881 SW 94th Ave,Miami,FL,33173,1300000,SINGLE_FAMILY,2750.0,0.28719008264463,5,4,1982.0,43,,,,0.0,False,,,N/A,210000.0,3,9,16,25.70517,-80.34608,False,,1484612.5,8,478.72395657723376
338740973,22820 SW 127th Pl,Miami,FL,33170,720000,SINGLE_FAMILY,2247.0,7201.0,4,3,2020.0,5,,New Construction,,2.0,True,True,,N/A,421200.0,3,6,126,25.554834,-80.39831,False,,788833.3333333334,6,298.4578015556085
44181267,8980 SW 12th St,Miami,FL,33174,899000,SINGLE_FAMILY,2335.0,0.25998622589532,5,3,1972.0,53,,,,0.0,False,True,,N/A,49500.0,3,8,44,25.758198,-80.341515,False,,785387.5,8,369.09830158737236
44191784,7900 SW 36th St,Miami,FL,33155,750000,SINGLE_FAMILY,1540.0,8596.0,4,3,1956.0,69,,,,0.0,False,,,N/A,166000.0,3,6,24,25.736658,-80.32359,False,,740487.5,8,429.83257095939007
43823563,1842 NW 18th Ter,Miami,FL,33125,494999,MULTI_FAMILY,2253.0,,6,4,1925.0,100,,,,,False,,,N/A,,3,3,296,25.792181,-80.22622,False,1.0,554300.0,2,256.0505073604191
43855562,2131 S Bayshore Dr,Miami,FL,33133,16000000,SINGLE_FAMILY,5960.0,1.0606,4,6,1910.0,115,,,,2.0,True,True,,N/A,6600000.0,3,9,133,25.737112,-80.228294,False,,5485271.428571428,7,977.0707888741028
43809154,1276 NW 71st St,Miami,FL,33147,455000,SINGLE_FAMILY,992.0,5450.0,3,2,1937.0,88,,,,0.0,False,,,N/A,217000.0,3,5,72,25.83909,-80.21872,False,,409887.5,8,339.6844575138305
44180729,8930 SW 19th St,Miami,FL,33165,760000,SINGLE_FAMILY,1978.0,7950.0,4,2,1958.0,67,,,,2.0,True,,,N/A,,3,8,6,25.751682,-80.34051,False,,685614.2857142857,7,373.02468257187377
43834608,6060 NW 7th St,Miami,FL,33126,595000,SINGLE_FAMILY,1168.0,3378.0,4,2,1955.0,70,,,,0.0,False,,,N/A,325000.0,3,6,12,25.777546,-80.295006,False,,519912.5,8,454.7451244673275
43997553,4100 SW 61st Ave,South Miami,FL,33155,635000,SINGLE_FAMILY,1053.0,8120.0,2,2,1947.0,78,,,,2.0,True,,,N/A,193300.0,3,9,47,25.73294,-80.29385,False,,903385.7142857143,7,617.4035493110326
44202216,4031 SW 104th Ave,Miami,FL,33165,747000,SINGLE_FAMILY,1352.0,8250.0,3,2,1959.0,66,,"Updated/Remodeled,Completely Renovated",,0.0,False,,,N/A,400000.0,3,9,49,25.73138,-80.36355,False,,596361.6666666666,6,552.7353318438876
43872328,520 Brickell Key Dr APT A802,Miami,FL,33131,640000,CONDO,1229.0,,2,2,1982.0,43,89.0,New Construction,,2.0,True,,,N/A,287000.0,3,7,161,25.767311,-80.18433,False,22.0,549636.875,8,427.42091222200884
442664294,1643 Brickell Ave #PENTHOUSE 4902,Miami,FL,33129,12950000,CONDO,10000.0,,7,10,1997.0,28,13181.0,,,4.0,True,True,,N/A,12000000.0,3,7,565,25.755404,-80.195045,False,51.0,3774444.4444444445,9,1060.263428227577
44273374,8600 SW 133rd Avenue Rd APT 408,Miami,FL,33183,239000,CONDO,965.0,,2,2,1981.0,44,569.0,,,1.0,True,,,N/A,,3,8,188,25.686224,-80.41324,False,4.0,240949.83333333334,6,235.25965441078787
44205599,8235 SW 42nd St,Miami,FL,33155,1215000,SINGLE_FAMILY,2226.0,0.26859504132231,4,3,1958.0,67,,,,0.0,False,True,,N/A,750000.0,3,7,15,25.7308,-80.32809,False,,786862.5,8,411.3849813425071
43831754,1001 N Venetian Dr,Miami Beach,FL,33139,13900000,SINGLE_FAMILY,3981.0,0.29269972451791,5,6,1938.0,87,,"Updated/Remodeled,Completely Renovated",,2.0,True,True,,N/A,6218000.0,3,10,93,25.790949,-80.1749,False,,9257042.857142856,7,1738.0426198296032
44208625,4280 SW 57th Ave,Miami,FL,33155,1795000,SINGLE_FAMILY,2898.0,0.26857208448118,5,5,1977.0,48,,Updated/Remodeled,,0.0,False,True,,N/A,880000.0,3,9,9,25.731085,-80.286736,False,,1078987.5,8,514.0731760365973
337203313,2926 Bird Ave #1,Miami,FL,33133,1369000,TOWNHOUSE,2332.0,,3,3,2020.0,5,1000.0,,,2.0,True,,,N/A,835000.0,3,9,30,25.73522,-80.24067,False,3.0,1343016.6666666667,6,664.1424136525351
44362737,20003 SW 123rd Dr,Miami,FL,33177,344900,SINGLE_FAMILY,1056.0,1303.0,2,2,1976.0,49,150.0,,,0.0,False,,,N/A,290000.0,3,6,26,25.58009,-80.39178,False,,305564.0,4,259.33310959007713
92442186,951 Brickell Ave APT 1110,Miami,FL,33131,839000,CONDO,1289.0,,2,3,2008.0,17,1162.0,,,2.0,True,,,N/A,645000.0,3,7,0,25.76449,-80.19079,False,43.0,366912.375,8,387.0379426937143
442325000,5050 NW 7th St #PENTHOUSE 1,Miami,FL,33126,249000,CONDO,1120.0,,3,2,1973.0,52,541.0,,,0.0,False,,,N/A,,3,5,335,25.778025,-80.27778,False,8.0,231225.0,8,286.94290327296926
44203759,9210 SW 43rd Ter,Miami,FL,33165,755000,SINGLE_FAMILY,1830.0,7500.0,3,2,1954.0,71,,,,0.0,False,True,,N/A,210000.0,3,6,72,25.727814,-80.34393,False,,688100.0,8,464.86312361922427
44281136,10703 SW 113th Pl #100B,Miami,FL,33176,405500,TOWNHOUSE,1400.0,,3,2,1978.0,47,814.0,,,2.0,True,,,N/A,82500.0,3,9,61,25.668667,-80.37749,False,2.0,392050.0,2,321.3524590163934
44208268,5745 SW 51st St,Miami,FL,33155,1700000,SINGLE_FAMILY,1745.0,9000.0,3,2,1946.0,79,,Updated/Remodeled,,4.0,True,True,,N/A,1600000.0,3,9,22,25.723866,-80.2871,False,,1226722.375,8,625.1777858749808
2061708385,12972 SW 229th St,Miami,FL,33170,697000,SINGLE_FAMILY,2598.0,5000.0,4,3,2022.0,3,,,,2.0,True,,,N/A,,3,6,14,25.554451,-80.402245,False,,523237.5,4,211.21377483716688
70770810,13120 SW 92nd Ave APT B-401,Miami,FL,33176,315000,CONDO,1077.0,,2,1,1974.0,51,586.0,,,1.0,True,,,N/A,179000.0,3,10,19,25.647617,-80.34535,False,5.0,217993.75,8,216.59580331253272
2069203385,8860 SW 126th St,Miami,FL,33176,870000,SINGLE_FAMILY,1548.0,4500.0,3,3,2023.0,2,,New Construction,Modern/Contemporary,1.0,True,,,N/A,,3,10,79,25.652832,-80.33769,False,,577585.7142857143,7,456.4669278542128
447736809,14190 SW 121st Pl,Miami,FL,33186,340000,TOWNHOUSE,950.0,,2,2,1996.0,29,324.0,,,0.0,False,,,N/A,,3,8,49,25.636448,-80.39048,False,2.0,416250.0,2,340.1638795986622
337201345,2931 SW 38th Ct,Miami,FL,33134,1174000,TOWNHOUSE,2041.0,,3,3,2021.0,4,,,Split Level,1.0,True,,,N/A,,3,6,78,25.736307,-80.256805,False,2.0,1188200.0,1,625.3684210526316
44199199,11315 SW 45th St,Miami,FL,33165,665000,SINGLE_FAMILY,1976.0,7500.0,4,3,1955.0,70,,,,0.0,False,,,N/A,,3,6,22,25.725306,-80.37818,False,,635275.0,8,402.812164732449
43850168,1754 SW 14th Ter,Miami,FL,33145,1250000,SINGLE_FAMILY,2379.0,5250.0,4,4,1926.0,99,,,,0.0,False,,,N/A,695000.0,3,6,42,25.759438,-80.22343,False,,808325.0,4,556.2053571445538
44227570,80 NW 129th Ave,Miami,FL,33182,5399000,SINGLE_FAMILY,4806.0,0.8212580348944,5,7,2023.0,2,,New Construction,,2.0,True,True,,N/A,3400000.0,3,9,13,25.768023,-80.40527,False,,1476400.0,4,559.5723883840767
43831393,600 NE 36th St APT 1210,Miami,FL,33137,450000,CONDO,955.0,,2,2,1973.0,52,861.0,,,1.0,True,,,N/A,334000.0,3,4,338,25.810493,-80.1864,False,22.0,406466.6666666667,9,356.3928402831393
44274244,12680 SW 77th St,Miami,FL,33183,1425000,SINGLE_FAMILY,2661.0,0.31717171717172,7,6,1996.0,29,,,,2.0,True,True,,N/A,735000.0,3,8,13,25.695673,-80.397995,False,,1079975.0,8,389.01097960147786
44332322,12257 SW 144th Ter,Miami,FL,33186,475000,SINGLE_FAMILY,1340.0,1288.0,3,2,1993.0,32,160.0,,,0.0,False,,,N/A,121000.0,3,8,183,25.634056,-80.39144,False,,423000.0,3,270.72358560023406
44190417,7509 SW 30th St,Miami,FL,33155,980000,SINGLE_FAMILY,1482.0,6500.0,3,1,1952.0,73,,,,,False,,,N/A,715000.0,3,6,7,25.736069,-80.31044,False,,1095800.0,2,529.2604737240874
44329460,14916 SW 139th Pl,Miami,FL,33186,760000,SINGLE_FAMILY,2215.0,5198.0,4,2,2015.0,10,220.0,,,1.0,True,,,N/A,355000.0,3,9,42,25.628345,-80.419685,False,,501212.5,8,289.8993738807094
43856453,2584 Inagua Ave,Miami,FL,33133,6499000,SINGLE_FAMILY,4854.0,6250.0,4,6,2024.0,1,,"New Construction,Under Construction",Modern/Contemporary,2.0,True,True,,N/A,900000.0,3,9,134,25.736284,-80.23675,False,,1288533.3333333333,6,794.404060942183
43814852,412 NW 47th St,Miami,FL,33127,2217384,SINGLE_FAMILY,2472.0,7200.0,5,4,2025.0,0,,New Construction,,2.0,True,True,,N/A,538125.0,3,6,12,25.818222,-80.20304,False,,1700000.0,1,2361.1111111111113
43858769,2772 SW 32nd Ct,Miami,FL,33133,2375000,SINGLE_FAMILY,3589.0,4350.0,5,6,2025.0,0,,New Construction,Modern/Contemporary,1.0,True,True,,N/A,660000.0,3,6,42,25.739763,-80.24724,False,,1030420.0,5,666.0796962072874
44357510,20520 SW 190th St,Miami,FL,33187,1539900,SINGLE_FAMILY,3540.0,2.77,4,3,1997.0,28,,,,2.0,True,,,N/A,365000.0,3,5,56,25.58759,-80.526215,False,,744693.8333333334,6,332.30985282252715
43856409,2805 Freeman St,Miami,FL,33133,5890000,SINGLE_FAMILY,,6600.0,5,6,2024.0,1,,New Construction,,2.0,True,True,,N/A,700000.0,3,9,2,25.73908,-80.230644,False,,1600028.5714285714,7,987.1387842522314
44328651,15261 SW 139th St,Miami,FL,33196,899999,SINGLE_FAMILY,2546.0,8649.0,5,3,1998.0,27,,,,0.0,False,True,,N/A,745000.0,3,9,11,25.637486,-80.44084,False,,704221.5714285715,7,313.6316989863837
44326176,11240 SW 117th Pl,Miami,FL,33186,475000,TOWNHOUSE,1441.0,,3,2,1985.0,40,125.0,,,0.0,False,,,N/A,230000.0,3,9,145,25.663282,-80.38541,False,1.0,461212.5,8,319.6862714956724
43848202,3401 SW 14th St,Miami,FL,33145,600000,SINGLE_FAMILY,1138.0,7200.0,2,1,1951.0,74,,,,0.0,False,,,N/A,22000.0,3,9,19,25.759163,-80.25105,False,,,0,
70775036,234 NE 3rd St APT 201,Miami,FL,33132,460000,CONDO,1056.0,,2,2,2005.0,20,850.0,,,1.0,True,,,N/A,,3,6,0,25.776896,-80.189705,False,24.0,382314.28571428574,7,424.97820837989684
66178589,12663 SW 119th Path,Miami,FL,33186,999999,SINGLE_FAMILY,2911.0,6476.0,4,4,2005.0,20,110.0,Updated/Remodeled,,0.0,False,True,,N/A,290000.0,3,8,22,25.650913,-80.388374,False,,795012.5,8,282.37753129493785
43856216,1940 S Bayshore Ln,Miami,FL,33133,19495000,SINGLE_FAMILY,5978.0,0.40472910927456,5,6,1996.0,29,,,Mediterranean,3.0,True,True,,N/A,5500000.0,3,9,379,25.73614,-80.22382,False,,9579214.285714285,7,1253.6385877561281
44233990,12332 SW 18th Ter,Miami,FL,33175,525000,TOWNHOUSE,1430.0,,4,3,1979.0,46,,,,0.0,False,,,N/A,114900.0,3,9,16,25.750658,-80.39518,False,2.0,480320.0,5,363.94961797547717
44330258,13776 SW 149th Circle Ln #479,Miami,FL,33186,339000,TOWNHOUSE,,,2,1,1995.0,30,486.0,,Ranch,0.0,False,,,N/A,112900.0,3,9,42,25.62883,-80.41742,False,1.0,328933.3333333333,3,405.7133223914398
43811876,1325 NW 51st St,Miami,FL,33142,485000,SINGLE_FAMILY,1020.0,5148.0,3,1,1938.0,87,,,,,False,,,N/A,320000.0,3,5,4,25.821877,-80.21884,False,,397800.0,7,324.4994524445388
43862731,3172 Virginia St #9,Miami,FL,33133,1429000,TOWNHOUSE,1845.0,,3,3,1992.0,33,505.0,Updated/Remodeled,,1.0,True,,,N/A,485000.0,3,9,69,25.732338,-80.24198,False,2.0,1257950.0,4,681.8157181571815
44280731,11435 SW 109th Rd #46D,Miami,FL,33176,475000,TOWNHOUSE,1220.0,,3,2,1977.0,48,539.0,,,1.0,True,,,N/A,368000.0,3,9,19,25.669651,-80.38007,False,2.0,458650.0,2,317.80791505791507
44218641,7510 SW 100th Ct,Miami,FL,33173,1074000,SINGLE_FAMILY,2744.0,8325.0,6,4,1976.0,49,,,,0.0,False,True,,N/A,420000.0,3,9,54,25.698486,-80.35692,False,,791050.0,8,395.1491115295883
44223942,8430 SW 83rd St,Miami,FL,33143,1475000,SINGLE_FAMILY,2161.0,10014.0,4,4,1989.0,36,53.0,,,2.0,True,True,,N/A,565000.0,3,7,12,25.692274,-80.33002,False,,1097300.0,8,499.8935694330911
44307438,11845 SW 99th St,Miami,FL,33186,495000,TOWNHOUSE,1382.0,,3,3,1989.0,36,497.0,,,1.0,True,,,N/A,239000.0,3,9,33,25.676014,-80.38764,False,2.0,479425.0,8,360.09776656462543
449352175,2323 SW 16th Ct #2,Miami,FL,33145,1649000,TOWNHOUSE,2500.0,,4,3,2025.0,0,300.0,New Construction,Multi Level,1.0,True,,,N/A,,3,7,12,25.748325,-80.22063,False,3.0,944450.0,2,469.39006142261127
121348607,1300 Brickell Bay Dr APT 4400,Miami,FL,33131,8995000,CONDO,6902.0,,5,8,2014.0,11,6368.0,,,5.0,True,,,N/A,5500000.0,3,7,43,25.760372,-80.1902,False,44.0,544087.5,8,636.6376278937576
43829130,628 NE 59th St,Miami,FL,33137,3425000,SINGLE_FAMILY,2672.0,6900.0,4,4,1930.0,95,,,Old Spanish,1.0,True,True,,N/A,1370000.0,3,7,2,25.829878,-80.18259,False,,2435914.285714286,7,978.1837925630861
92437950,253 NE 2nd St APT 618,Miami,FL,33132,385000,CONDO,978.0,,1,2,2008.0,17,1242.0,,,1.0,True,,,N/A,325000.0,3,6,49,25.776384,-80.18909,False,49.0,227428.57142857142,7,251.7794102176342
44186088,1725 SW 70th Ave,Miami,FL,33155,800000,SINGLE_FAMILY,1930.0,7500.0,4,2,1956.0,69,,,,0.0,False,True,,N/A,,3,6,30,25.754194,-80.30811,False,,657125.0,8,416.4156608237118
82411343,1241 NW 6th St APT 1,Miami,FL,33125,199900,CONDO,660.0,,2,1,1985.0,40,300.0,,,0.0,False,,,N/A,58100.0,3,3,30,25.779617,-80.21576,False,2.0,206550.0,6,329.2580713781321
448329976,300 Biscayne Boulevard Way #PENTHOUSE 5701,Miami,FL,33131,35000000,CONDO,9958.0,,5,8,2024.0,1,16988.0,New Construction,,3.0,True,,,N/A,,3,6,34,25.770777,-80.18752,False,65.0,2794562.5,8,1478.044585880645
44237060,11840 SW 18th Ter APT 89,Miami,FL,33175,368000,TOWNHOUSE,1232.0,,3,3,1987.0,38,345.0,,,2.0,True,,,N/A,105000.0,3,9,92,25.750574,-80.388504,False,2.0,358125.0,8,287.70593459917893
44267643,14968 SW 74th Ter,Miami,FL,33193,519900,SINGLE_FAMILY,1406.0,2787.0,3,2,1987.0,38,87.0,,,0.0,False,,,N/A,530000.0,3,7,9,25.697573,-80.435555,False,,510279.4285714286,7,365.0998908011752
44306860,11822 SW 102nd St,Miami,FL,33186,630000,SINGLE_FAMILY,1782.0,3011.0,3,3,1987.0,38,194.0,Updated/Remodeled,,2.0,True,,,N/A,229000.0,3,9,15,25.67318,-80.386665,False,,547868.3333333334,6,335.4763705341664
44188957,3930 SW 61st Ave,Miami,FL,33155,849000,SINGLE_FAMILY,1447.0,5250.0,3,2,1961.0,64,,,,0.0,False,,,N/A,507900.0,3,9,14,25.73461,-80.294136,False,,790687.5,8,494.3305779989216
43837482,428 NW 11th Ave,Miami,FL,33128,599900,SINGLE_FAMILY,1979.0,5000.0,5,4,1923.0,102,,,,5.0,True,,,N/A,450000.0,3,3,55,25.777988,-80.21333,False,,559566.6666666666,3,425.5950877626587
44215792,8463 SW 113th Ct,Miami,FL,33173,625000,TOWNHOUSE,1580.0,3598.0,3,2,1986.0,39,240.0,,,,False,,,N/A,235000.0,3,9,20,25.689651,-80.376236,False,,593600.0,6,381.0779476117191
44240517,13351 SW 27th St,Miami,FL,33175,669000,SINGLE_FAMILY,1581.0,4500.0,3,2,1984.0,41,,,,0.0,False,,,N/A,514000.0,3,6,16,25.742714,-80.411446,False,,660900.0,7,384.7744039943764
44337804,14881 SW 176th Ter,Miami,FL,33187,725000,SINGLE_FAMILY,1663.0,7367.0,4,2,1996.0,29,,,,1.0,True,True,,N/A,580000.0,3,7,83,25.602947,-80.43371,False,,619992.0,5,360.0831975905409
44265568,15018 SW 80th Ter UNIT 907,Miami,FL,33193,300000,TOWNHOUSE,1033.0,,2,1,1980.0,45,180.0,,,0.0,False,,,N/A,150000.0,3,9,0,25.6914,-80.43827,False,2.0,307825.0,4,289.6806700664754
64455664,10795 SW 108th Ave APT 103,Miami,FL,33176,315000,CONDO,1050.0,,2,2,1986.0,39,586.0,,,0.0,False,,,N/A,91200.0,3,9,0,25.669317,-80.37047,False,3.0,293612.375,8,279.63083333333327
448807152,8122 SW 83rd Pl #TOWNHOUSE,Miami,FL,33143,685000,TOWNHOUSE,1470.0,,3,3,1974.0,51,235.0,,,2.0,True,True,,N/A,,3,7,21,25.694529,-80.328636,False,2.0,616787.5,8,453.37178142917253
306394969,650 NE 32nd St #BH6,Miami,FL,33137,3399000,CONDO,3341.0,,4,5,2018.0,7,4400.0,,,2.0,True,,,N/A,3000000.0,3,4,0,25.806902,-80.18625,False,53.0,1063125.0,8,873.1619734242695
44276555,9470 SW 97th St,Miami,FL,33176,2500000,SINGLE_FAMILY,4947.0,0.78999081726354,6,4,1971.0,54,,,,1.0,True,True,,N/A,872000.0,3,7,85,25.679022,-80.34767,False,,2289387.5,8,11907.51687939166
44298367,15245 SW 99th Ct,Miami,FL,33157,790000,SINGLE_FAMILY,1291.0,7506.0,4,2,1991.0,34,,,,0.0,False,True,,N/A,345000.0,3,7,69,25.62784,-80.354355,False,,628200.0,7,350.025005124529
70598973,16500 SW 45th St,Miami,FL,33185,950000,SINGLE_FAMILY,1600.0,9278.0,4,2,2006.0,19,,,,2.0,True,True,,N/A,363900.0,3,8,296,25.721897,-80.461685,False,,677657.1428571428,7,388.6316639426155
44244547,4327 SW 147th Pl,Miami,FL,33185,640000,SINGLE_FAMILY,1718.0,4690.0,4,3,1984.0,41,150.0,,,0.0,False,,,N/A,344000.0,3,8,37,25.724392,-80.43264,False,,565440.0,5,340.57949304857226
43998293,5933 SW 61st Ave,South Miami,FL,33143,999000,SINGLE_FAMILY,1084.0,10800.0,3,3,1951.0,74,,,,0.0,False,,,N/A,740000.0,3,8,12,25.71524,-80.29288,False,,916412.5,8,681.351647576672
58455184,15932 SW 63rd Ter,Miami,FL,33193,695000,SINGLE_FAMILY,2271.0,6062.0,4,3,2002.0,23,98.0,,,2.0,True,,,N/A,,3,7,9,25.706358,-80.45129,False,,815342.8571428572,7,300.44720701341924
43844401,3907 W Flagler St #B3,Miami,FL,33126,175000,CONDO,500.0,,1,1,1947.0,78,160.0,,,,False,,,N/A,,3,6,0,25.771864,-80.259926,False,,218075.0,8,349.63571428571424
43852604,2390 SW 17th Ter,Miami,FL,33145,885000,SINGLE_FAMILY,937.0,5739.0,2,2,1941.0,84,,,,2.0,True,True,,N/A,372500.0,3,6,36,25.755455,-80.23416,False,,753650.0,8,520.2925133573161
44204890,9500 SW 51st Ter,Miami,FL,33165,798000,SINGLE_FAMILY,2558.0,7500.0,4,2,1959.0,66,,New Construction,Ranch,0.0,False,,,N/A,,3,8,55,25.71987,-80.34895,False,,691000.0,7,397.4759051995744
44204204,5045 SW 92nd Ave,Miami,FL,33165,899000,SINGLE_FAMILY,1891.0,8625.0,4,3,1958.0,67,,Completely Renovated,,0.0,False,,,N/A,579400.0,3,8,51,25.720957,-80.342995,False,,799175.0,8,445.6155207501341
44208255,5701 SW 50th Ter,Miami,FL,33155,1120000,SINGLE_FAMILY,2174.0,10000.0,4,3,1950.0,75,,,,0.0,False,,,N/A,250000.0,3,9,55,25.724575,-80.28641,False,,1248812.5,8,797.7251697665814
43839752,88 SW 29th Ave,Miami,FL,33135,645000,SINGLE_FAMILY,1125.0,7500.0,3,2,1951.0,74,,,,0.0,False,,,N/A,400000.0,3,6,141,25.771452,-80.241455,False,,347050.0,2,246.39035861258083
44290221,10441 SW 150th Ter,Miami,FL,33176,649900,SINGLE_FAMILY,1768.0,7500.0,4,3,1964.0,61,,,,0.0,False,True,,N/A,96000.0,3,7,8,25.62988,-80.363335,False,,446462.5,8,309.1600693749873
44209991,7765 SW 57th Ter,Miami,FL,33143,3600000,SINGLE_FAMILY,,,5,4,2011.0,14,,,Other,0.0,False,True,,N/A,2150000.0,3,8,9,25.716534,-80.32061,False,,1512814.2857142857,7,503.9495070336172
44299839,11281 SW 155th Ln,Miami,FL,33157,434900,SINGLE_FAMILY,1112.0,5085.0,3,2,1985.0,40,50.0,,,0.0,False,,,N/A,57000.0,3,6,71,25.624828,-80.37523,False,,425560.85714285716,7,351.24482688948075
44286928,10761 SW 128th St,Miami,FL,33176,1100000,SINGLE_FAMILY,1725.0,0.35261707988981,3,2,1972.0,53,,Completely Renovated,,2.0,True,,,N/A,700000.0,3,8,34,25.650377,-80.368675,False,,962025.0,8,471.4511149036653
44300614,11257 SW 172nd St,Miami,FL,33157,258000,SINGLE_FAMILY,924.0,,1,2,1968.0,57,475.0,,,0.0,False,,,N/A,28000.0,3,5,87,25.609468,-80.374695,False,,,0,
43864073,4131 Malaga Ave,Miami,FL,33133,1395000,SINGLE_FAMILY,1276.0,6050.0,3,2,1947.0,78,,,,0.0,False,,,N/A,245000.0,3,9,14,25.71695,-80.26001,False,,2284550.0,8,939.7257401011981
43834713,31 SW 62nd Ct,Miami,FL,33144,710000,MULTI_FAMILY,1974.0,,5,4,1954.0,71,,,,,False,,,N/A,303000.0,3,6,13,25.769995,-80.296875,False,0.0,,0,
44220029,8781 SW 87th St,Miami,FL,33173,1097000,SINGLE_FAMILY,1704.0,10000.0,3,2,1961.0,64,,,Ranch,1.0,True,True,,N/A,656000.0,3,7,92,25.689053,-80.33523,False,,974057.1428571428,7,497.71104397447044
44340180,14315 SW 177th Ter,Miami,FL,33177,575000,SINGLE_FAMILY,1442.0,3969.0,3,2,1996.0,29,,,,1.0,True,,,N/A,3000.0,3,7,170,25.602318,-80.42436,False,,565557.1428571428,7,361.38553116044096
43848909,2725 SW 19th St,Miami,FL,33145,1855000,SINGLE_FAMILY,2523.0,8640.0,4,3,2024.0,1,,New Construction,,1.0,True,True,,N/A,555000.0,3,9,98,25.75424,-80.23909,False,,820050.0,6,493.63475662531187
44216913,7425 SW 108th Ave,Miami,FL,33173,674500,SINGLE_FAMILY,1733.0,3400.0,3,3,1993.0,32,67.0,,,1.0,True,,,N/A,122900.0,3,7,16,25.69888,-80.368,False,,645662.5,8,371.651719878678
44207562,5831 SW 52nd Ter,Miami,FL,33155,1375000,SINGLE_FAMILY,1692.0,10143.0,3,2,1950.0,75,,,Mediterranean,0.0,False,,,N/A,,3,9,8,25.72234,-80.28892,False,,1128225.0,8,713.704958137513
447768288,641 NW 7th Street Rd,Miami,FL,33136,3980000,SINGLE_FAMILY,2584.0,7000.0,4,5,2017.0,8,,,,1.0,True,True,,N/A,,3,3,48,25.780207,-80.20751,False,,1247650.0,6,558.4835391794226
43833415,555 NE 15th St,Miami,FL,33132,316000,CONDO,890.0,,1,2,1980.0,45,,,Other,,False,,,N/A,440000.0,3,6,119,25.790186,-80.1857,False,,195271.42857142858,7,474.623507046933
43827293,736 NE 77th St,Miami,FL,33138,4500000,SINGLE_FAMILY,3774.0,6250.0,4,5,2025.0,0,,New Construction,Modern/Contemporary,5.0,True,True,,N/A,775000.0,3,7,7,25.845627,-80.18161,False,,1460052.6,5,826.8662867348576
44236633,12459 SW 17th Ln,Miami,FL,33175,475000,SINGLE_FAMILY,1017.0,2201.0,2,2,1984.0,41,115.0,,,0.0,False,,,N/A,68500.0,3,9,15,25.753593,-80.39697,False,,,0,
44194643,2814 SW 92nd Ct,Miami,FL,33165,875000,SINGLE_FAMILY,1972.0,7725.0,4,3,1960.0,65,,Updated/Remodeled,,1.0,True,,,N/A,630000.0,3,8,79,25.743378,-80.34472,False,,739200.0,6,378.0531124293648
43856542,2440 Trapp Ave,Miami,FL,33133,6375000,SINGLE_FAMILY,,7000.0,4,5,2025.0,0,,New Construction,,0.0,True,True,,N/A,862500.0,3,9,29,25.737083,-80.23278,False,,2387650.0,8,922.3042188556585
72578132,1080 NE Little River Dr,Miami,FL,33138,5990000,SINGLE_FAMILY,3776.0,0.29421487603306,5,5,2006.0,19,,,,4.0,True,True,,N/A,1300000.0,3,5,62,25.845287,-80.174,False,,3789750.0,2,782.687899429238
447503910,4197 S Douglas Rd,Miami,FL,33133,21000000,SINGLE_FAMILY,6862.0,2.0444,7,9,1926.0,99,,,,0.0,False,True,,N/A,,3,9,57,25.713167,-80.25195,False,,6984912.5,8,1193.2627114978218
44222336,7715 SW 86th St #A2-106,Miami,FL,33143,315000,CONDO,900.0,,2,1,1969.0,56,567.0,,,0.0,False,,,N/A,260000.0,3,7,4,25.69156,-80.31786,False,4.0,268583.3333333333,6,320.9268968864639
43856064,3520 Fair Isle St,Miami,FL,33133,2995000,SINGLE_FAMILY,3514.0,6250.0,3,4,1980.0,45,,Updated/Remodeled,,2.0,True,True,,N/A,,3,9,71,25.73841,-80.22307,False,,3171700.0,8,941.7665841768599
44214312,6507 SW 116th Pl #H-9,Miami,FL,33173,495000,TOWNHOUSE,1500.0,,3,3,1976.0,49,806.0,"Updated/Remodeled,Completely Renovated",,1.0,True,,,N/A,370000.0,3,7,201,25.706587,-80.38205,False,2.0,367500.0,2,278.26723296791596
43843801,4350 SW 2nd St,Miami,FL,33134,689000,SINGLE_FAMILY,1208.0,6240.0,3,2,1945.0,80,,,Other,1.0,True,,,N/A,340000.0,3,6,64,25.769958,-80.2667,False,,692125.0,8,473.3488521822418
44230743,1820 SW 140th Pl,Miami,FL,33175,914000,SINGLE_FAMILY,2346.0,,3,3,1987.0,38,,,,2.0,True,True,,N/A,237000.0,3,6,127,25.735712,-80.39926,False,,704037.5,8,396.78131273396764
44211351,9790 SW 62nd St,Miami,FL,33173,6300000,SINGLE_FAMILY,0.0,1.25,6,7,2024.0,1,,New Construction,,3.0,True,True,,N/A,850000.0,3,9,54,25.710209,-80.352356,False,,1777950.0,8,490.16233492076685
43856389,3220 Calusa St,Miami,FL,33133,3345000,SINGLE_FAMILY,3267.0,8550.0,4,5,1955.0,70,,Updated/Remodeled,,0.0,False,True,,N/A,1625000.0,3,9,69,25.735498,-80.23135,False,,3534914.285714286,7,885.0345666461344
445966188,3701 Park Ave #11,Coconut Grove,FL,33133,22000000,SINGLE_FAMILY,12893.0,0.82943067033976,13,13,2024.0,1,,New Construction,,4.0,True,True,,N/A,,3,9,84,25.714705,-80.25339,False,,6460000.0,8,1564.6443669142577
44206417,6700 SW 52nd St,Miami,FL,33155,949000,SINGLE_FAMILY,1831.0,0.36949035812672,3,2,1952.0,73,,,,1.0,True,True,,N/A,135200.0,3,8,42,25.72193,-80.30275,False,,1061146.2857142857,7,535.1537631242535
43823743,1877 NW 15th St,Miami,FL,33125,509000,SINGLE_FAMILY,1096.0,7150.0,6,3,1937.0,88,,,,0.0,False,,,N/A,126000.0,3,3,55,25.78898,-80.22677,False,,445797.0,6,414.1193876274654
43830348,431 NE 52nd Ter,Miami,FL,33137,1950000,SINGLE_FAMILY,1939.0,8250.0,3,2,1940.0,85,,,,0.0,False,True,,N/A,790000.0,3,7,9,25.824629,-80.185814,False,,1739769.0,8,872.6689171577293
44284487,8530 SW 121st St,Miami,FL,33156,1999999,SINGLE_FAMILY,3542.0,0.49012855831038,3,3,1980.0,45,,Completely Renovated,"Other,Modern/Contemporary",0.0,False,True,,N/A,475000.0,3,10,12,25.657375,-80.33291,False,,2037637.5,8,574.008999625115
44279934,11425 SW 110th LANE,Miami,FL,33176,555000,TOWNHOUSE,1584.0,,2,2,1977.0,48,294.0,As Is,,2.0,True,,,N/A,345500.0,3,9,10,25.665588,-80.3804,False,2.0,479987.5,8,319.2461095933762
44350527,20420 SW 116th Rd,Miami,FL,33189,569000,SINGLE_FAMILY,1320.0,7500.0,3,2,1964.0,61,,,,0.0,False,True,,N/A,,3,7,34,25.57674,-80.37989,False,,544325.0,8,406.4504975736796
64820208,7320 SW 82nd St APT B101,Miami,FL,33143,209900,CONDO,635.0,,1,1,1968.0,57,465.0,,,1.0,True,,,N/A,,3,9,5,25.693527,-80.31181,False,4.0,184535.7142857143,7,265.94157665223355
44275954,10194 SW 77th Ct,Miami,FL,33156,500000,SINGLE_FAMILY,1192.0,1193.0,2,2,1987.0,38,615.0,,,,False,,,N/A,340000.0,3,7,31,25.67593,-80.32125,False,,,0,
43863679,3644 Saint Gaudens Rd,Miami,FL,33133,3795000,SINGLE_FAMILY,2598.0,10176.0,3,3,1992.0,33,,,,0.0,False,True,,N/A,2800000.0,3,9,37,25.717989,-80.251816,False,,4049857.1428571427,7,1148.0793347733386
449591781,8913 SW 113th Place Cir W,Miami,FL,33176,595000,TOWNHOUSE,1890.0,,3,3,1984.0,41,340.0,,,1.0,True,,,N/A,,3,9,7,25.684849,-80.38024,False,2.0,569671.4285714285,7,301.41345427059713
64497505,680 NE 64th St APT A312,Miami,FL,33138,350000,CONDO,926.0,,2,1,1972.0,53,1135.0,,,,False,,,N/A,185000.0,3,7,11,25.834635,-80.182365,False,,332442.85714285716,7,390.44321559100763
44199179,11300 SW 44th St,Miami,FL,33165,720000,SINGLE_FAMILY,1554.0,9714.0,4,2,1955.0,70,,,,0.0,False,True,,N/A,275000.0,3,6,44,25.725578,-80.37794,False,,684587.5,8,810.7158599064716
44221917,8535 SW 80th Pl,Miami,FL,33143,899000,SINGLE_FAMILY,1424.0,5278.0,3,2,1975.0,50,200.0,,,0.0,False,,,N/A,330000.0,3,7,197,25.690758,-80.32402,False,,673346.125,8,422.2960949043684
43837362,6820 W Flagler St APT 202,Miami,FL,33144,192960,CONDO,697.0,,1,1,1973.0,52,398.0,,,1.0,True,,,N/A,,3,6,240,25.770222,-80.306694,False,4.0,202011.5,8,249.4218839016121
44333261,14266 SW 154th St,Miami,FL,33177,595900,SINGLE_FAMILY,1525.0,0.25052800734619,4,2,1984.0,41,,,,1.0,True,,,N/A,163000.0,3,9,251,25.623825,-80.424385,False,,653162.5,8,365.80815022614814
44213825,11165 SW 70th Ln,Miami,FL,33173,499098,TOWNHOUSE,1573.0,,2,2,1977.0,48,150.0,,,2.0,True,,,N/A,285000.0,3,7,20,25.702265,-80.37289,False,2.0,413957.14285714284,7,283.9879405084012
44207880,6515 SW 48th St,Miami,FL,33155,915000,SINGLE_FAMILY,1622.0,10575.0,3,2,1955.0,70,,,,0.0,False,,,N/A,440000.0,3,8,242,25.726187,-80.300995,False,,1111942.857142857,7,582.2185209059152
43862090,3304 Virginia St APT 6B,Miami,FL,33133,499950,CONDO,744.0,,2,2,1970.0,55,,,,1.0,True,,,N/A,350000.0,3,9,97,25.729729,-80.24178,True,7.0,334281.25,8,492.00933739744227
43864072,4137 Malaga Ave,Miami,FL,33133,1579000,SINGLE_FAMILY,1565.0,6050.0,3,2,1944.0,81,,,,0.0,False,,,N/A,539500.0,3,9,69,25.716982,-80.26015,False,,2322387.5,8,991.9078137888737
43835555,211 SW 61st Ave,Miami,FL,33144,772500,SINGLE_FAMILY,2104.0,6960.0,3,2,1950.0,75,,Completely Renovated,Modern/Contemporary,0.0,False,,,N/A,634000.0,3,6,9,25.768507,-80.29493,False,,618375.0,8,419.9045548409918
44332381,12250 SW 148th Ter,Miami,FL,33186,475000,SINGLE_FAMILY,1611.0,2314.0,3,3,2000.0,25,160.0,,,0.0,False,,,N/A,425000.0,3,8,15,25.629946,-80.39104,False,,433300.0,3,268.9633767846058
44363734,12637 SW 210th Ter,Miami,FL,33177,548000,SINGLE_FAMILY,1391.0,4855.0,4,2,1991.0,34,,,,2.0,True,,,N/A,,3,6,83,25.571499,-80.396355,False,,544928.5714285715,7,332.63334524358135
44304763,17920 SW 154th St,Miami,FL,33187,3200000,SINGLE_FAMILY,6050.0,5.0,5,4,2002.0,23,62.0,As Is,Other,3.0,True,,,N/A,1750000.0,3,9,1,25.62058,-80.4839,False,,2723316.6666666665,6,373.0673996405751
43833719,1379 N Venetian Way,Miami Beach,FL,33139,18180000,SINGLE_FAMILY,5363.0,10500.0,5,5,2017.0,8,,,,2.0,True,True,,N/A,15550000.0,3,10,44,25.791225,-80.16721,True,,7692162.5,8,1398.5402581689953
343005663,12715 SW 193rd Ter,Miami,FL,33177,1195000,SINGLE_FAMILY,2778.0,0.31891643709826,5,3,2025.0,0,,New Construction,,2.0,True,True,,N/A,,3,5,26,25.586636,-80.3984,False,,811314.2857142857,7,379.2266863230246
44225718,8150 SW 52nd Ave,Miami,FL,33143,14975000,SINGLE_FAMILY,6352.0,0.98484848484848,5,7,2011.0,14,,,,2.0,True,True,,N/A,4500000.0,3,10,49,25.69564,-80.27731,False,,6562797.75,8,1216.7509677015807
44212226,5920 SW 116th Ave,Miami,FL,33173,684500,SINGLE_FAMILY,1338.0,7500.0,3,2,1958.0,67,,,,6.0,True,True,,N/A,610000.0,3,7,51,25.711184,-80.38169,False,,638450.0,8,571.8152030179373
247649978,2900 NE 7th Ave PH 5102,Miami,FL,33137,9950000,CONDO,8434.0,,6,8,2017.0,8,11107.0,,,6.0,True,True,,N/A,6500000.0,3,4,7,25.805016,-80.18594,False,51.0,1185212.5,8,754.63586793491
44280272,10651 SW 108th Ave APT 2E,Miami,FL,33176,250000,CONDO,911.0,,2,2,1975.0,50,473.0,,,0.0,False,,,N/A,47000.0,3,9,85,25.670132,-80.369835,False,4.0,278928.5714285714,7,280.41674605246146
44334642,13926 SW 164th St,Miami,FL,33177,599000,SINGLE_FAMILY,1544.0,3014.0,4,3,1994.0,31,,,Other,0.0,False,True,,N/A,190000.0,3,9,58,25.614904,-80.41879,False,,485650.0,8,318.15894448402213
343005664,12735 SW 193rd Ter,Miami,FL,33177,1195000,SINGLE_FAMILY,2778.0,0.32224517906336,5,3,2025.0,0,,New Construction,,2.0,True,True,,N/A,,3,5,7,25.586636,-80.3984,False,,811314.2857142857,7,379.2266863230246
44331308,14721 SW 132nd Ct,Miami,FL,33186,819900,SINGLE_FAMILY,2438.0,8643.0,5,4,1995.0,30,340.0,,,2.0,True,True,,N/A,370000.0,3,8,107,25.630909,-80.40624,False,,730937.5,8,298.8600508797342
44215577,11405 SW 87th Ter,Miami,FL,33173,495000,TOWNHOUSE,1110.0,,2,2,1981.0,44,240.0,,,1.0,True,,,N/A,110000.0,3,9,6,25.68741,-80.37828,False,1.0,596314.2857142857,7,387.9503922572068
43828509,7795 NE Bayshore Ct UNIT 501,Miami,FL,33138,152000,CONDO,653.0,,1,1,1974.0,51,500.0,,,0.0,False,,,N/A,172100.0,3,5,161,25.846254,-80.17313,False,5.0,219412.5,8,326.03911651345095
44280554,11514 SW 109th Rd #37Z,Miami,FL,33176,450000,TOWNHOUSE,1170.0,,3,2,1976.0,49,575.0,,,0.0,False,,,N/A,330000.0,3,9,23,25.666155,-80.381165,False,2.0,442633.3333333333,3,368.168023838023
43870830,1643 Brickell Ave APT 2902,Miami,FL,33129,6950000,CONDO,5730.0,,4,6,1997.0,28,6516.0,,,3.0,True,,,N/A,3450000.0,3,7,386,25.755404,-80.195045,False,51.0,3377500.0,8,1041.1820461103
92445592,60 SW 13th St APT 3026,Miami,FL,33130,800000,CONDO,1386.0,,3,3,2008.0,17,1650.0,,,1.0,True,,,N/A,600000.0,3,7,9,25.761118,-80.194435,False,52.0,134174.875,8,156.425849478878
442733678,1033 SW 2nd St #1033,Miami,FL,33130,309999,TOWNHOUSE,896.0,,2,2,1984.0,41,200.0,,,0.0,False,,,N/A,,3,3,23,25.77177,-80.21225,False,2.0,252250.0,1,281.52901785714283
44333841,14520 SW 161st St,Miami,FL,33177,690000,SINGLE_FAMILY,1865.0,7500.0,4,2,1990.0,35,,,,2.0,True,True,,N/A,427000.0,3,9,44,25.616999,-80.42883,False,,687487.5,8,388.84202977390834
43833485,555 NE 15th St APT 33D,Miami,FL,33132,339900,CONDO,890.0,,1,2,1980.0,45,1100.0,New Construction,,2.0,True,,,N/A,260000.0,3,6,68,25.789865,-80.18571,False,35.0,262675.0,8,351.24277874150846
43827424,840 NE 72nd Ter,Miami,FL,33138,1675000,SINGLE_FAMILY,1337.0,7080.0,3,2,1940.0,85,,,,1.0,True,True,,N/A,600000.0,3,7,35,25.841633,-80.179115,False,,1372380.75,8,796.1937939284205
44270466,13835 SW 84th St #503,Miami,FL,33183,415000,TOWNHOUSE,1510.0,,3,3,1973.0,52,430.0,,,0.0,False,,,N/A,350000.0,3,9,169,25.688755,-80.42031,False,2.0,393750.0,8,260.7615894039735
44221358,8620 SW 86th Ave,Miami,FL,33143,1250000,SINGLE_FAMILY,2101.0,10500.0,3,2,1969.0,56,8.0,Updated/Remodeled,,2.0,True,True,,N/A,635000.0,3,7,19,25.689398,-80.3325,False,,1001750.0,8,373.7975538318443
43866516,2820 Brickell Ave,Miami,FL,33129,12795000,SINGLE_FAMILY,6522.0,0.45913682277319,6,7,1999.0,26,,Updated/Remodeled,,3.0,True,True,,N/A,2250000.0,3,9,351,25.74922,-80.2064,False,,3253389.5,6,993.0219566333452
43873759,999 Brickell Bay Dr APT 705,Miami,FL,33131,415000,CONDO,990.0,,2,2,1968.0,57,943.0,,,1.0,True,,,N/A,205000.0,3,7,121,25.764359,-80.189514,False,17.0,315750.0,8,300.5474201827147
448926091,22005 SW 114th Ave #22005,Goulds,FL,33170,529990,SINGLE_FAMILY,0.0,3991.0,4,3,2024.0,1,30.0,New Construction,,0.0,False,,,N/A,,3,7,173,25.562634,-80.37636,False,,438650.0,4,400.18548987214825
43865979,2950 SW 3rd Ave APT 5B,Miami,FL,33129,489000,APARTMENT,910.0,,2,1,1974.0,51,600.0,,,,False,,,N/A,240000.0,2,9,98,25.750748,-80.197586,False,,,0,
92451110,900 Brickell Key Blvd APT 3403,Miami,FL,33131,30000000,CONDO,5867.0,,4,6,2008.0,17,8124.0,"Updated/Remodeled,Completely Renovated",,2.0,True,,,N/A,5700000.0,3,7,26,25.769178,-80.18575,False,37.0,2805937.375,8,1042.2437541472868
43998910,6255 SW 59th Ave,South Miami,FL,33143,755000,SINGLE_FAMILY,1290.0,8100.0,3,2,1970.0,55,,,,1.0,True,,,N/A,206500.0,3,9,6,25.712807,-80.28953,False,,523197.5,6,374.79568976990663
43999591,8290 SW 61st Ave,South Miami,FL,33143,1800000,SINGLE_FAMILY,2600.0,0.31060606060606,4,3,1960.0,65,,,,0.0,False,,,N/A,,3,9,19,25.694162,-80.29229,False,,2537287.5,8,1010.2581319235849
43809608,1420 NW 58th Ter,Miami,FL,33142,360000,SINGLE_FAMILY,1123.0,5300.0,2,1,1946.0,79,,,,0.0,False,,,N/A,125000.0,3,5,328,25.828735,-80.22109,False,,324535.5,2,292.4495956688596
44260532,6605 SW 152nd Ct #5-40,Miami,FL,33193,350000,TOWNHOUSE,840.0,,2,2,1988.0,37,550.0,,,0.0,False,,,N/A,64000.0,3,7,70,25.703634,-80.44265,False,1.0,379200.0,1,421.3333333333333
44221109,7720 SW 79th Ct,Miami,FL,33143,3150000,SINGLE_FAMILY,3549.0,1.0,4,5,1951.0,74,,,,2.0,True,True,,N/A,800000.0,3,9,16,25.698256,-80.32339,False,,3549316.6666666665,6,604.4207173165926
443800967,8811 SW 56th St,Miami,FL,33165,1999888,SINGLE_FAMILY,3385.0,,4,5,2024.0,1,,New Construction,,2.0,True,True,,N/A,,3,8,20,25.716671,-80.33764,False,,1281860.0,5,487.0179079986186
44336958,16752 SW 173rd Ave,Miami,FL,33187,1460000,SINGLE_FAMILY,2434.0,1.34,4,3,1996.0,29,,,Mediterranean,2.0,True,True,,N/A,400000.0,3,9,1,25.610363,-80.47328,False,,1517971.4285714286,7,419.3670651638354
44288262,14641 Jackson St,Miami,FL,33176,578999,SINGLE_FAMILY,1056.0,7500.0,3,2,1950.0,75,,,,0.0,False,,,N/A,325000.0,3,9,22,25.632776,-80.37372,False,,453987.5,8,466.97311964213947
44237524,12253 SW 18th Ter,Miami,FL,33175,595000,SINGLE_FAMILY,1652.0,3433.0,3,2,1993.0,32,60.0,,,0.0,False,,,N/A,106000.0,3,9,65,25.751484,-80.39205,False,,452906.0,7,297.40678346965575
44328083,14863 SW 139th St,Miami,FL,33196,759999,SINGLE_FAMILY,2360.0,7192.0,4,4,1996.0,29,,,,,False,,,N/A,280000.0,3,9,220,25.637674,-80.43435,False,,609412.5,8,363.188787258457
92437764,244 Biscayne Blvd APT 2203,Miami,FL,33132,990000,CONDO,1590.0,,3,3,2008.0,17,1950.0,,,1.0,True,,,N/A,525000.0,3,6,170,25.777002,-80.18852,False,46.0,65207.142857142855,7,81.2441577595624
43998494,5931 SW 62nd Ter,South Miami,FL,33143,710000,SINGLE_FAMILY,1144.0,6420.0,3,2,1947.0,78,,Updated/Remodeled,,0.0,False,,,N/A,366000.0,3,8,175,25.713167,-80.2907,False,,535052.8333333334,6,458.6228043388237
445924623,12025 SW 46th St,Miami,FL,33175,4500000,SINGLE_FAMILY,5113.0,1.08,6,6,2024.0,1,,New Construction,,3.0,True,True,,N/A,,3,8,86,25.725016,-80.389824,False,,1909262.5,8,946.6996956349109
43865394,2511 SW 7th Ave,Miami,FL,33129,1595000,SINGLE_FAMILY,1684.0,6000.0,3,2,1939.0,86,,,,0.0,False,True,,N/A,1050000.0,3,7,25,25.759237,-80.21062,False,,1488050.0,8,691.0071128144036
331699195,895 NE 76th St,Miami,FL,33138,6999000,SINGLE_FAMILY,4303.0,9316.0,5,5,2021.0,4,,New Construction,,2.0,True,True,,N/A,,3,7,76,25.844624,-80.17815,False,,3305175.0,8,1115.8811844485745
43847688,3291 SW 16th Ln,Miami,FL,33145,1990000,SINGLE_FAMILY,2909.0,7500.0,4,4,1949.0,76,,,,1.0,True,True,,N/A,855000.0,3,9,21,25.756462,-80.24868,False,,1036157.1428571428,7,577.7747002912577
44191539,3715 SW 86th Ave,Miami,FL,33155,750000,SINGLE_FAMILY,1270.0,9225.0,3,2,1954.0,71,,,,1.0,True,,,N/A,526000.0,3,8,167,25.735563,-80.3345,False,,717537.5,8,440.32113704804976
44362951,12415 SW 207th Ter,Miami,FL,33177,589000,SINGLE_FAMILY,1513.0,5200.0,3,2,1982.0,43,,,,0.0,False,,,N/A,490000.0,3,6,142,25.574057,-80.39401,False,,515087.5,8,380.1042834380555
44260516,15235 SW 64th Ter #9-35,Miami,FL,33193,349500,TOWNHOUSE,840.0,,2,2,1987.0,38,550.0,Updated/Remodeled,,0.0,False,,,N/A,147500.0,3,7,208,25.705555,-80.4441,False,1.0,458350.0,2,408.6544667453758
2067109058,12735 SW 215th Ter,Miami,FL,33177,739999,SINGLE_FAMILY,2213.0,5843.0,4,3,2022.0,3,,,,2.0,True,,,N/A,,3,6,30,25.56689,-80.39788,False,,721937.5,8,296.4564792589863
43863951,4040 Kiaora St,Miami,FL,33133,24900000,SINGLE_FAMILY,8833.0,0.84283746556474,6,8,2024.0,1,,New Construction,,3.0,True,True,,N/A,4600000.0,3,9,77,25.715096,-80.258446,False,,4698081.5,8,1042.025089408274
44291272,9290 SW 148th St,Miami,FL,33176,849000,SINGLE_FAMILY,1861.0,0.41873278236915,3,2,1960.0,65,,,Ranch,0.0,False,,,N/A,208199.0,3,10,32,25.63231,-80.343605,False,,1132562.5,8,476.8674951178799
43863779,3821 Carole Ct,Miami,FL,33133,3190000,SINGLE_FAMILY,4356.0,10560.0,4,4,1966.0,59,,,,0.0,False,,,N/A,430900.0,3,9,79,25.717485,-80.24622,False,,8825414.375,8,1391.8284104348538
43827087,861 NE 82nd St,Miami,FL,33138,1620000,SINGLE_FAMILY,2356.0,8525.0,4,3,1955.0,70,,New Construction,,0.0,False,True,,N/A,930000.0,3,9,163,25.850584,-80.17894,False,,971533.3333333334,6,560.9955991122434
44349467,19851 SW 114th Ave APT 302,Miami,FL,33157,185000,CONDO,800.0,,2,2,1974.0,51,358.0,,,1.0,True,,,N/A,190000.0,3,7,103,25.582241,-80.37604,False,3.0,160750.0,8,200.9375
341040087,601 NE 23rd St #TOWNHOUSE 3,Miami,FL,33137,899000,TOWNHOUSE,1876.0,,3,3,2012.0,13,1251.0,Updated/Remodeled,Multi Level,1.0,True,,,N/A,,3,6,102,25.799414,-80.186356,False,18.0,,0,
2053532536,8383 SW 148th Ave #8383,Miami,FL,33193,465000,TOWNHOUSE,1576.0,,3,3,1989.0,36,91.0,,,0.0,False,,,N/A,,3,9,35,25.68879,-80.431984,False,2.0,423557.14285714284,7,319.6244824155465
43856393,2360 Tigertail Ave,Miami,FL,33133,2995000,SINGLE_FAMILY,2825.0,8640.0,4,3,1987.0,38,,,,2.0,True,True,,N/A,1425000.0,3,9,7,25.736198,-80.23093,False,,2811700.0,8,976.2168048679356
44181234,9633 SW 11th Ter,Miami,FL,33174,994900,SINGLE_FAMILY,2285.0,0.37465564738292,4,3,1968.0,57,,,,0.0,False,True,,N/A,410000.0,3,8,26,25.75879,-80.35162,False,,764514.1428571428,7,413.3924548180311
43859623,2979 Bird Ave #8,Miami,FL,33133,699000,TOWNHOUSE,1033.0,,2,2,1978.0,47,656.0,,,0.0,False,,,N/A,310000.0,3,9,62,25.735703,-80.24136,False,2.0,675300.0,5,652.9709211408147
71743500,3470 SW 97th Ave,Miami,FL,33165,1124999,SINGLE_FAMILY,3044.0,8782.0,4,3,2006.0,19,,,,2.0,True,True,,N/A,781000.0,3,7,90,25.737455,-80.352,False,,814998.5714285715,7,317.6248582182866
43863626,3467 N Moorings Way,Miami,FL,33133,20800000,SINGLE_FAMILY,6268.0,0.65603764921947,6,7,1929.0,96,833.0,,,2.0,True,True,,N/A,14700000.0,3,9,134,25.717772,-80.24782,False,,4618775.0,8,1052.3491176023208
44299073,11015 SW 159th Ter,Miami,FL,33157,675000,SINGLE_FAMILY,2460.0,7500.0,4,3,1977.0,48,,,,0.0,False,,,N/A,63500.0,3,7,26,25.621271,-80.37215,False,,571500.0,8,358.5981810719542
2055125563,2110 S Miami Ave,Miami,FL,33129,7290000,SINGLE_FAMILY,5600.0,7315.0,5,6,2024.0,1,,New Construction,Other,5.0,True,True,,N/A,,3,7,140,25.754337,-80.20107,False,,1388700.0,3,426.0534867803996
449018863,10804 SW 88th St UNIT P14,Miami,FL,33176,275000,CONDO,955.0,,2,2,1968.0,57,503.0,As Is,Old Spanish,1.0,True,,,N/A,,3,9,15,25.684958,-80.36814,False,2.0,255525.0,8,300.04143840427025
43863766,4313 Ingraham Hwy,Miami,FL,33133,2790000,SINGLE_FAMILY,2960.0,6876.0,4,4,1988.0,37,,,,0.0,False,True,,N/A,940000.0,3,9,23,25.71074,-80.25547,False,,4123800.0,6,1187.0558307340752
2061582970,12908 SW 229th St,Miami,FL,33170,644000,SINGLE_FAMILY,2598.0,5000.0,4,3,2022.0,3,5.0,,,2.0,True,,,N/A,,3,6,447,25.554525,-80.40101,False,,759642.8571428572,7,298.85394628842135
43867273,2530 SW 3rd Ave APT 206,Miami,FL,33129,363777,CONDO,846.0,,2,2,1973.0,52,837.0,Updated/Remodeled,,1.0,True,,,N/A,162600.0,3,7,69,25.755907,-80.20798,False,6.0,278450.0,6,359.62852252898796
44220563,9386 SW 77th St,Miami,FL,33173,929000,SINGLE_FAMILY,3978.0,8500.0,5,2,1971.0,54,,,,0.0,False,,,N/A,840000.0,3,9,133,25.696943,-80.34625,False,,868912.5,8,480.60700257923077
72571948,690 SW 1st Ct APT 1006,Miami,FL,33130,439000,CONDO,795.0,,1,2,2006.0,19,991.0,,Split Level,1.0,True,,,N/A,318000.0,3,7,110,25.767992,-80.1961,True,32.0,468333.3333333333,9,510.0293866734888
448734723,5 Grove Isle Dr #PENTHOUSE L05,Miami,FL,33133,21300000,CONDO,7027.0,,4,6,2025.0,0,7802.0,Under Construction,,2.0,True,True,,N/A,,3,7,22,25.735641,-80.22099,False,7.0,7519050.0,4,1809.9034811098536
44284763,9205 SW 128th St,Miami,FL,33176,899999,SINGLE_FAMILY,1956.0,0.39249311294766,4,2,1961.0,64,,Updated/Remodeled,,0.0,False,,,N/A,635250.0,3,10,92,25.651257,-80.34285,False,,1104675.25,8,383.13068917259636
44257207,13700 SW 62nd St APT 101,Miami,FL,33183,400000,CONDO,1262.0,,3,2,1973.0,52,615.0,,,0.0,False,,,N/A,255000.0,3,9,56,25.70831,-80.41554,False,2.0,236293.75,8,187.2375198098257
64641886,10765 SW 108th Ave APT 103,Miami,FL,33176,238000,CONDO,754.0,,1,1,1986.0,39,420.0,,,0.0,False,,,N/A,139900.0,3,9,63,25.669168,-80.370094,False,2.0,282500.0,8,279.09561702665155
64634354,16474 SW 59th Terrace,Miami,FL,33193,1139000,SINGLE_FAMILY,2795.0,0.35858585858586,4,3,2005.0,20,,Resale,,2.0,True,True,,N/A,471500.0,3,9,6,25.709475,-80.46025,False,2.0,865961.1428571428,7,300.6770722686371
44342133,12011 SW 179th Ter,Miami,FL,33177,598000,SINGLE_FAMILY,1340.0,7840.0,4,2,1971.0,54,,,,,False,,,N/A,227000.0,3,5,20,25.602066,-80.38764,False,,486111.5,8,368.7251901445476
44242243,13817 SW 39th Ter,Miami,FL,33175,1100000,SINGLE_FAMILY,2003.0,5205.0,4,3,1999.0,26,,,Modern/Contemporary,2.0,True,True,,N/A,405000.0,3,6,13,25.73084,-80.418915,False,,734950.0,8,347.31341654424193
43825637,1745 NW 15th Street Rd,Miami,FL,33125,469000,SINGLE_FAMILY,955.0,6192.0,2,1,1926.0,99,,,Ranch,0.0,False,,,N/A,,3,3,285,25.791857,-80.22252,False,,907550.0,2,618.8728302237074
162031209,16165 SW 136th Ter,Miami,FL,33196,899000,SINGLE_FAMILY,2847.0,5407.0,4,3,2016.0,9,90.0,,Modern/Contemporary,2.0,True,True,,N/A,480100.0,3,9,14,25.639381,-80.45574,False,,900975.0,8,334.11730598359554
156325142,17810 SW 102nd Ave,Miami,FL,33157,470000,SINGLE_FAMILY,961.0,3413.0,2,1,2001.0,24,,,Old Spanish,4.0,True,,,N/A,395000.0,3,8,19,25.603758,-80.356995,False,,628900.0,2,312.32829118056804
44259665,15022 SW 67th Ln,Miami,FL,33193,905000,SINGLE_FAMILY,2206.0,8000.0,3,3,1983.0,42,,,,0.0,True,,,N/A,189000.0,3,7,5,25.704456,-80.43677,False,,650100.0,8,452.68236213160844
43998551,6210 SW 63rd Ter,South Miami,FL,33143,895000,SINGLE_FAMILY,1524.0,0.3298668503214,3,2,1963.0,62,,,,0.0,False,,,N/A,,3,8,34,25.711624,-80.29434,False,,931971.4285714285,7,551.3584017420454
44287489,12650 SW 114th Ave,Miami,FL,33176,1575000,SINGLE_FAMILY,2509.0,0.38884297520661,5,3,1979.0,46,10.0,,,2.0,True,True,,N/A,575000.0,3,8,42,25.65027,-80.379326,False,,992725.0,8,437.6800400320026
44328791,13949 SW 150th Ct,Miami,FL,33196,515000,SINGLE_FAMILY,1174.0,3197.0,3,2,1999.0,26,27.0,,,1.0,True,,,N/A,107000.0,3,9,153,25.637108,-80.437675,False,,531287.5,8,450.9427766934008
98363946,1060 Brickell Ave APT 4303,Miami,FL,33131,1199900,CONDO,1765.0,,3,3,2008.0,17,2243.0,"Updated/Remodeled,Completely Renovated",,1.0,True,,,N/A,870000.0,3,7,34,25.763138,-80.19179,True,45.0,291361.1111111111,9,236.48236791098577
447472630,2849 SE 25th Ave,Homestead,FL,33035,458990,TOWNHOUSE,1334.0,,3,3,2025.0,0,312.0,"New Construction,Under Construction",,1.0,True,,,N/A,,3,6,14,25.741842,-80.235886,False,2.0,510435.0,2,444.9147892005035
44219664,8015 SW 107th Ave APT 119,Miami,FL,33173,299999,CONDO,1040.0,,4,2,1980.0,45,587.0,,,0.0,False,,,N/A,125000.0,3,7,49,25.693672,-80.36345,False,3.0,266375.0,8,300.260016953153
44272663,8050 SW 134th Ave,Miami,FL,33183,695000,SINGLE_FAMILY,1362.0,7609.0,3,2,1978.0,47,67.0,Under Construction,,0.0,False,,,N/A,110900.0,3,8,51,25.692007,-80.40954,False,,732750.0,8,386.9989074799561
44201689,5365 SW 97th Ct,Miami,FL,33165,898500,SINGLE_FAMILY,2200.0,9375.0,6,3,1952.0,73,,,Modern/Contemporary,0.0,False,,,N/A,595000.0,3,9,51,25.718172,-80.35169,False,,639412.5,8,470.3177091507707
43855647,1914 SW 22nd Ter,Miami,FL,33145,2700000,SINGLE_FAMILY,3949.0,5850.0,4,4,2024.0,1,,,,0.0,False,,,N/A,575000.0,3,6,43,25.749647,-80.22625,False,,1539014.2857142857,7,623.0583453839527
44275366,9105 SW 78th Ct,Miami,FL,33156,965000,SINGLE_FAMILY,2320.0,2800.0,3,3,1978.0,47,300.0,,,0.0,False,True,,N/A,422000.0,3,7,48,25.685364,-80.32164,False,,840625.0,8,416.1732591260444
2063453732,4722 SW 67th Ave,Miami,FL,33155,549000,TOWNHOUSE,1234.0,,3,3,1978.0,47,695.0,,,,False,,,N/A,,3,8,79,25.727491,-80.30636,False,,381992.85714285716,7,377.458362369338
44000070,6151 SW 81st St,South Miami,FL,33143,5550000,SINGLE_FAMILY,5107.0,0.42855831037649,6,7,2018.0,7,,,,2.0,True,True,,N/A,2500000.0,3,9,24,25.696075,-80.2928,False,,3507112.5,8,857.5231733074289
44291072,10080 SW 145th Street,Miami,FL,33176,1700000,SINGLE_FAMILY,3661.0,0.34435261707989,5,4,1989.0,36,,Resale,,2.0,True,True,,N/A,364800.0,3,8,1,25.634846,-80.356964,False,1.0,1280571.4285714286,7,333.0073941387991
43810413,1839 NW 49th Street,Miami,FL,33142,365000,SINGLE_FAMILY,1300.0,0.0,4,2,1935.0,90,,Resale,,0.0,False,,,N/A,320000.0,3,5,78,25.820158,-80.22727,False,1.0,369257.14285714284,7,391.8005111139283
44340169,14239 SW 177th Ter,Miami,FL,33177,579900,SINGLE_FAMILY,1369.0,3956.0,3,2,1997.0,28,,,,1.0,True,,,N/A,185000.0,3,7,25,25.602398,-80.42291,False,,540475.0,8,351.15860442261885
44283263,10670 SW 87th Ave,Miami,FL,33176,1399000,SINGLE_FAMILY,3129.0,0.43999081726354,4,3,1949.0,76,,,,1.0,True,,,N/A,412000.0,3,10,88,25.670986,-80.335396,False,,1214020.0,5,461.51663464845353
44199802,4641 SW 112th Ave,Miami,FL,33165,790000,SINGLE_FAMILY,2453.0,8953.0,7,4,1956.0,69,,,,0.0,False,,,N/A,643500.0,3,6,56,25.723984,-80.37507,True,,686150.0,8,414.5934915726376
44193315,8881 SW 28 Street,Miami,FL,33165,1695000,SINGLE_FAMILY,3138.0,10094.0,5,5,2010.0,15,,Resale,,2.0,True,True,,N/A,700000.0,3,8,85,25.744144,-80.33916,False,2.0,519286.0,3,330.78027630704713
43874298,801 Brickell Bay Dr APT 764,Miami,FL,33131,395000,CONDO,990.0,,3,2,1968.0,57,973.0,,,1.0,True,,,N/A,185000.0,3,7,4,25.765348,-80.18902,False,20.0,211600.0,8,268.5370758933401
43850736,2271 SW 19th Ter,Miami,FL,33145,972888,SINGLE_FAMILY,1818.0,6552.0,4,3,1939.0,86,,Substantially Remodeled,,0.0,False,,,N/A,665000.0,3,6,25,25.753702,-80.23168,False,,787956.7142857143,7,467.35241141354635
44286301,10360 SW 124th St,Miami,FL,33176,1555000,SINGLE_FAMILY,3267.0,0.4160927456382,4,4,1993.0,32,,,,0.0,False,True,,N/A,347000.0,3,8,44,25.653816,-80.36243,False,,1290875.0,8,428.04439710490976
44283541,11835 SW 91st Ave,Miami,FL,33176,2890000,SINGLE_FAMILY,3126.0,0.91400367309458,5,4,2016.0,9,,Updated/Remodeled,,3.0,True,True,,N/A,315000.0,3,10,180,25.659693,-80.3413,False,,2240614.125,8,781.3253625536335
44274286,12421 SW 76th St,Miami,FL,33183,1399000,SINGLE_FAMILY,2657.0,0.34832415059688,4,3,1996.0,29,,,,2.0,True,True,,N/A,299900.0,3,8,12,25.697266,-80.39453,False,,1239687.125,8,412.52251795907966
44178587,9815 SW 21st St,Miami,FL,33165,758000,SINGLE_FAMILY,2194.0,7500.0,4,2,1967.0,58,,,,0.0,False,,,N/A,,3,8,19,25.75032,-80.35413,False,,778075.0,8,362.6874429570944
44333915,14400 SW 153rd Ter,Miami,FL,33177,599900,SINGLE_FAMILY,1420.0,4972.0,3,2,1990.0,35,,,,1.0,True,,,N/A,310000.0,3,9,35,25.624527,-80.42695,False,,565177.375,8,364.1435880558879
442936353,4650 SW 129th Ave #4650,Miami,FL,33175,485000,TOWNHOUSE,1015.0,,3,1,1970.0,55,,,,0.0,False,,,N/A,,3,8,141,25.723026,-80.40437,False,1.0,462342.85714285716,7,475.7776213933849
44284534,8540 SW 122nd St,Miami,FL,33156,1690000,SINGLE_FAMILY,3820.0,0.66574839302112,4,5,1954.0,71,,,,0.0,False,True,,N/A,310000.0,3,10,33,25.65618,-80.33334,False,,1727800.0,8,591.7785970971377
247702760,6840 SW 82nd Ave,Miami,FL,33143,3999999,SINGLE_FAMILY,4066.0,0.74800275482094,4,4,2018.0,7,,,,2.0,True,True,,N/A,3235000.0,3,8,16,25.705866,-80.326645,False,,3035187.5,8,674.8136377452829
445779936,1201 SW 12th St,Miami,FL,33129,689000,SINGLE_FAMILY,1108.0,4500.0,3,2,1936.0,89,,,,0.0,False,,,N/A,,3,7,251,25.76217,-80.21453,False,,582500.0,3,327.8357284282559
44252666,7012 SW 127th Pl,Miami,FL,33183,559000,TOWNHOUSE,1914.0,,3,3,1979.0,46,215.0,,,0.0,False,,,N/A,329900.0,3,8,28,25.70176,-80.40064,False,2.0,501200.0,4,380.34874432632586
72563337,690 SW 1st Ct APT 2918,Miami,FL,33130,525000,CONDO,1255.0,,2,2,2006.0,19,1507.0,New Construction,Split Level,1.0,True,,,N/A,470000.0,3,7,253,25.767992,-80.1961,False,36.0,461250.0,8,521.4922233542884
43833710,1277 N Venetian Way,Miami Beach,FL,33139,16900000,SINGLE_FAMILY,5659.0,10500.0,5,7,2006.0,19,,,,2.0,True,True,,N/A,3000000.0,3,10,178,25.791079,-80.16915,False,,8337871.428571428,7,1905.1021316930055
92451383,55 SE 6th St APT 1608,Miami,FL,33131,465000,CONDO,738.0,,1,1,2008.0,17,1093.0,,,1.0,True,,,N/A,269000.0,3,7,15,25.768448,-80.191345,False,42.0,285066.6666666667,9,340.5585281201733
64680010,1401 SW 22nd St APT 706,Miami,FL,33145,425000,CONDO,894.0,,2,2,2004.0,21,714.0,,,1.0,True,,,N/A,314000.0,3,7,72,25.751348,-80.21855,False,17.0,370762.5,8,438.258992602684
43861180,3616 Thomas Ave,Miami,FL,33133,1450000,TOWNHOUSE,1871.0,,3,3,2025.0,0,,New Construction,,1.0,True,True,,N/A,600000.0,3,6,205,25.726824,-80.25155,False,2.0,1591900.0,1,758.047619047619
44262603,16120 SW 72nd Ter,Miami,FL,33193,690000,SINGLE_FAMILY,2208.0,6870.0,5,3,1993.0,32,52.0,,,2.0,True,,,N/A,443000.0,3,9,148,25.697935,-80.453094,False,,720537.5,8,355.07489254461166
442183953,1408 Brickell Bay Dr #1415 & 1416,Miami,FL,33131,700000,CONDO,1711.0,,3,3,1964.0,61,1853.0,,,2.0,True,,,N/A,,3,7,187,25.759106,-80.18926,False,14.0,444455.55555555556,9,473.21017147833635
44328765,15462 SW 142nd St,Miami,FL,33196,644900,SINGLE_FAMILY,1686.0,5421.0,3,2,1999.0,26,90.0,As Is,,1.0,True,,,N/A,400000.0,3,9,55,25.634506,-80.444466,False,,609862.5,8,354.33292702509505
44197602,2585 SW 108th Ave,Miami,FL,33165,969000,SINGLE_FAMILY,2017.0,7504.0,4,2,1978.0,47,,,,2.0,True,True,,N/A,820000.0,3,9,119,25.745296,-80.36956,False,,764100.0,5,387.05430920993183
43854782,2125 SW 26th St,Miami,FL,33133,845000,SINGLE_FAMILY,1173.0,6000.0,3,2,1948.0,77,,,,6.0,True,,,N/A,190000.0,3,6,56,25.744244,-80.228355,False,,732700.0,8,620.2995123596943
44287234,13005 SW 112th Ct,Miami,FL,33176,1549000,SINGLE_FAMILY,2432.0,0.35009182736455,4,3,1977.0,48,,Updated/Remodeled,Modern/Contemporary,0.0,False,True,,N/A,925000.0,3,8,42,25.647741,-80.37584,False,,871370.125,8,405.9710425313368
44233182,2360 SW 131st Ct,Miami,FL,33175,650000,SINGLE_FAMILY,1501.0,3280.0,3,2,1981.0,44,,,Other,1.0,True,,,N/A,117000.0,3,8,9,25.745268,-80.40908,False,,576802.5714285715,7,361.4812895083881
44274164,7262 SW 120th Ave,Miami,FL,33183,1345000,SINGLE_FAMILY,3167.0,0.35870064279155,5,4,1992.0,33,265.0,,,2.0,True,True,,N/A,442000.0,3,8,408,25.699507,-80.38826,False,,1393440.0,5,496.8410246839937
44299278,11030 SW 165th Ter,Miami,FL,33157,589000,SINGLE_FAMILY,1252.0,7500.0,3,2,1979.0,46,,,Ranch,0.0,False,,,N/A,250900.0,3,5,86,25.6148,-80.37265,False,,590125.0,8,358.73515754439865
43828925,455 NE 63rd St,Miami,FL,33138,799000,SINGLE_FAMILY,3062.0,6500.0,5,2,1924.0,101,,,,1.0,True,,,N/A,265000.0,3,7,14,25.834288,-80.18679,False,,1852950.0,2,823.3639584248987
44227627,150 NW 123rd Ave,Miami,FL,33182,3950000,SINGLE_FAMILY,6190.0,0.81299357208448,5,4,1994.0,31,,As Is,,3.0,True,,,N/A,1750000.0,3,9,95,25.768953,-80.39552,False,,1705983.3333333333,6,791.6930366428898
44339179,16950 SW 145th Ct,Miami,FL,33177,635999,SINGLE_FAMILY,1590.0,4803.0,3,2,1994.0,31,,,,2.0,True,,,N/A,278000.0,3,7,35,25.609346,-80.42885,False,,593335.625,8,346.10115775208703
43860408,4131 Lybyer Ave,Miami,FL,33133,1999999,SINGLE_FAMILY,1647.0,6375.0,3,2,1953.0,72,,,,0.0,False,True,,N/A,875000.0,3,9,2,25.72294,-80.25972,False,,2626860.0,5,1005.9050917939472
44244688,14945 SW 49th Ln #6G,Miami,FL,33185,325000,TOWNHOUSE,710.0,,2,1,1983.0,42,516.0,,,0.0,False,True,,N/A,215000.0,3,8,79,25.719395,-80.43604,False,4.0,427000.0,2,358.0673758865248
447503337,22918 SW 105th Ave,Miami,FL,33190,630000,SINGLE_FAMILY,2557.0,5495.0,4,3,2012.0,13,67.0,,,2.0,True,True,,N/A,,3,5,63,25.554525,-80.36218,False,,638062.5,8,269.0347227735276
44276674,9260 SW 101st St,Miami,FL,33176,2600000,SINGLE_FAMILY,5116.0,0.58999081726354,6,5,1982.0,43,280.0,,,2.0,True,True,,N/A,1750000.0,3,7,83,25.675665,-80.34516,False,,2255620.625,8,449.2200250195401
2061962119,530 NW 41st St,Miami,FL,33127,1750000,SINGLE_FAMILY,2084.0,5350.0,5,3,2022.0,3,,New Construction,,0.0,False,True,,N/A,1375000.0,3,4,141,25.813671,-80.20419,False,,816520.0,5,500.6720932586519
44192705,3806 SW 84th Ave #17,Miami,FL,33155,425000,TOWNHOUSE,1347.0,,3,3,1985.0,40,,,,0.0,False,,,N/A,,3,8,47,25.734747,-80.331795,False,1.0,503850.0,2,399.1036562731997
43863768,4286 S Douglas Rd,Miami,FL,33133,3995000,SINGLE_FAMILY,2700.0,9000.0,5,6,1915.0,110,,New Construction,,0.0,False,True,,N/A,1300000.0,3,9,78,25.711409,-80.25316,False,,5252766.666666667,6,1032.2982769991547
43828455,1290 NE 83rd St,Miami,FL,33138,10450000,SINGLE_FAMILY,5768.0,0.6198347107438,5,8,1972.0,53,,"As Is,Substantially Remodeled",,2.0,True,,,N/A,30000.0,3,9,407,25.851814,-80.172165,False,,3905200.0,5,906.7469811871927
44263810,8421 SW 157th Pl,Miami,FL,33193,629000,SINGLE_FAMILY,1598.0,4080.0,3,2,1997.0,28,39.0,,,0.0,False,,,N/A,565000.0,3,9,91,25.687988,-80.44714,False,,619300.0,6,337.90834270231886
44290004,14811 SW 106th Ave,Miami,FL,33176,489900,SINGLE_FAMILY,908.0,7500.0,3,1,1960.0,65,,,,0.0,False,,,N/A,150000.0,3,6,26,25.631376,-80.36532,False,,477400.0,8,401.78642226325337
44203166,4202 SW 98th Ave,Miami,FL,33165,949900,SINGLE_FAMILY,2182.0,8159.0,4,3,1960.0,65,,,,1.0,True,,,N/A,725000.0,3,6,50,25.729141,-80.35423,False,,634275.0,8,434.6866687503665
43997467,6395 SW 44th St,South Miami,FL,33155,1379000,SINGLE_FAMILY,2003.0,6500.0,4,3,1950.0,75,,,,0.0,False,,,N/A,395000.0,3,9,62,25.730341,-80.298485,False,,1031600.0,7,589.7055123034851
44190232,7500 SW 39th St,Miami,FL,33155,589000,SINGLE_FAMILY,936.0,7500.0,3,1,1950.0,75,,,,0.0,False,,,N/A,350000.0,3,6,72,25.734219,-80.31662,False,,633885.7142857143,7,428.7304411048505
43856277,1774 Opechee Dr,Miami,FL,33133,2199000,SINGLE_FAMILY,2442.0,6890.0,5,4,1924.0,101,,,,0.0,False,,,N/A,950000.0,3,9,68,25.743587,-80.223175,False,,2248412.5,8,976.8423858825759
44214661,6924 SW 114th Pl #C56,Miami,FL,33173,380000,TOWNHOUSE,1540.0,,3,2,1978.0,47,806.0,,,2.0,True,,,N/A,140000.0,3,7,32,25.702896,-80.37863,False,2.0,389375.0,4,284.48415815658547
43850623,2220 SW 12th St,Miami,FL,33135,769000,SINGLE_FAMILY,1820.0,5800.0,4,3,1925.0,100,,,,0.0,False,True,,N/A,191000.0,3,6,370,25.760988,-80.23124,False,,714900.0,3,423.71214371301886
44253275,12743 SW 61st Ter,Miami,FL,33183,680000,SINGLE_FAMILY,1819.0,4050.0,5,3,1985.0,40,95.0,,,1.0,True,,,N/A,140000.0,3,8,110,25.710121,-80.40009,False,,537740.75,8,323.1343934857118
43851767,2171 SW 20th St,Miami,FL,33145,1300000,SINGLE_FAMILY,2033.0,6060.0,4,4,1946.0,79,,Completely Renovated,,0.0,False,,,N/A,750000.0,3,7,40,25.75308,-80.229645,False,,847912.5,8,473.90073058833144
44205558,8340 SW 41st Ter,Miami,FL,33155,799000,SINGLE_FAMILY,1726.0,0.25252525252525,3,2,1969.0,56,,,,0.0,False,,,N/A,,3,7,30,25.730892,-80.330025,False,,945387.5,8,471.19071339579943
44199324,11210 SW 47th Ter,Miami,FL,33165,805000,SINGLE_FAMILY,1974.0,9000.0,4,3,1958.0,67,,,,1.0,True,,,N/A,377500.0,3,6,9,25.722845,-80.37581,False,,537081.25,8,293.6345123929061
43861527,3120 Virginia St #3120,Miami,FL,33133,2690000,TOWNHOUSE,2920.0,,3,3,2001.0,24,,,,2.0,True,True,,N/A,950000.0,3,9,27,25.733276,-80.24191,False,2.0,1660400.0,1,781.7325800376648
247679008,151 SE 1st St UNIT 608,Miami,FL,33131,335000,CONDO,564.0,,1,1,2016.0,9,684.0,,,0.0,False,,,N/A,225900.0,3,6,153,25.7736,-80.190605,False,30.0,401900.0,4,588.2047098852585
44297764,10075 SW 152nd Ter,Miami,FL,33157,560000,SINGLE_FAMILY,1283.0,8100.0,3,2,1971.0,54,,,,2.0,True,True,,N/A,305000.0,3,7,6,25.628103,-80.35773,False,,534587.5,8,456.3103230412782
44283225,9749 SW 111th Ter,Miami,FL,33176,2050000,SINGLE_FAMILY,4246.0,0.5065886134068,6,4,1990.0,35,58.0,,,3.0,True,True,,N/A,850000.0,3,10,163,25.666574,-80.352486,False,,1765275.0,8,431.87825325674964
43997975,6616 SW 64th Ave,South Miami,FL,33143,2850000,SINGLE_FAMILY,0.0,10035.0,5,4,2025.0,0,,New Construction,,2.0,True,True,,N/A,525600.0,3,9,59,25.708895,-80.29793,False,,1042237.5,8,667.3084189176454
82065125,1800 N Bayshore Drive #2205,Miami,FL,33132,849000,CONDO,1222.0,0.0,2,2,2007.0,18,948.0,Resale,,2.0,True,,,N/A,410000.0,3,6,4,25.794043,-80.18696,False,42.0,679500.0,4,486.8317124774807
83162413,8390 SW 72nd Ave APT 503,Miami,FL,33143,499000,CONDO,1718.0,,3,3,2007.0,18,1851.0,,,2.0,True,,,N/A,,3,9,251,25.693108,-80.30986,False,9.0,567222.2222222222,9,333.51959750966904
44290545,14555 SW 105th Ct,Miami,FL,33176,625000,SINGLE_FAMILY,1886.0,7500.0,4,2,1972.0,53,,,,0.0,False,True,,N/A,,3,6,53,25.634186,-80.36503,False,,538075.0,8,390.1276085761148
44286919,10861 SW 126th St,Miami,FL,33176,1400000,SINGLE_FAMILY,3236.0,0.3801652892562,5,4,1973.0,52,,Updated/Remodeled,,0.0,False,True,,N/A,615000.0,3,8,170,25.651878,-80.37064,False,,1079937.5,8,467.5015466499352
445785294,1861 NW South River Dr #PENTHOUSE 02,Miami,FL,33125,475000,CONDO,1457.0,,2,3,2010.0,15,1738.0,,,1.0,True,,,N/A,,3,3,69,25.787973,-80.225914,False,27.0,402400.0,1,376.7790262172285
247649628,151 SE 1st St APT 1011,Miami,FL,33131,439000,CONDO,791.0,,2,2,2016.0,9,,,,0.0,False,,,N/A,335000.0,3,6,34,25.773535,-80.19072,False,358.0,107960.0,8,154.53311460486896
44214401,6421 SW 116th Ct APT A,Miami,FL,33173,437000,TOWNHOUSE,1575.0,,3,3,1977.0,48,806.0,,,0.0,False,,,N/A,89500.0,3,7,41,25.707123,-80.37993,False,2.0,405850.0,2,269.5928515928516
44336351,14817 SW 164th Ter,Miami,FL,33187,988900,SINGLE_FAMILY,2881.0,0.49931129476584,4,2,1987.0,38,14.0,,,4.0,True,True,,N/A,620000.0,3,9,227,25.614391,-80.43237,False,,884100.0,6,357.83494317214985
43807761,5545 NE Miami Pl,Miami,FL,33137,520000,MULTI_FAMILY,1070.0,,2,2,1950.0,75,,,,,False,,,N/A,49900.0,3,5,32,25.826813,-80.194595,False,1.0,128900.0,1,253.74015748031496
43850632,2221 SW 13th St,Miami,FL,33145,799000,SINGLE_FAMILY,1715.0,5800.0,3,2,1950.0,75,,As Is,,1.0,True,,,N/A,50100.0,3,6,6,25.760654,-80.23107,False,,657800.0,1,417.91613722998727
44183346,7731 SW 19th St,Miami,FL,33155,725000,SINGLE_FAMILY,2122.0,7700.0,4,3,1959.0,66,,,Other,0.0,False,,,N/A,32000.0,3,8,156,25.752722,-80.32129,False,,643200.0,8,414.6269126997371
44261424,14820 SW 63rd St,Miami,FL,33193,925000,SINGLE_FAMILY,2003.0,8706.0,4,3,1989.0,36,,,,2.0,True,True,,N/A,415000.0,3,7,29,25.707342,-80.43369,False,,683828.5714285715,7,378.5973846799093
443191719,12940 SW 135th St #12940,Miami,FL,33186,484000,TOWNHOUSE,1564.0,,3,3,2006.0,19,135.0,,,1.0,True,,,N/A,,3,8,19,25.642023,-80.403404,False,2.0,493742.85714285716,7,300.88011574513314
44237503,2090 SW 122nd Ave APT 26,Miami,FL,33175,400000,CONDO,1518.0,,3,3,1989.0,36,780.0,,Old Spanish,0.0,False,,,N/A,186000.0,3,9,52,25.74853,-80.391235,False,2.0,348114.28571428574,7,262.6398963355485
44209755,7930 SW 58th St,Miami,FL,33143,4549999,SINGLE_FAMILY,4966.0,0.73999081726354,5,6,2024.0,1,,New Construction,,3.0,True,True,,N/A,1100000.0,3,8,201,25.71529,-80.32335,False,,1699512.5,8,595.4998462365287
44296580,16313 SW 99th Pl,Miami,FL,33157,729990,SINGLE_FAMILY,2144.0,9225.0,4,3,1961.0,64,,New Construction,Modern/Contemporary,8.0,True,True,,N/A,345000.0,3,5,119,25.617992,-80.3548,False,,609928.5714285715,7,383.4780020151629
44245866,4471 SW 154th Ct,Miami,FL,33185,785000,SINGLE_FAMILY,2086.0,4871.0,4,3,1993.0,32,140.0,,,2.0,True,,,N/A,282000.0,3,8,4,25.72394,-80.44438,False,,653287.5,8,342.65308637529466
43864585,420 SW 15th Rd,Miami,FL,33129,2699999,SINGLE_FAMILY,2980.0,7200.0,3,4,2024.0,1,,New Construction,,1.0,True,True,,N/A,470000.0,3,7,177,25.762524,-80.201614,True,,1152650.0,6,900.7120244837856
44220081,8851 SW 85th St,Miami,FL,33173,925000,SINGLE_FAMILY,1700.0,0.26400367309458,3,2,1965.0,60,,,,1.0,True,,,N/A,,3,7,61,25.691103,-80.33671,False,,1018837.5,8,486.90957453393924
44362735,20007 SW 123rd Dr,Miami,FL,33177,379000,SINGLE_FAMILY,1202.0,1244.0,3,2,1976.0,49,150.0,,,0.0,False,,,N/A,278000.0,3,6,2,25.58017,-80.39188,False,,297039.0,4,262.1586166364141
44326305,11719 SW 113th Ter,Miami,FL,33186,559000,SINGLE_FAMILY,1558.0,3400.0,3,2,1986.0,39,,,,0.0,True,,,N/A,299000.0,3,9,45,25.662792,-80.3845,False,,572042.8571428572,7,371.48333177821326
442004746,5239-5241 NW 4th Ter,Miami,FL,33126,599900,MULTI_FAMILY,1725.0,6950.0,4,2,1930.0,95,,As Is,,,False,,,N/A,,3,5,175,25.776217,-80.277016,False,,834200.0,1,434.0270551508845
44279787,11036 SW 112th Ave,Miami,FL,33176,499000,TOWNHOUSE,1380.0,,2,2,1975.0,50,107.0,,Split Level,2.0,True,,,N/A,249000.0,3,9,43,25.66642,-80.37664,False,2.0,512150.0,6,336.2119689694285
442425687,1451 Brickell Ave #PENTHOUSE 54,Miami,FL,33131,17750000,CONDO,4184.0,,4,5,2017.0,8,9607.0,,,6.0,True,,,N/A,8010509.0,3,7,160,25.75814,-80.19243,False,57.0,1956500.0,9,1290.403642735999
44285223,12121 SW 95th Ave,Miami,FL,33176,2900000,SINGLE_FAMILY,3449.0,0.93000459136823,5,5,1979.0,46,,New Construction,,2.0,True,True,,N/A,1075000.0,3,10,15,25.657341,-80.34832,False,,2907214.285714286,7,671.4221037133651
43833351,555 NE 15th St APT 507,Miami,FL,33132,199000,CONDO,390.0,,0,1,1980.0,45,1160.0,Completely Renovated,,1.0,True,,,N/A,153000.0,3,6,22,25.789865,-80.18571,True,35.0,280287.5,8,335.19949150440095
44278761,11545 SW 96th Ter,Miami,FL,33176,2195000,SINGLE_FAMILY,3614.0,0.4965564738292,5,5,1980.0,45,,Completely Renovated,Split Level,2.0,True,True,,N/A,537000.0,3,9,19,25.678982,-80.381454,False,,1115125.0,8,460.1641150705516
43864672,411 SW 22nd Rd,Miami,FL,33129,1595000,SINGLE_FAMILY,1814.0,6750.0,3,2,1926.0,99,,,,0.0,False,True,,N/A,640000.0,3,7,11,25.759638,-80.206024,False,,1375116.6666666667,6,742.0092575476338
43858042,3170 SW 25th Ter,Miami,FL,33133,925000,MULTI_FAMILY,2307.0,,5,3,1973.0,52,,New Construction,,,False,,,N/A,539000.0,3,6,132,25.743876,-80.24503,False,1.0,823425.0,4,381.28973511300046
44362087,12833 SW 209th Ln,Miami,FL,33177,875000,SINGLE_FAMILY,1723.0,8686.0,4,2,1999.0,26,,,,0.0,False,True,,N/A,617500.0,3,6,34,25.57218,-80.39978,False,,536203.7142857143,7,322.76896043453473
43999650,5701 SW 82nd St,South Miami,FL,33143,3300000,SINGLE_FAMILY,3030.0,0.28714416896235,4,3,2012.0,13,,,,0.0,False,,,N/A,1275000.0,3,10,16,25.69541,-80.28536,False,,2850362.5,8,904.8068282248666
44265316,8485 SW 156th Pl APT 106,Miami,FL,33193,339900,TOWNHOUSE,1484.0,,3,3,1979.0,46,762.0,,,0.0,False,,,N/A,200000.0,3,9,55,25.687767,-80.44518,False,2.0,295534.6666666667,3,208.55896661608188
44182235,1925 SW 82nd Ct,Miami,FL,33155,699000,SINGLE_FAMILY,1546.0,7875.0,3,2,1954.0,71,,,,0.0,False,,,N/A,420000.0,3,8,154,25.752092,-80.328316,False,,618984.125,8,372.77068598525074
43853300,1420 SW 19th St,Miami,FL,33145,945000,SINGLE_FAMILY,1167.0,6426.0,3,2,1941.0,84,,,,0.0,False,,,N/A,780000.0,3,7,30,25.75447,-80.21881,False,,679150.0,4,527.7483583352852
448382504,2692 SW 31st Ave,Miami,FL,33133,849900,SINGLE_FAMILY,1440.0,2263.0,3,3,2024.0,1,,New Construction,,0.0,False,,,N/A,,3,6,33,25.741873,-80.2439,False,,704352.0,5,454.47223843741483
44190559,7388 S Waterway Dr,Miami,FL,33155,749000,SINGLE_FAMILY,1524.0,7150.0,4,3,1952.0,73,,,,0.0,False,,,N/A,340000.0,3,6,3,25.742647,-80.31518,False,,669933.3333333334,6,475.58904951674367
440538645,1420 S Miami Ave #PENTHOUSE 3,Miami,FL,33130,33850900,CONDO,6144.0,,5,7,2028.0,-3,8114.0,Under Construction,,3.0,True,,,N/A,,3,7,210,25.76014,-80.19391,False,80.0,7810900.0,1,2235.5180309101315
44192801,3710 SW 89th Ave,Miami,FL,33165,699000,SINGLE_FAMILY,2121.0,6900.0,3,2,1955.0,70,,,,0.0,False,,,N/A,,3,8,156,25.735527,-80.340004,False,,522140.0,5,439.0236232009911
43860188,3822 Oak Ave,Miami,FL,33133,1350000,MULTI_FAMILY,1632.0,,4,2,1941.0,84,,Updated/Remodeled,,,False,,,N/A,670000.0,3,10,12,25.729263,-80.2555,False,1.0,,0,
43806742,7615 NW 4th Ave,Miami,FL,33150,420000,SINGLE_FAMILY,1100.0,5900.0,3,1,1950.0,75,,,,0.0,False,,,N/A,5000.0,3,5,21,25.844517,-80.20333,False,,448220.0,5,349.5482170155839
44201354,9821 SW 47th St,Miami,FL,33165,575000,SINGLE_FAMILY,828.0,9600.0,2,1,1951.0,74,,,,0.0,False,,,N/A,420000.0,3,9,43,25.724333,-80.35352,False,,667612.5,8,421.7224896786581
43864471,4085 Battersea Rd,Miami,FL,33133,2795000,SINGLE_FAMILY,2708.0,6500.0,4,3,1988.0,37,,,Modern/Contemporary,2.0,True,True,,N/A,1575000.0,3,9,8,25.709812,-80.25901,False,,3357328.5714285714,7,1058.0074988394124
44290397,9755 SW 143rd Dr,Miami,FL,33176,1275000,SINGLE_FAMILY,2645.0,0.35507346189164,4,3,1968.0,57,,,,0.0,False,True,,N/A,600000.0,3,8,92,25.637667,-80.35133,False,,1016471.4285714285,7,414.4286749850602
63614727,3471 Main Hwy APT 726,Miami,FL,33133,11250000,TOWNHOUSE,6152.0,,3,4,2003.0,22,4793.0,,Multi Level,4.0,True,,,N/A,4000000.0,3,9,44,25.725292,-80.24187,False,3.0,3604485.714285714,7,932.9846090414968
43874009,905 Brickell Bay Dr APT 2028,Miami,FL,33131,498000,CONDO,1060.0,,2,2,1968.0,57,808.0,,,1.0,True,,,N/A,195000.0,3,7,451,25.764196,-80.18899,False,20.0,325068.75,8,305.6189469010712
59861689,16477 SW 67th Ter,Miami,FL,33193,979000,SINGLE_FAMILY,2528.0,6380.0,4,3,2002.0,23,40.0,,,2.0,True,True,,N/A,243200.0,3,9,5,25.702635,-80.46073,False,,785087.0,7,300.09234639505263
70773295,801 NW 47th Ave APT 120W,Miami,FL,33126,204900,CONDO,740.0,,2,1,1972.0,53,,,,2.0,True,,,N/A,85000.0,3,6,9,25.779844,-80.27111,False,8.0,187296.875,8,279.86913003458466
351789304,1896 NW 26th St,Miami,FL,33142,1395000,MULTI_FAMILY,4642.0,,10,8,2023.0,2,,New Construction,,,False,,,N/A,,3,3,41,25.79993,-80.22751,False,2.0,686400.0,1,1098.24
43828387,1000 NE Little River Dr,Miami,FL,33138,5500000,SINGLE_FAMILY,3929.0,0.26712580348944,6,7,2017.0,8,,,Modern/Contemporary,2.0,True,True,,N/A,3200000.0,3,5,36,25.846127,-80.17611,True,,1645540.0,5,709.0239837418677
446075074,1750 N Bayshore Dr #PENTHOUSE 5212,Miami,FL,33132,450000,CONDO,791.0,,1,1,2008.0,17,1576.0,,,1.0,True,,,N/A,,3,6,268,25.79251,-80.187126,False,56.0,307811.22222222225,9,423.4300482810106
44234704,1032 SW 124th Ave,Miami,FL,33184,630000,TOWNHOUSE,2200.0,,4,3,1982.0,43,,,,0.0,False,,,N/A,,3,9,18,25.757895,-80.39757,False,2.0,,0,
43827755,765 NE 77th Ter,Miami,FL,33138,2895000,SINGLE_FAMILY,1607.0,9672.0,3,2,1937.0,88,,,Mediterranean,1.0,True,True,,N/A,410000.0,3,7,61,25.846596,-80.18082,False,,4830012.5,8,1083.7963189316797
43850099,2453 SW 17th St,Miami,FL,33145,1119000,MULTI_FAMILY,2211.0,,5,4,1924.0,101,,,,,False,,,N/A,660000.0,3,6,13,25.756311,-80.23542,False,1.0,969700.0,2,344.3906836890644
445784944,2924 Day Ave #PENTHOUSE 4N,Miami,FL,33133,749000,CONDO,848.0,,2,2,1966.0,59,350.0,,,0.0,False,,,N/A,,3,9,41,25.731668,-80.24019,False,4.0,332385.71428571426,7,530.5612576972921
43863576,3470 Poinciana Ave,Miami,FL,33133,8500000,SINGLE_FAMILY,4676.0,10580.0,5,7,2020.0,5,17.0,,,2.0,True,True,,N/A,3800000.0,3,9,387,25.719715,-80.248924,False,,4835928.571428572,7,1377.0825219719047
44299739,11340 SW 155th St,Miami,FL,33157,539000,SINGLE_FAMILY,1316.0,7517.0,3,2,1980.0,45,,,,1.0,True,,,N/A,260000.0,3,6,15,25.623962,-80.3777,False,,589362.5,8,370.5030870871816
2072878878,1611 SW 19th Ter,Miami,FL,33145,998000,MULTI_FAMILY,2256.0,,6,4,1937.0,88,,,,,False,,,N/A,,3,7,5,25.75406,-80.220345,False,2.0,892566.6666666666,3,355.92914157228773
44217808,8405 SW 102nd Pl,Miami,FL,33173,825000,SINGLE_FAMILY,1544.0,8634.0,3,3,1969.0,56,,"Completely Renovated,New Construction",,2.0,True,True,,N/A,340000.0,3,7,87,25.690596,-80.35881,False,,756937.5,8,423.0884755183323
80789203,18110 SW 102nd Ave,Miami,FL,33157,485000,SINGLE_FAMILY,864.0,7821.0,3,1,1939.0,86,,,,0.0,False,,,N/A,359000.0,3,8,272,25.60111,-80.35712,False,,245402.25,4,190.47418341492215
247699008,201 SW 17th Rd UNIT 602,Miami,FL,33129,480000,CONDO,980.0,,2,2,2016.0,9,1261.0,,,1.0,True,True,,N/A,450000.0,3,7,237,25.75992,-80.198265,False,10.0,220375.0,8,217.00405768470108
43847781,3324 SW 20th St,Miami,FL,33145,800000,SINGLE_FAMILY,1601.0,6280.0,3,2,1949.0,76,,,,0.0,False,True,,N/A,,3,9,9,25.751652,-80.24992,False,,792937.5,8,573.5704097590888
43865111,1220 SW 13th St,Miami,FL,33145,990000,SINGLE_FAMILY,1567.0,5750.0,3,2,1955.0,70,,,,1.0,True,,,N/A,,3,7,26,25.760626,-80.21483,False,,955900.0,7,656.0006601558538
2069225578,8420 SW 133rd Avenue Rd APT 406,Miami,FL,33183,324900,CONDO,1040.0,,3,2,1981.0,44,408.0,,,0.0,False,,,N/A,,3,8,120,25.68863,-80.41348,False,5.0,259312.5,8,267.5337291954637
62926095,1525 NW 19th Ter APT 25,Miami,FL,33125,149000,CONDO,496.0,,1,1,1971.0,54,150.0,,,0.0,False,,,N/A,147000.0,3,3,89,25.794125,-80.222015,False,2.0,159150.0,6,336.1661245767243
156304319,9750 SW 92nd Ter,Miami,FL,33176,1250000,SINGLE_FAMILY,3206.0,8795.0,4,4,2000.0,25,,,,2.0,True,,,N/A,590000.0,3,7,8,25.68303,-80.352646,False,,1066540.0,5,419.1128254396679
44226068,7240 SW 53rd Ave,Miami,FL,33143,2850000,SINGLE_FAMILY,2858.0,9375.0,4,5,1965.0,60,,,,1.0,True,True,,N/A,850000.0,3,10,7,25.703398,-80.27915,False,,3110183.3333333335,6,956.8201386546453
43846526,5117 SW 7th St,Miami,FL,33134,795000,SINGLE_FAMILY,2057.0,7800.0,4,3,1951.0,74,,,,0.0,False,,,N/A,795000.0,3,5,15,25.764973,-80.27753,False,,678785.7142857143,7,435.7936634085305
44296305,9780 SW 167th St,Miami,FL,33157,534000,SINGLE_FAMILY,1089.0,10450.0,3,1,1959.0,66,,,,0.0,False,,,N/A,367200.0,3,6,144,25.614344,-80.3509,False,,540480.0,5,407.9530346901551
44276591,8841 SW 103rd St,Miami,FL,33176,2449000,SINGLE_FAMILY,4170.0,0.53106060606061,6,6,1988.0,37,279.0,,,2.0,True,True,,N/A,820000.0,3,7,36,25.674576,-80.33783,False,,2092975.0,8,530.1509843262572
44360415,11931 SW 192nd Ter,Miami,FL,33177,679900,SINGLE_FAMILY,1610.0,10184.0,3,2,1987.0,38,,,,0.0,False,True,,N/A,,3,5,114,25.588194,-80.3858,False,,548537.5,8,389.4767668076332
64680907,8440 SW 150th Ave #7,Miami,FL,33193,475000,CONDO,1230.0,,3,2,2005.0,20,350.0,,,2.0,True,,,N/A,300000.0,3,9,47,25.68718,-80.43698,False,0.0,,0,
43855585,3566 Rockerman Rd,Miami,FL,33133,4650000,SINGLE_FAMILY,3370.0,7053.0,6,5,1960.0,65,,,,0.0,False,,,N/A,,3,9,131,25.735134,-80.22662,False,,4739028.571428572,7,1021.5156247995067
44210563,6741 SW 91st Ave,Miami,FL,33173,1275000,SINGLE_FAMILY,2074.0,9702.0,4,2,1964.0,61,,,,2.0,True,,,N/A,599000.0,3,9,13,25.70611,-80.34131,False,,960475.0,8,464.09238651196506
44211362,9890 SW 64th St,Miami,FL,33173,7000000,SINGLE_FAMILY,5620.0,1.017,5,6,2024.0,1,,New Construction,,2.0,True,True,,N/A,660000.0,3,9,52,25.708382,-80.35401,False,,1440125.0,8,429.2790721478388
44280226,10641 SW 108th Ave APT 4E,Miami,FL,33176,249900,CONDO,911.0,,2,2,1975.0,50,375.0,,Old Spanish,0.0,False,,,N/A,150000.0,3,9,195,25.670065,-80.36951,False,4.0,230778.57142857142,7,241.04270283219572
44299404,11304 SW 165th Ter,Miami,FL,33157,599000,SINGLE_FAMILY,1558.0,7500.0,3,2,1980.0,45,,New Construction,,1.0,True,,,N/A,180000.0,3,5,166,25.614853,-80.375755,False,,556312.5,8,370.2075090740333
44188141,5736 SW 31st St,Miami,FL,33155,1300000,SINGLE_FAMILY,1160.0,8708.0,3,2,1950.0,75,,,,1.0,True,True,,N/A,825000.0,3,8,27,25.741917,-80.28772,False,,1135837.5,8,574.1432055888556
155730374,1612 NW 51st Ter,Miami,FL,33142,385000,SINGLE_FAMILY,1195.0,5500.0,4,1,1924.0,101,,,,0.0,False,,,N/A,150000.0,3,5,9,25.821962,-80.22382,False,,388883.3333333333,6,355.11592666057913
2059523623,0 Miami St,Miami,FL,33157,399000,SINGLE_FAMILY,774.0,10500.0073,2,1,1949.0,76,,,,,False,,,N/A,,3,5,206,25.607672,-80.37497,False,,674771.4285714285,7,389.07287076393226
44258366,14205 SW 57th Lane #5-A-6,Miami,FL,33183,420000,TOWNHOUSE,1300.0,0.0,3,3,1984.0,41,521.0,Resale,Other Arch,0.0,False,,,N/A,215000.0,3,10,21,25.713442,-80.42359,False,2.0,385200.0,2,324.7086894586895
44280867,10619 SW 113th Pl #88B,Miami,FL,33176,409000,CONDO,1400.0,,3,2,1977.0,48,761.0,,,0.0,False,,,N/A,330700.0,3,9,87,25.670612,-80.378105,False,2.0,435000.0,1,324.14307004470936
443416678,11256 SW 116th Ln #11256,Miami,FL,33176,479900,TOWNHOUSE,1234.0,,3,2,1978.0,47,100.0,,,0.0,False,,,N/A,,3,9,121,25.659956,-80.378815,False,1.0,456383.3333333333,6,412.0451017546537
44240282,12700 SW 27th St,Miami,FL,33175,1300000,SINGLE_FAMILY,2856.0,0.30169880624426,6,4,1985.0,40,,,,2.0,True,True,,N/A,175000.0,3,6,4,25.74316,-80.40036,False,,1018614.2857142857,7,381.9698593938933
44348554,11720 SW 187th St,Miami,FL,33177,540000,SINGLE_FAMILY,1073.0,7500.0,4,2,1957.0,68,,,,0.0,False,,,N/A,185400.0,3,5,246,25.594496,-80.38131,False,,503637.5,8,349.818701206602
44178722,1715 SW 102nd Ct,Miami,FL,33165,866000,SINGLE_FAMILY,2183.0,8590.0,4,4,1970.0,55,,,,0.0,False,,,N/A,440000.0,3,8,16,25.753466,-80.36057,False,,702051.25,8,334.45550823961264
44357765,18375 SW 212th Street,Miami,FL,33187,875000,SINGLE_FAMILY,1485.0,1.1699954086318,2,3,1976.0,49,,Resale,,0.0,False,,,N/A,255000.0,3,5,45,25.568949,-80.48989,False,1.0,842562.5,8,372.1021656148397
43865591,990 SW 11th St,Miami,FL,33129,1150000,SINGLE_FAMILY,1106.0,6225.0,3,2,1940.0,85,,,,1.0,True,True,,N/A,1100000.0,3,7,16,25.762793,-80.21091,False,,1061142.857142857,7,654.0834074865597
43830038,4740 Bay Point Road,Miami,FL,33137,5300000,SINGLE_FAMILY,3985.0,0.31648301193756,5,6,2021.0,4,353.0,Resale,,4.0,True,True,,N/A,3000000.0,3,7,13,25.819672,-80.187294,False,1.0,4446685.714285715,7,1111.8366004210204
306398951,801 S Miami Ave UNIT 4802,Miami,FL,33130,1200000,CONDO,1119.0,,2,3,2018.0,7,1851.0,,,1.0,True,,,N/A,960000.0,3,7,30,25.76599,-80.1931,False,57.0,867833.3333333334,9,769.9862133669168
82059666,133 NE 2nd Ave APT 501,Miami,FL,33132,339900,CONDO,950.0,,1,1,2007.0,18,885.0,New Construction,,1.0,True,,,N/A,210000.0,3,6,100,25.775953,-80.19019,False,36.0,283222.5,8,376.3276536344797
44275316,9033 SW 78th Pl,Miami,FL,33156,948000,SINGLE_FAMILY,2320.0,2800.0,3,3,1977.0,48,300.0,,,0.0,False,,,N/A,390000.0,3,7,57,25.68602,-80.32266,False,,755801.0,8,373.18239463586985
117595175,545 NE 55th Ter,Miami,FL,33137,4290000,SINGLE_FAMILY,3741.0,6600.0,4,6,2022.0,3,,,,1.0,True,True,,N/A,2640000.0,3,7,20,25.827194,-80.183815,False,,2176612.5,8,828.6270817614592
2125046644,12254 SW 215th Ter,Miami,FL,33177,419000,TOWNHOUSE,1182.0,,3,2,2005.0,20,249.0,,,2.0,True,,,N/A,130000.0,3,6,63,25.566534,-80.390076,False,1.0,445033.3333333333,3,380.9882722250374
43999190,6624 Mimosa Ct,South Miami,FL,33143,1650000,SINGLE_FAMILY,2768.0,5673.0,3,3,1989.0,36,400.0,,,2.0,True,,,N/A,770000.0,3,9,33,25.708878,-80.300026,False,,1377894.5714285714,7,481.4122113257898
92436880,200 Biscayne Boulevard Way APT 3307,Miami,FL,33131,1250000,CONDO,1500.0,,2,3,2008.0,17,2299.0,,,1.0,True,,,N/A,835000.0,3,6,3,25.77043,-80.18916,False,52.0,926214.2857142857,7,665.8191604297775
156206269,11410 SW 52nd St,Miami,FL,33165,799900,SINGLE_FAMILY,1405.0,7800.0,5,3,1957.0,68,,,,0.0,False,,,N/A,320000.0,3,7,28,25.718582,-80.37956,False,,658162.5,8,427.83338248492754
43852784,1114 SW 11th Ave,Miami,FL,33129,1100000,SINGLE_FAMILY,2100.0,5000.0,5,3,1928.0,97,,,,0.0,False,True,,N/A,800000.0,3,7,22,25.762564,-80.21284,False,,443271.5,2,366.91372858073123
44235554,11750 SW 18th St APT 230-1,Miami,FL,33175,359900,CONDO,1294.0,,4,2,1984.0,41,438.0,,,0.0,False,,,N/A,195000.0,3,9,345,25.750921,-80.38611,False,5.0,181472.22222222222,9,215.30581725293106
44207858,6615 SW 47th St,Miami,FL,33155,1499000,SINGLE_FAMILY,2072.0,0.32520661157025,3,4,1955.0,70,,,,0.0,False,True,,N/A,1200000.0,3,8,28,25.727043,-80.30179,False,,1209675.0,8,582.1358872616388
72572935,7256 SW 94th Pl APT A7,Miami,FL,33173,242000,CONDO,763.0,,2,2,1968.0,57,505.0,,,0.0,False,,,N/A,250000.0,3,9,293,25.700584,-80.34802,False,2.0,246185.7142857143,7,335.17323897402537
43997466,6394 SW 43rd St,South Miami,FL,33155,819000,SINGLE_FAMILY,1697.0,6200.0,3,2,1947.0,78,,,,0.0,False,,,N/A,372000.0,3,9,58,25.730618,-80.29849,False,,887287.5,8,578.875284936625
44331758,15045 SW 127th Ct,Miami,FL,33186,514999,TOWNHOUSE,1917.0,,3,3,1984.0,41,192.0,Updated/Remodeled,,0.0,False,,,N/A,255000.0,3,8,23,25.629118,-80.39598,False,1.0,447666.6666666667,6,314.17503210479595
44180907,1740 SW 92nd Ct,Miami,FL,33165,735000,SINGLE_FAMILY,1571.0,8640.0,3,2,1959.0,66,,,,1.0,True,,,N/A,,3,8,40,25.753067,-80.344894,False,,697512.5,8,467.1226077657674
82420843,111 E Flagler St APT 906,Miami,FL,33131,289000,CONDO,553.0,,1,1,1951.0,74,610.0,,,0.0,False,,,N/A,155000.0,3,6,215,25.774426,-80.19176,False,15.0,315062.5,8,389.1849367165733
47078409,1500 Sunset Rd APT G7,Tarpon Springs,FL,34689,270000,TOWNHOUSE,,,2,2,1984.0,41,487.0,,,0.0,False,,,N/A,119900.0,3,9,216,25.705935,-80.35227,False,1.0,,0,
64621846,770 Claughton Island Dr PENTHOUSE 21,Miami,FL,33131,399000,CONDO,,,1,1,1990.0,35,1125.0,,,1.0,True,,,N/A,190000.0,3,7,91,25.76528,-80.184715,False,23.0,494575.0,4,582.5149942184155
43853973,1666 Tigertail Ave,Miami,FL,33133,5495000,SINGLE_FAMILY,3379.0,0.30704775022957,5,7,1956.0,69,,,Modern/Contemporary,1.0,True,True,,N/A,2778500.0,3,9,177,25.742182,-80.22105,False,,2494442.8571428573,7,891.3770331137051
44266759,15346 SW 72nd St #2211,Miami,FL,33193,249900,CONDO,750.0,,2,2,1981.0,44,300.0,,,1.0,True,,,N/A,49000.0,3,7,303,25.698772,-80.44217,False,0.0,214260.0,5,285.67999999999995
70764860,7410 SW 82nd St APT K405,Miami,FL,33143,200000,CONDO,700.0,,1,1,1968.0,57,510.0,,,1.0,True,,,N/A,45000.0,3,9,124,25.693846,-80.314064,False,4.0,174092.7142857143,7,195.55761904761903
44211386,9700 SW 66th Street,Miami,FL,33173,3795000,SINGLE_FAMILY,4226.0,1.0329889807163,5,4,1996.0,29,,Resale,Traditional,2.0,True,True,,N/A,2150000.0,3,9,150,25.70672,-80.35094,False,2.0,1364400.0,8,362.8490728345357
308907739,1000 Biscayne Blvd UNIT 5101,Miami,FL,33132,24000000,CONDO,10338.0,,5,7,2019.0,6,18800.0,,,4.0,True,,,N/A,18500000.0,3,6,21,25.78417,-80.19008,False,62.0,8822222.222222222,9,1620.5235445901687
44330400,14481 SW 150th St,Miami,FL,33186,899000,SINGLE_FAMILY,2925.0,7875.0,5,4,1991.0,34,,,,0.0,False,True,,N/A,700000.0,3,9,9,25.627926,-80.42825,False,,676933.75,8,291.13357289971947
44332454,14451 SW 122nd Pl #1102,Miami,FL,33186,299000,CONDO,770.0,,1,1,1991.0,34,370.0,,,0.0,False,,,N/A,170000.0,3,8,57,25.633362,-80.391045,False,1.0,260625.0,4,359.7321428571429
44298621,10772 SW 165th Ter,Miami,FL,33157,629000,SINGLE_FAMILY,3296.0,8480.0,4,4,1972.0,53,,,,2.0,True,,,N/A,,3,5,13,25.615402,-80.36778,False,,646437.5,8,314.8900184793374
43827223,1090 NE 81st St,Miami,FL,33138,969000,SINGLE_FAMILY,1835.0,5668.0,4,2,1977.0,48,,Updated/Remodeled,Modern/Contemporary,0.0,False,,,N/A,380000.0,3,5,193,25.849438,-80.174675,False,,814460.0,5,507.13334617149565
43821126,3635 NW 12th St,Miami,FL,33125,784000,SINGLE_FAMILY,2480.0,6300.0,5,3,1988.0,37,,As Is,,0.0,False,,,N/A,,3,4,53,25.783367,-80.239426,False,,,0,
44187148,6425 SW 27th St,Miami,FL,33155,1795000,SINGLE_FAMILY,3216.0,7500.0,4,4,2018.0,7,,,Modern/Contemporary,2.0,True,True,,N/A,1310000.0,3,6,9,25.745495,-80.299995,False,,1013275.0,8,432.66493639045194
66173072,2752 SW 11th St,Miami,FL,33135,990000,SINGLE_FAMILY,1620.0,2500.0,3,3,2003.0,22,,,Modern/Contemporary,2.0,True,,,N/A,315000.0,3,6,8,25.761932,-80.239845,False,,624240.0,5,359.084732155008
44162727,2775 NW 31st St,Miami,FL,33142,780000,MULTI_FAMILY,2293.0,,5,3,1971.0,54,,,,,False,,,N/A,450000.0,3,6,15,25.80471,-80.24166,False,1.0,368600.0,3,365.80957708199384
43835918,101 SW 59th Ct,Miami,FL,33144,700000,SINGLE_FAMILY,1342.0,7645.0,3,2,1951.0,74,,,,0.0,False,,,N/A,550000.0,3,6,82,25.769638,-80.29241,False,,592057.1428571428,7,384.9475322836273
43863712,3630 N Bayhomes Dr,Miami,FL,33133,5350000,SINGLE_FAMILY,4070.0,9212.0,5,6,2019.0,6,,,,2.0,True,True,,N/A,3300000.0,3,9,30,25.714401,-80.25193,False,,3132725.0,8,1019.3393657969317
44305687,9624 SW 117th Ct,Miami,FL,33186,1049000,SINGLE_FAMILY,2630.0,0.25252525252525,3,3,1987.0,38,,,,,False,,,N/A,230000.0,3,9,4,25.677937,-80.38564,False,,831987.5,8,404.6357546708568
44273210,8500 SW 133rd Avenue Rd APT 415,Miami,FL,33183,267400,CONDO,965.0,,2,2,1981.0,44,166.0,,,0.0,False,,,N/A,155000.0,3,8,30,25.689177,-80.41253,False,4.0,126975.0,6,146.22380234936736
44327455,14853 SW 152nd Pl,Miami,FL,33196,815000,SINGLE_FAMILY,2098.0,0.29843893480257,4,3,1989.0,36,170.0,,,6.0,True,True,,N/A,575000.0,3,9,104,25.62953,-80.44035,False,,706875.125,8,228.64717998179935
43860947,3390 Oak Ave,Miami,FL,33133,3349000,SINGLE_FAMILY,4081.0,5366.0,4,5,2024.0,1,,New Construction,,0.0,False,True,,N/A,650000.0,3,9,152,25.72972,-80.248184,False,,1541714.2857142857,7,1697.4731118988036
44250582,13210 SW 47th St,Miami,FL,33175,947999,SINGLE_FAMILY,2606.0,7800.0,4,2,1986.0,39,,Updated/Remodeled,,1.0,True,True,,N/A,500000.0,3,8,26,25.72175,-80.40786,False,,752875.0,8,374.80646621289947
43840918,22 NW 31st Ave,Miami,FL,33125,564000,SINGLE_FAMILY,1080.0,6298.0,3,2,1940.0,85,,,,,False,,,N/A,,3,6,56,25.772633,-80.245995,False,,501600.0,4,373.4115379585627
44177990,10041 SW 14th Ter,Miami,FL,33174,665000,SINGLE_FAMILY,1415.0,7500.0,4,2,1961.0,64,,,,0.0,False,,,N/A,145000.0,3,8,9,25.755997,-80.35882,False,,712887.5,8,384.7190063738998
43831743,851 N Venetian Dr,Miami Beach,FL,33139,30000000,SINGLE_FAMILY,3047.0,0.60261707988981,4,4,1950.0,75,,,,0.0,False,True,,N/A,5200000.0,3,10,21,25.790794,-80.17807,False,,7714416.666666667,6,1607.3164383031128
43854016,1616 Onaway Dr,Miami,FL,33133,9950000,SINGLE_FAMILY,0.0,0.26515151515152,8,9,2025.0,0,,"New Construction,Under Construction",,0.0,False,True,,N/A,2000000.0,3,9,22,25.744467,-80.21891,False,,2998962.5,8,908.2800162690294
58454247,10390 SW 62nd St,Miami,FL,33173,3400000,SINGLE_FAMILY,4612.0,0.75,4,5,2002.0,23,,,,2.0,True,True,,N/A,2475000.0,3,9,89,25.709812,-80.36245,False,,2089785.7142857143,7,510.960026057851
44201280,4651 SW 97th Ct,Miami,FL,33165,959999,SINGLE_FAMILY,1833.0,0.32114325068871,4,2,1952.0,73,,,Modern/Contemporary,0.0,False,True,,N/A,800000.0,3,9,36,25.72413,-80.35198,False,,617542.8571428572,7,509.77986948111055
82418181,41 SE 5th St APT 1717,Miami,FL,33131,749999,CONDO,1267.0,,2,2,2006.0,19,1110.0,,,1.0,True,True,,N/A,750000.0,3,7,215,25.769062,-80.19182,True,42.0,600433.3333333334,9,504.9902015161749
44285859,9781 SW 121st St,Miami,FL,33176,1925000,SINGLE_FAMILY,2667.0,0.34435261707989,4,4,1972.0,53,,,,2.0,True,True,,N/A,837000.0,3,10,19,25.657526,-80.35276,False,,1020237.5,8,436.4826138702211
44274112,11919 SW 72nd Ter,Miami,FL,33183,1550000,SINGLE_FAMILY,2548.0,0.39944903581267,4,3,1993.0,32,300.0,,,2.0,True,True,,N/A,700000.0,3,8,44,25.700468,-80.38596,False,,1462737.5,8,466.27760407782233
443090851,1618 NW 38th St,Miami,FL,33142,249000,SINGLE_FAMILY,1024.0,,3,2,2003.0,22,299.0,,,0.0,False,,,N/A,,3,5,142,25.810686,-80.223305,False,,,0,
44164954,881 NW 132nd Pl,Miami,FL,33182,644000,SINGLE_FAMILY,1543.0,5010.0,3,2,1988.0,37,,,,0.0,False,,,N/A,23400.0,3,9,126,25.777378,-80.40993,False,,626119.375,8,350.4495190258451
44210349,9351 SW 62nd St,Miami,FL,33173,925000,SINGLE_FAMILY,1645.0,7875.0,4,2,1969.0,56,,,,0.0,False,True,,N/A,698000.0,3,8,23,25.711063,-80.34597,False,,891587.5,8,439.7789578586028
70787448,8600 SW 109th Ave #4-107,Miami,FL,33173,255000,CONDO,945.0,,2,2,1969.0,56,724.0,,,0.0,False,,,N/A,153400.0,3,9,8,25.688597,-80.37069,False,2.0,248857.14285714287,7,262.04763135146686
44331260,13224 SW 146th St,Miami,FL,33186,798000,SINGLE_FAMILY,2544.0,4560.0,4,3,2000.0,25,337.0,,,2.0,True,True,,N/A,185900.0,3,8,19,25.632048,-80.40461,False,,749912.5,8,335.0508639379128
83159603,350 NE 24th St APT 710,Miami,FL,33137,399000,CONDO,948.0,,2,2,2008.0,17,1133.0,,,1.0,True,,,N/A,300000.0,3,6,56,25.800152,-80.18868,False,15.0,351942.5,8,398.0310884895317
43998005,6532 SW 59th Ct,South Miami,FL,33143,749000,MULTI_FAMILY,616.0,,2,2,1962.0,63,,Fixer,,,False,,,N/A,375000.0,3,9,8,25.71018,-80.29034,False,1.0,2550.0,1,4.1396103896103895
247679807,88 SW 7th St APT 712,Miami,FL,33130,1285000,CONDO,1645.0,,3,4,2016.0,9,2696.0,New Construction,,1.0,True,,,N/A,1250000.0,3,7,123,25.767174,-80.19463,False,43.0,868827.6666666666,9,707.2067961920226
44226444,4950 SW 82nd St,Miami,FL,33143,6450000,SINGLE_FAMILY,4047.0,0.85,4,4,1965.0,60,,,,2.0,True,True,,N/A,2225000.0,3,10,54,25.695309,-80.27406,False,,8041839.166666667,6,1321.0835375743893
43859279,2710 SW 31st Ave,Miami,FL,33133,1490000,SINGLE_FAMILY,2900.0,8400.0,5,5,1978.0,47,,Updated/Remodeled,,2.0,True,True,,N/A,,3,6,84,25.741545,-80.243805,False,,427080.0,2,296.4320968412303
123870196,31 SE 6th St UNIT 2002,Miami,FL,33131,625000,CONDO,1016.0,,2,2,2014.0,11,1694.0,,,1.0,True,,,N/A,390000.0,3,7,31,25.768562,-80.1919,False,28.0,506333.3333333333,3,527.3858683763273
92441379,244 Biscayne Blvd UNIT 2308,Miami,FL,33132,499000,CONDO,1006.0,,2,2,2008.0,17,1230.0,As Is,,1.0,True,,,N/A,368000.0,3,6,110,25.776989,-80.1888,False,49.0,456283.3333333333,6,586.247109217606
156218574,9611 SW 58th St,Miami,FL,33173,745000,SINGLE_FAMILY,1527.0,8056.0,3,2,1968.0,57,,,Ranch,0.0,False,,,N/A,210000.0,3,8,218,25.714544,-80.35031,False,,743462.5,8,443.27558304049603
44350280,17641 SW 115th Ave,Miami,FL,33157,485000,SINGLE_FAMILY,1093.0,5626.0,3,2,1988.0,37,,,,0.0,False,,,N/A,,3,5,36,25.604414,-80.37902,False,,511443.0,8,367.74851938849577
44188949,3810 SW 61st Ave,Miami,FL,33155,995000,SINGLE_FAMILY,1830.0,5250.0,4,3,1956.0,69,,,,0.0,False,,,N/A,860000.0,3,9,90,25.735703,-80.29421,False,,704512.5,8,454.4295147966633
44330871,12841 SW 146th Ln,Miami,FL,33186,500000,SINGLE_FAMILY,1380.0,4000.0,2,2,1988.0,37,34.0,,,1.0,True,,,N/A,228000.0,3,8,41,25.63161,-80.40018,False,,487872.4285714286,7,339.8400203150277
449350144,35781 SW 178th Pl,Miami,FL,33034,394090,TOWNHOUSE,1414.0,,3,3,2025.0,0,222.0,"New Construction,Under Construction",,1.0,True,,,N/A,,3,8,6,25.603888,-80.36424,False,2.0,393290.0,2,274.6216268827408
44302228,10541 SW 184th St,Miami,FL,33157,650000,MULTI_FAMILY,1325.0,,3,1,1961.0,64,,,,,False,,,N/A,,3,8,30,25.598501,-80.363525,False,1.0,596041.6666666666,6,405.5821758683062
44301921,10370 SW 174th Ter,Miami,FL,33157,595000,SINGLE_FAMILY,1602.0,5550.0,5,3,1971.0,54,,,,0.0,False,,,N/A,389900.0,3,8,60,25.607224,-80.36034,False,,397053.8,5,340.6116111729983
44298187,16313 SW 103rd Pl,Miami,FL,33157,685000,SINGLE_FAMILY,1985.0,8250.0,4,2,1975.0,50,,,,2.0,True,True,,N/A,506800.0,3,7,20,25.617743,-80.36057,False,,636375.0,8,357.9388788926003
44301771,10215 SW 172nd St,Miami,FL,33157,490000,SINGLE_FAMILY,720.0,8325.0,3,1,1949.0,76,,,,0.0,False,,,N/A,265000.0,3,6,9,25.609957,-80.357574,False,,398357.4285714286,7,360.7195956527216
44198941,4240 SW 112th Ave,Miami,FL,33165,610000,SINGLE_FAMILY,1227.0,7500.0,3,1,1955.0,70,,,,0.0,False,,,N/A,,3,6,77,25.728369,-80.37579,False,,630362.5,8,360.27671420720696
43808029,286 NW 57th St,Miami,FL,33127,695000,SINGLE_FAMILY,1717.0,7100.0,4,2,1949.0,76,,,,2.0,True,True,,N/A,285000.0,3,5,161,25.827692,-80.20187,False,,352550.0,4,404.619685131947
308909039,13230 SW 231st St,Goulds,FL,33170,1100000,SINGLE_FAMILY,2603.0,0.30596877869605,5,4,2020.0,5,,New Construction,,2.0,True,True,,N/A,530000.0,3,6,156,25.55211,-80.40563,False,,920642.8571428572,7,350.26429640764667
43808399,5801 NW 1st Ave,Miami,FL,33127,495000,MULTI_FAMILY,1200.0,,2,2,1952.0,73,,Updated/Remodeled,,,False,,,N/A,230000.0,3,5,13,25.828896,-80.19755,False,1.0,495950.0,2,650.7491987179487
44239312,2915 SW 127th Ave,Miami,FL,33175,730000,SINGLE_FAMILY,1736.0,8000.0,3,2,1967.0,58,,,,2.0,True,,,N/A,,3,6,34,25.74093,-80.399765,False,,604987.5,8,384.74521946135985
70787280,3901 SW 109th Ave #11,Miami,FL,33165,227000,TOWNHOUSE,629.0,,1,1,1971.0,54,251.0,,,2.0,True,,,N/A,40000.0,3,9,121,25.733139,-80.37158,False,2.0,,0,
43830291,260 NE 48th Ter,Miami,FL,33137,1395000,SINGLE_FAMILY,1540.0,7000.0,4,2,1946.0,79,,,,2.0,True,True,,N/A,715000.0,3,5,198,25.819794,-80.190125,True,,840062.5,8,588.612362116476
162032696,600 NE 27th St APT 1102,Miami,FL,33137,975000,CONDO,1435.0,,3,3,2015.0,10,1305.0,,,2.0,True,True,,N/A,740000.0,3,6,58,25.80263,-80.187065,False,38.0,669559.625,8,446.36347189558904
43853910,3551 E Glencoe St,Miami,FL,33133,2399000,SINGLE_FAMILY,2189.0,7650.0,4,3,1957.0,68,,,,2.0,True,True,,N/A,435000.0,3,9,216,25.740498,-80.21756,False,,3650000.0,1,1070.067428906479
44256416,13922 Kendale Lakes Dr,Miami,FL,33183,497500,TOWNHOUSE,933.0,,3,2,1972.0,53,,,,0.0,False,,,N/A,102500.0,3,9,46,25.701706,-80.41911,False,1.0,430000.0,6,415.94477176291207
43864014,4031 Ventura Ave,Miami,FL,33133,1395000,SINGLE_FAMILY,883.0,5950.0,2,1,1938.0,87,,Fixer,,0.0,True,True,,N/A,106700.0,3,9,17,25.718647,-80.25774,False,,2899400.0,8,965.4156094588578
70776585,335 Biscayne Blvd #1906,Miami,FL,33131,390000,CONDO,507.0,,0,1,2005.0,20,578.0,Updated/Remodeled,,1.0,True,,,N/A,255000.0,3,6,0,25.771448,-80.18636,True,42.0,468005.55555555556,9,443.89489980312123
43854876,2427 SW 23rd St,Miami,FL,33145,945000,SINGLE_FAMILY,1181.0,5600.0,3,3,1937.0,88,,,,0.0,False,,,N/A,540000.0,3,6,23,25.749058,-80.23461,False,,953750.0,6,580.5164978016331
43828696,548 NE 70th St,Miami,FL,33138,1275000,SINGLE_FAMILY,1696.0,5100.0,3,2,2012.0,13,,,Modern/Contemporary,0.0,False,True,,N/A,100000.0,3,7,9,25.839394,-80.18542,False,,627975.0,4,399.51187304916243
43861058,3220 Frow Ave,Miami,FL,33133,1175000,SINGLE_FAMILY,1686.0,5000.0,3,2,1952.0,73,,,,0.0,False,,,N/A,28000.0,3,9,2,25.729063,-80.24588,False,,865414.2857142857,7,565.2677130185206
448397490,3127 Jackson Ave,Miami,FL,33133,1799000,TOWNHOUSE,2410.0,,3,3,1997.0,28,,Updated/Remodeled,,1.0,True,,,N/A,,3,9,32,25.734701,-80.244415,False,1.0,1277000.0,4,626.7793821171015
413285552,7482 SW 73rd Pl,Miami,FL,33143,4268000,SINGLE_FAMILY,5644.0,0.31352157943067,7,6,2024.0,1,445.0,Under Construction,,3.0,True,True,,N/A,,3,9,254,25.700483,-80.31342,False,,2247878.0,7,622.217494058387
121346060,4720 SW 76th Ter,Miami,FL,33143,6495000,SINGLE_FAMILY,4507.0,0.26065197428834,4,5,2012.0,13,,,,2.0,True,True,,N/A,3475000.0,3,10,29,25.70068,-80.26946,False,,4028700.0,7,1141.5609828888103
43857232,2724 SW 34th Ct,Miami,FL,33133,1275000,MULTI_FAMILY,2581.0,,6,4,1946.0,79,,,Old Spanish,,False,,,N/A,840000.0,3,6,10,25.74126,-80.250824,False,1.0,591120.0,5,409.1593549937084
43829225,467 NE 55th Ter,Miami,FL,33137,2695000,SINGLE_FAMILY,2118.0,6120.0,4,4,1934.0,91,,,,2.0,True,True,,N/A,669720.0,3,7,82,25.827143,-80.185524,False,,1759114.2857142857,7,783.8729538012582
44236336,1350 SW 122nd Ave APT 115,Miami,FL,33184,274900,CONDO,1170.0,,2,2,1983.0,42,551.0,,,0.0,False,,,N/A,115000.0,3,9,159,25.75565,-80.39303,False,4.0,305600.0,9,261.1965811965812
43825557,1368 NW 24th Ave #1368,Miami,FL,33125,345000,TOWNHOUSE,1160.0,,3,2,1995.0,30,330.0,,,2.0,True,,,N/A,315000.0,3,3,36,25.785313,-80.23592,False,2.0,,0,
72569256,16226 SW 57th Ln,Miami,FL,33193,535000,TOWNHOUSE,1823.0,,4,3,2007.0,18,180.0,As Is,,1.0,True,,,N/A,2300.0,3,9,7,25.711468,-80.45578,False,2.0,525583.3333333334,6,258.1389569814335
44240389,2739 SW 131st Pl,Miami,FL,33175,630000,SINGLE_FAMILY,1528.0,6450.0,3,2,1986.0,39,,,,0.0,False,,,N/A,21600.0,3,6,40,25.7421,-80.40887,False,,535344.0,8,301.85984924641707
44228739,30 SW 136th Ave,Miami,FL,33184,1150000,SINGLE_FAMILY,2558.0,7875.0,4,3,1985.0,40,,,Old Spanish,2.0,True,True,,N/A,770000.0,3,9,26,25.766844,-80.41484,False,,884487.5,8,378.4928052902314
43817161,2655 NW 14th Ave,Miami,FL,33142,315000,SINGLE_FAMILY,762.0,2425.0,2,1,1947.0,78,,,,2.0,True,,,N/A,,3,3,175,25.801176,-80.219246,False,,364975.0,4,302.58453243330047
44208440,6440 SW 42nd St,Miami,FL,33155,999000,SINGLE_FAMILY,1418.0,6420.0,3,2,1947.0,78,,,,0.0,False,,,N/A,779000.0,3,9,77,25.731808,-80.299614,False,,770312.5,8,476.0533621708395
43856692,2803 Crystal Ct,Miami,FL,33133,6775000,SINGLE_FAMILY,5793.0,9000.0,5,6,2018.0,7,,,,2.0,True,True,,N/A,570000.0,3,9,31,25.741804,-80.22486,False,,999383.3333333334,6,583.9450977832006
70774900,2699 Tigertail Ave APT 23,Miami,FL,33133,1150000,CONDO,1469.0,,2,3,2005.0,20,1254.0,,,1.0,True,,,N/A,482500.0,3,9,19,25.732204,-80.2372,False,5.0,1072328.5714285714,7,645.3978378783492
44288847,11500 SW 142nd St,Miami,FL,33176,575000,SINGLE_FAMILY,1368.0,8600.0,4,2,1959.0,66,,,,0.0,False,,,N/A,,3,9,24,25.636486,-80.38068,False,,495142.85714285716,7,356.79136116518356
449035973,10048 SW 228th Ter #10048,Miami,FL,33190,448000,TOWNHOUSE,1668.0,,3,3,2021.0,4,252.0,,,0.0,False,,,N/A,,3,5,14,25.553623,-80.35407,False,2.0,435614.28571428574,7,306.93135865746734
246273884,7400 SW 124th Ct,Miami,FL,33183,1800000,SINGLE_FAMILY,3179.0,0.31763085399449,5,4,2017.0,8,,,,2.0,True,True,,N/A,899900.0,3,8,161,25.69859,-80.39566,False,,1459157.142857143,7,420.5734234545124
43837956,1478 NW 1st St APT 304,Miami,FL,33125,179000,CONDO,540.0,,1,1,1973.0,52,489.0,,,0.0,False,,,N/A,1250.0,3,3,92,25.77409,-80.21951,False,4.0,150816.66666666666,6,250.09924534434342
43834586,601 NW 61st Ave,Miami,FL,33126,555000,SINGLE_FAMILY,1413.0,4878.0,3,2,1954.0,71,,,,,False,,,N/A,,3,6,127,25.777052,-80.29525,False,,520675.0,8,407.72524809973606
43849472,3531 SW 10th St #5B,Miami,FL,33135,198000,CONDO,580.0,,1,1,1949.0,76,295.0,,,0.0,False,,,N/A,,3,6,260,25.762737,-80.2525,False,2.0,233266.66666666666,6,345.98850574712645
43864677,491 SW 22nd Rd,Miami,FL,33129,2790000,SINGLE_FAMILY,3680.0,6616.0,5,5,1975.0,50,,,,0.0,False,True,,N/A,552500.0,3,7,82,25.760187,-80.20645,False,,1286900.0,7,687.8108771494533
70775186,498 SW 2nd St #2C,Miami,FL,33130,315000,CONDO,962.0,,2,2,2007.0,18,470.0,,,1.0,True,,,N/A,230000.0,3,3,27,25.771736,-80.20237,False,4.0,304533.3333333333,6,302.84022552755266
43862033,2901 S Bayshore Dr APT 13F,Miami,FL,33133,1799000,CONDO,1587.0,,3,2,1975.0,50,1985.0,Updated/Remodeled,,1.0,True,,,N/A,1125000.0,3,9,76,25.727736,-80.23948,False,18.0,1101187.5,8,823.6209597002882
44306891,10110 SW 117th Ct,Miami,FL,33186,615000,SINGLE_FAMILY,1622.0,3011.0,3,3,1988.0,37,194.0,,,1.0,True,,,N/A,142000.0,3,9,22,25.674198,-80.38576,False,,600937.5,8,74514.07262641072
63830998,455 NE 25th St APT 401,Miami,FL,33137,385000,CONDO,822.0,,1,2,2004.0,21,,,,1.0,True,,,N/A,235000.0,3,6,15,25.801218,-80.18743,False,30.0,293106.25,8,343.5112301587212
44279115,11580 SW 92nd St,Miami,FL,33176,1049000,SINGLE_FAMILY,2529.0,8577.0,4,2,1981.0,44,,,,0.0,False,,,N/A,360000.0,3,9,70,25.682976,-80.38237,False,,719014.25,4,366.32279424803727
44224844,6225 Snapper Creek Dr,Miami,FL,33143,6970000,SINGLE_FAMILY,6227.0,0.37649219467401,6,8,2025.0,0,,New Construction,,2.0,True,True,,N/A,1200000.0,3,9,47,25.692337,-80.29356,False,,2325583.3333333335,6,849.2546828501803
44276805,9030 SW 92nd Ct,Miami,FL,33176,1700000,SINGLE_FAMILY,3005.0,0.27164830119376,4,3,1990.0,35,,,,2.0,True,True,,N/A,345000.0,3,7,14,25.685392,-80.34461,False,,1593233.3333333333,6,500.64443215946335
44216642,7480 SW 114th Pl,Miami,FL,33173,648000,SINGLE_FAMILY,1916.0,4747.0,4,2,1987.0,38,63.0,,,1.0,True,,,N/A,218000.0,3,7,91,25.697935,-80.380005,False,,592653.5,8,336.5443787689727
43830359,465 NE 52nd St,Miami,FL,33137,1859000,SINGLE_FAMILY,1555.0,8250.0,3,2,1947.0,78,,,,5.0,True,True,,N/A,163000.0,3,7,77,25.823921,-80.1851,False,,1972428.5714285714,7,1069.312878443394
44343164,11900 SW 171st Ter,Miami,FL,33177,719000,SINGLE_FAMILY,1470.0,8659.0,4,3,1967.0,58,,,,0.0,False,True,,N/A,525000.0,3,5,212,25.608881,-80.385765,False,,577625.0,8,392.0564008070344
44306821,10073 SW 117th Ct,Miami,FL,33186,620000,SINGLE_FAMILY,1818.0,3527.0,4,3,1988.0,37,198.0,,,1.0,True,,,N/A,312000.0,3,9,54,25.674473,-80.38448,False,,564099.375,8,355.16617731406944
63830982,1999 NW 5th Pl APT 14,Miami,FL,33136,300000,TOWNHOUSE,1026.0,,3,2,1973.0,52,430.0,Updated/Remodeled,,0.0,False,,,N/A,75000.0,3,3,69,25.7949,-80.20416,False,2.0,177566.33333333334,3,168.44193365982298
44276169,9425 SW 94th Ct,Miami,FL,33176,3250000,SINGLE_FAMILY,4339.0,0.89699265381084,4,5,2014.0,11,,,,3.0,True,True,,N/A,360000.0,3,7,30,25.681458,-80.348015,False,,1878342.857142857,7,566.0520722622152
44275886,7888 SW 102nd Ln,Miami,FL,33156,560000,TOWNHOUSE,1348.0,,3,3,1996.0,29,654.0,,,2.0,True,,,N/A,250000.0,3,7,85,25.67482,-80.32268,False,2.0,438762.5,8,394.4945088598828
43997676,5231 SW 65th Ave,South Miami,FL,33155,1899000,SINGLE_FAMILY,2070.0,9628.0,3,3,1968.0,57,,,,1.0,True,True,,N/A,550000.0,3,8,223,25.721773,-80.30013,False,,1100457.142857143,7,619.0986996569756
441782851,1643 Brickell Ave #PENTHOUSE 4901,Miami,FL,33129,18000000,CONDO,10000.0,,4,11,1997.0,28,,,,4.0,True,,,N/A,,3,7,289,25.755514,-80.195015,False,51.0,1505562.5,8,506.1548564719768
43821510,3320 NW 16th St,Miami,FL,33125,640000,SINGLE_FAMILY,1030.0,5400.0,3,2,1949.0,76,,,,0.0,False,,,N/A,450000.0,3,4,14,25.788605,-80.25054,False,,561000.0,7,390.30319963501495
44287197,10704 SW 133rd Ter,Miami,FL,33176,1595000,SINGLE_FAMILY,2306.0,0.39118457300275,4,2,1976.0,49,,,Ranch,2.0,True,True,,N/A,850000.0,3,8,41,25.644861,-80.3673,False,,1087842.857142857,7,407.25063165080866
43866627,32 SW 23rd Rd,Miami,FL,33129,2599000,SINGLE_FAMILY,2413.0,7182.0,3,4,1935.0,90,,,Old Spanish,0.0,False,True,,N/A,2300000.0,3,7,30,25.753736,-80.20307,False,,1300075.0,4,2129.060916616865
82069654,18302 SW 152nd Ct,Miami,FL,33187,845000,SINGLE_FAMILY,2567.0,6300.0,5,3,2013.0,12,,,,4.0,True,True,,N/A,319900.0,3,7,253,25.596481,-80.43884,False,,730133.3333333334,6,331.0049249610448
44265624,8450 SW 154th Circle Ct APT 207,Miami,FL,33193,395000,CONDO,1850.0,,3,3,1980.0,45,635.0,,,0.0,False,,,N/A,210000.0,3,9,167,25.68768,-80.44316,False,2.0,355760.0,5,207.05886254352512
2077659829,5753 SW 31st St,Miami,FL,33155,4299000,SINGLE_FAMILY,3848.0,10050.0,5,6,2022.0,3,,,,2.0,True,True,,N/A,2400000.0,3,8,100,25.742367,-80.288086,False,,1046901.25,8,522.0941610585808
2054770051,302 Biscayne Boulevard Way PENTHOUSE 5901,Miami,FL,33131,23000000,APARTMENT,12843.0,,4,8,,N/A,,,,,True,True,False,N/A,,3,6,501,25.770937,-80.188866,False,,16360920.0,5,1725.979186691753
43844735,5531 SW 5th St,Miami,FL,33134,649900,SINGLE_FAMILY,1085.0,5200.0,3,1,1947.0,78,,,,0.0,False,,,N/A,95000.0,3,6,9,25.766798,-80.284676,False,,594362.5,8,418.89959225744394
43855515,2360 Tequesta Ln,Miami,FL,33133,4999000,SINGLE_FAMILY,3947.0,6875.0,4,5,2025.0,0,,New Construction,,1.0,True,True,,N/A,625000.0,3,9,97,25.739973,-80.233055,False,,1598575.0,8,885.077659006441
87937848,8565 SW 116th St,Miami,FL,33156,6250000,SINGLE_FAMILY,8282.0,1.1,6,8,2008.0,17,,,Mediterranean,3.0,True,True,,N/A,375000.0,3,10,58,25.662653,-80.33413,False,,1773471.4285714286,7,625.6174132337544
44305608,9512 SW 118th Pl,Miami,FL,33186,959000,SINGLE_FAMILY,1941.0,9185.0,4,2,1986.0,39,,,,2.0,True,True,,N/A,330000.0,3,9,33,25.679646,-80.388214,False,,908275.0,8,395.82016273720365
43809032,1651 NW 68th Ter,Miami,FL,33147,450000,SINGLE_FAMILY,1232.0,4320.0,4,2,1961.0,64,,,,4.0,True,,,N/A,205000.0,3,6,5,25.836739,-80.22489,False,,315200.0,3,268.11683068283037
44203387,9025 SW 56th St,Miami,FL,33165,1100000,SINGLE_FAMILY,2601.0,0.32708907254362,6,5,1955.0,70,,,,0.0,False,,,N/A,600000.0,3,8,12,25.716755,-80.34157,False,,777100.0,7,484.0013948021142
54695843,12015 SW 14th St APT 316-C,Miami,FL,33184,359000,CONDO,1084.0,,3,2,1998.0,27,361.0,,,0.0,False,,,N/A,242000.0,3,9,22,25.756012,-80.39006,False,3.0,318066.6666666667,3,288.74371065610393
44328283,14802 SW 156th Ave,Miami,FL,33196,599900,SINGLE_FAMILY,1468.0,4701.0,3,2,1994.0,31,79.0,,,1.0,True,True,,N/A,115000.0,3,9,42,25.628561,-80.44642,False,,607825.0,8,343.32809132086743
44329268,14300 SW 155th Ct,Miami,FL,33196,658500,SINGLE_FAMILY,1622.0,5091.0,4,2,2002.0,23,96.0,,,0.0,False,,,N/A,560000.0,3,9,2,25.633968,-80.44588,False,,657662.5,8,327.4255229750032
43847505,2978 SW 14th St,Miami,FL,33145,895000,SINGLE_FAMILY,2027.0,6900.0,4,2,1937.0,88,,,,2.0,True,,,N/A,880000.0,3,6,43,25.759243,-80.24222,False,,817280.0,5,442.891104675498
44183126,7860 SW 17th St,Miami,FL,33155,850000,SINGLE_FAMILY,2028.0,7500.0,5,3,1957.0,68,,,Mediterranean,4.0,True,True,,N/A,630000.0,3,8,27,25.75433,-80.32301,False,,640316.5,8,398.3686544591295
82066924,1021 NW 3rd St APT 305,Miami,FL,33128,185000,CONDO,615.0,,2,1,1930.0,95,215.0,,,0.0,False,,,N/A,175000.0,3,3,36,25.7768,-80.212,False,3.0,91649.875,8,197.09650537634406
43824564,810 NW 17th Ct,Miami,FL,33125,515000,SINGLE_FAMILY,1435.0,5913.0,4,2,1939.0,86,,New Construction,,0.0,False,,,N/A,,3,3,413,25.780926,-80.22361,False,,553462.5,8,343.70708838072613
44207849,6530 SW 45th St,Miami,FL,33155,999000,SINGLE_FAMILY,1892.0,0.25137741046832,5,3,1952.0,73,,,,0.0,False,,,N/A,700000.0,3,8,91,25.728546,-80.30157,False,,802228.5714285715,7,612.0430901213284
43821682,3240 NW 18th St,Miami,FL,33125,600000,SINGLE_FAMILY,1976.0,7480.0,3,2,1950.0,75,,,,0.0,False,,,N/A,325000.0,3,4,91,25.79085,-80.248825,False,,606023.8571428572,7,353.4365240361668
44224693,8000 SW 62nd Ct,Miami,FL,33143,4500000,SINGLE_FAMILY,5501.0,9750.0,7,8,2024.0,1,,New Construction,Modern/Contemporary,2.0,True,True,,N/A,775000.0,3,9,49,25.69639,-80.294174,False,,1414062.5,8,696.5391248244437
54692505,104 SW 9th Street #1403,Miami,FL,33130,575000,CONDO,1050.0,0.0,3,2,1999.0,26,389.0,Resale,,1.0,True,,,N/A,87000.0,3,7,63,25.765038,-80.19591,False,14.0,325116.6666666667,6,343.86742424242425
43814365,30 NE 50th St,Miami,FL,33137,2799000,SINGLE_FAMILY,2870.0,5250.0,5,5,2025.0,0,,New Construction,Modern/Contemporary,1.0,True,True,,N/A,500000.0,3,5,101,25.821142,-80.19516,False,,968800.0,7,554.8648087549666
92451116,1060 Brickell Ave APT 1811,Miami,FL,33131,550000,CONDO,1088.0,,2,2,2008.0,17,1428.0,,,1.0,True,,,N/A,350000.0,3,7,2,25.763138,-80.19179,False,45.0,291361.1111111111,9,236.48236791098577
44300264,17741 SW 112th Ave,Miami,FL,33157,689900,SINGLE_FAMILY,1496.0,8132.0,3,2,1963.0,62,,,,1.0,True,True,,N/A,497500.0,3,5,5,25.603624,-80.37276,False,,582350.0,8,314.8008407793609
44298177,16331 SW 104th Ave,Miami,FL,33157,600000,SINGLE_FAMILY,1549.0,7600.0,3,2,1974.0,51,,,,1.0,True,True,,N/A,,3,7,159,25.617292,-80.36136,False,,560137.375,8,359.4270433096409
2108789406,200 Biscayne Blvd Way APT 5402,Miami,FL,33131,4800000,CONDO,4310.0,,3,6,2008.0,17,,,,3.0,True,,,N/A,,3,6,65,25.77043,-80.18916,False,54.0,966687.5,8,686.758432042722
44239342,12444 SW 27th St,Miami,FL,33175,749900,SINGLE_FAMILY,2187.0,9000.0,5,3,1968.0,57,,,,0.0,False,,,N/A,132000.0,3,6,43,25.743149,-80.39699,False,,693650.0,8,425.9093938764621
44300979,10714 SW 175th Ter,Miami,FL,33157,769900,SINGLE_FAMILY,2983.0,0.36157024793388,4,3,1974.0,51,,,Ranch,2.0,True,True,,N/A,415000.0,3,5,146,25.605871,-80.36535,False,,597966.6666666666,6,344.68581105182807
70765927,16344 SW 44th Way,Miami,FL,33185,539999,TOWNHOUSE,1430.0,,3,3,2007.0,18,65.0,,,1.0,True,,,N/A,244000.0,3,8,55,25.722286,-80.45845,False,2.0,527620.0,5,335.820184289983
43856619,1950 SW 24th Ter,Miami,FL,33145,1290000,SINGLE_FAMILY,1797.0,7150.0,3,2,1938.0,87,,,,0.0,False,,,N/A,785000.0,3,6,159,25.746315,-80.226974,True,,874957.2857142857,7,537.4965773832363
446690258,2649 SE 10th St #1,Homestead,FL,33035,499000,TOWNHOUSE,,,4,3,2022.0,3,,New Construction,,0.0,False,,,N/A,,3,7,98,25.76168,-80.19179,False,2.0,1062500.0,2,471.68854788147155
43847812,1971 SW 33rd Ave,Miami,FL,33145,989000,SINGLE_FAMILY,2331.0,6000.0,4,3,1949.0,76,,,,0.0,False,,,N/A,170000.0,3,9,141,25.752783,-80.24903,False,,797433.3333333334,6,509.3244955864723
247679361,1600 SW 1st Ave APT 1104,Miami,FL,33129,540000,CONDO,912.0,,2,2,2016.0,9,1279.0,New Construction,,1.0,True,,,N/A,452000.0,3,7,166,25.759352,-80.19761,True,12.0,419155.55555555556,9,520.487826781045
44262805,15763 SW 74th Ln,Miami,FL,33193,620000,SINGLE_FAMILY,1434.0,4920.0,4,2,1994.0,31,70.0,,Other,2.0,True,,,N/A,500000.0,3,9,34,25.69661,-80.44737,False,,666012.5,8,311.062789099783
44206371,6720 SW 48th St,Miami,FL,33155,1995000,SINGLE_FAMILY,2750.0,0.26342975206612,4,3,1953.0,72,,,,0.0,False,True,,N/A,1700000.0,3,8,71,25.725641,-80.30328,False,,958933.625,8,489.6206826564271
2059103342,112 SW 11th Ave,Miami,FL,33130,1550000,MULTI_FAMILY,3320.0,,8,4,1971.0,54,,Updated/Remodeled,,,False,,,N/A,800000.0,3,3,7,25.772291,-80.213165,False,2.0,,0,
44266376,15481 SW 81st Circle Ln APT 76,Miami,FL,33193,290000,CONDO,1258.0,,2,2,1981.0,44,299.0,,,0.0,False,,,N/A,165000.0,3,9,27,25.691603,-80.44368,False,2.0,270214.28571428574,7,281.18853177360387
448037482,11509 SW 84th Ln #11509,Miami,FL,33173,669900,TOWNHOUSE,1580.0,,3,2,1980.0,45,240.0,,,1.0,True,,,N/A,,3,9,43,25.689753,-80.380325,False,1.0,508457.14285714284,7,323.9960884416656
44163947,12662 NW 8th Trl,Miami,FL,33182,559000,SINGLE_FAMILY,1690.0,3022.0,4,3,1990.0,35,59.0,,,0.0,False,,,N/A,94900.0,3,9,198,25.777552,-80.40011,False,,576237.5,8,339.40430836612234
60798017,12362 SW 122nd St,Miami,FL,33186,595000,TOWNHOUSE,2074.0,,4,3,2003.0,22,325.0,,,1.0,True,,,N/A,286500.0,3,8,5,25.654589,-80.39478,False,2.0,542700.0,6,268.40965411221134
43827700,7331 Belle Meade Island Dr,Miami,FL,33138,11499000,SINGLE_FAMILY,3612.0,0.35984848484848,4,4,1954.0,71,,,,2.0,True,True,,N/A,2685000.0,3,7,57,25.843132,-80.174065,False,,5348499.5,6,1211.612356901974
44287691,13520 SW 116th Ct,Miami,FL,33176,525000,SINGLE_FAMILY,1212.0,4895.0,3,2,1987.0,38,150.0,,,1.0,True,,,N/A,275000.0,3,8,100,25.642931,-80.38201,False,,483813.375,8,383.92052681996324
43869108,1915 Brickell Ave APT C408,Miami,FL,33129,1050000,CONDO,2124.0,,3,3,1980.0,45,2300.0,,,1.0,True,,,N/A,925000.0,3,7,8,25.753952,-80.197586,False,18.0,512337.5,8,395.4503946455684
44209153,7100 SW 56th St,Miami,FL,33143,1699000,SINGLE_FAMILY,3645.0,0.375,5,4,1954.0,71,,,,2.0,True,True,,N/A,336000.0,3,8,244,25.717798,-80.30936,False,,1103933.3333333333,6,485.11155558185715
44276245,8701 SW 97th Ter,Miami,FL,33176,4700000,SINGLE_FAMILY,5761.0,0.80399449035813,7,6,2010.0,15,,,,3.0,True,True,,N/A,4000000.0,3,7,127,25.679619,-80.33578,False,,2275187.5,8,613.6510349377245
44266871,15699 SW 73rd Circle Ter APT 19,Miami,FL,33193,258900,CONDO,825.0,,2,2,1982.0,43,380.0,,,0.0,False,,,N/A,142500.0,3,7,27,25.697172,-80.44627,False,2.0,273650.0,6,283.01868686868687
43840591,3071 SW 2nd St,Miami,FL,33135,645000,MULTI_FAMILY,1301.0,,4,4,1930.0,95,,,Other,,False,,,N/A,200000.0,3,6,119,25.77045,-80.24511,False,1.0,765050.0,4,348.38452274162506
252192382,510 NE 52nd St,Miami,FL,33137,4500000,SINGLE_FAMILY,0.0,5500.0,4,5,2025.0,0,,New Construction,,1.0,True,True,,N/A,1100000.0,3,7,1,25.823526,-80.18413,False,,2003471.4285714286,7,936.6501848497891
44291002,10301 SW 144th St,Miami,FL,33176,1250000,SINGLE_FAMILY,3473.0,0.38696051423324,5,4,1980.0,45,,Updated/Remodeled,,2.0,True,True,,N/A,325000.0,3,8,203,25.636574,-80.36066,False,,1232586.5,8,359.9537336261261
2072962180,10925 SW 218th Ter,Miami,FL,33170,685000,SINGLE_FAMILY,2009.0,7500.0,4,3,2022.0,3,,,Modern/Contemporary,0.0,False,,,N/A,530000.0,3,5,97,25.564402,-80.36883,False,,482775.0,8,374.24986943515455
44290863,10401 SW 139th St,Miami,FL,33176,1590000,SINGLE_FAMILY,3041.0,0.34435261707989,4,3,1987.0,38,,,,2.0,True,True,,N/A,1250000.0,3,8,33,25.640524,-80.36263,False,,1361300.0,8,395.0793828194003
44334336,15835 SW 144th Ct,Miami,FL,33177,649900,SINGLE_FAMILY,1785.0,4675.0,4,2,1991.0,34,,,,1.0,True,,,N/A,625000.0,3,9,41,25.619783,-80.42694,False,,592528.5714285715,7,357.00109385282514
155728437,1706 NW 69th St,Miami,FL,33147,350000,SINGLE_FAMILY,966.0,3512.0,3,2,2011.0,14,,,,0.0,False,,,N/A,98600.0,3,6,93,25.837034,-80.22533,False,,277833.3333333333,6,345.9662197557993
43856111,1740 S Bayshore Ln,Miami,FL,33133,10250000,SINGLE_FAMILY,7335.0,0.2824839302112,9,12,1990.0,35,,,,2.0,True,True,,N/A,1794500.0,3,9,72,25.738083,-80.22064,False,,5835800.0,4,1306.2472140461875
44183576,8631 SW 16th Ter,Miami,FL,33155,995000,SINGLE_FAMILY,2218.0,8650.0,4,3,1958.0,67,,,,0.0,False,True,,N/A,430000.0,3,8,80,25.754417,-80.335625,False,,733700.0,8,407.3181541023099
43859906,3761 SW 27th Ter,Miami,FL,33134,980000,SINGLE_FAMILY,1536.0,6840.0,4,2,1947.0,78,,,,,False,,,N/A,450000.0,3,6,58,25.740576,-80.25557,False,,,0,
43824960,1800 NW 24th Ave APT 911,Miami,FL,33125,409000,CONDO,1229.0,,3,2,1974.0,51,,Updated/Remodeled,,1.0,True,,,N/A,220000.0,3,3,117,25.79107,-80.23584,False,9.0,259000.0,9,326.45084505663135
59762640,13000 SW 136th Ter,Miami,FL,33186,1124900,SINGLE_FAMILY,2388.0,8696.0,4,4,2002.0,23,125.0,,,2.0,True,True,,N/A,438000.0,3,8,15,25.640831,-80.40473,False,,824934.875,8,356.4338225965075
43866772,335 SW 25th Rd,Miami,FL,33129,1295000,SINGLE_FAMILY,1347.0,6858.0,2,1,1939.0,86,,,,1.0,True,,,N/A,265000.0,3,7,47,25.756866,-80.20759,False,,1213162.5,8,641.0592262788107
92438316,1050 Brickell Ave APT 2416,Miami,FL,33131,509000,CONDO,1128.0,,1,2,2008.0,17,,"Updated/Remodeled,Completely Renovated",,1.0,True,,,N/A,370000.0,3,7,111,25.763319,-80.19184,False,47.0,212471.42857142858,7,279.61887505554336
92444301,90 SW 3rd St APT 1112,Miami,FL,33130,375000,CONDO,814.0,,1,1,2008.0,17,869.0,,,1.0,True,,,N/A,270000.0,3,6,323,25.770365,-80.19521,False,45.0,777666.6666666666,6,548.7480686416703
82067175,133 NE 2nd Ave APT 912,Miami,FL,33132,450000,CONDO,1036.0,,2,2,2007.0,18,966.0,,,1.0,True,True,,N/A,405000.0,3,6,34,25.775953,-80.19019,False,36.0,283222.5,8,376.3276536344797
60113513,6620 SW 164th Ave,Miami,FL,33193,979000,SINGLE_FAMILY,2528.0,6001.0,5,3,2002.0,23,40.0,,,2.0,True,True,,N/A,350000.0,3,9,47,25.703669,-80.45901,False,,883275.0,8,314.036678488471
44194213,2901 SW 92nd Ave,Miami,FL,33165,841400,SINGLE_FAMILY,1704.0,7950.0,5,3,1959.0,66,,,,0.0,False,,,N/A,668000.0,3,8,317,25.742605,-80.34347,False,,711237.5,8,444.5655681823815
43850972,2444 SW 21st St,Miami,FL,33145,759900,SINGLE_FAMILY,877.0,5000.0,2,1,1939.0,86,,,,1.0,True,,,N/A,501500.0,3,6,19,25.751778,-80.23518,False,,707106.8571428572,7,494.2825468542117
43860327,3701 Solana Rd,Miami,FL,33133,3150000,SINGLE_FAMILY,2823.0,5850.0,3,3,1987.0,38,,Updated/Remodeled,,2.0,True,True,,N/A,875000.0,3,9,68,25.72172,-80.25774,False,,2303180.0,5,945.4081933129248
